timestamp,volume,open,high,low,close,chg,percent,turnoverrate,amount,volume_post,amount_post,pe,pb,ps,pcf,market_capital,balance,hold_volume_cn,hold_ratio_cn,net_volume_cn,hold_volume_hk,hold_ratio_hk,net_volume_hk
2020-09-24,16119215,17.6292,19.5686,17.6118,17.8727,12.0152,205.13,67.46,674477211,4780,196458,48.5366,6.2561,8.8449,50.7248,4110000000,9639969,,,,,,
2020-09-25,15794778,17.8292,21.1428,16.7595,18.4119,0.5392,3.02,65.6,692871059,5100,215934,50.0009,6.4448,9.1117,52.2552,4234000000,23545761,,,,,,
2020-09-28,11643667,16.9595,18.0205,16.0898,16.8725,-1.5394,-8.36,48.14,455694579,900,34920,45.8204,5.906,8.3499,47.8862,3880000000,28387462,,,,,,
2020-09-29,10373912,16.4811,16.9856,15.0809,15.1026,-1.7699,-10.49,42.81,376248868,5200,180596,41.014,5.2865,7.474,42.8631,3473000000,35848278,,,,,,
2020-09-30,7718890,14.9417,15.9376,14.7852,14.7982,-0.3044,-2.02,31.55,271118835,3200,108896,39.1193,4.9862,6.8769,42.0435,3403000000,34409305,,,,,,
2020-10-09,9632504,15.1287,16.5942,14.8374,16.1767,1.3785,9.32,40.13,345861084,1700,63240,42.7633,5.4507,7.5175,45.96,3720000000,56305322,,,,,,
2020-10-12,10427164,16.5899,17.9814,16.3507,17.0334,0.8567,5.3,43.65,405674489,1700,66589,45.028,5.7393,7.9156,48.3939,3917000000,86342073,,,,,,
2020-10-13,10937769,16.7116,17.7422,16.2289,17.7422,0.7088,4.16,44.94,423815166,6600,269280,46.9017,5.9781,8.245,50.4077,4080000000,60972085,,,,,,
2020-10-14,13649139,17.4726,21.2907,17.2465,21.2907,3.5485,20,57.45,582032947,15100,739296,56.2821,7.1738,9.894,60.4893,4896000000,43924884,,,,,,
2020-10-15,12836655,22.6605,25.5479,22.6605,25.5479,4.2572,20,54.03,707280119,2100,123375,67.5362,8.6082,11.8724,72.5847,5875000000,74177572,,,,,,
2020-10-16,16884228,25.2218,26.6351,22.9953,23.0475,-2.5004,-9.79,69.37,957661176,14500,768500,60.9263,7.7657,10.7104,65.4806,5300000000,69813437,,,,,,
2020-10-19,14071407,22.2691,25.3523,22.2691,24.3521,1.3046,5.66,58.51,776833458,1200,67200,64.3749,8.2053,11.3167,69.1871,5600000000,78618776,,,,,,
2020-10-20,15162437,23.8303,29.2225,22.6996,29.2225,4.8704,20,63.87,883713554,300,20160,77.2499,9.8464,13.58,83.0245,6720000000,74552867,,,,,,
2020-10-21,14189351,27.4004,28.8485,26.235,26.6699,-2.5526,-8.74,59.05,894190510,3500,214655,70.502,8.9863,12.3938,75.7722,6133000000,77992505,,,,,,
2020-10-22,11323819,25.6567,27.944,25.1218,25.6219,-1.048,-3.93,47.21,692632584,1500,88380,67.7316,8.6331,11.9068,72.7947,5892000000,85794105,,,,,,
2020-10-23,10061836,25.1,27.831,24.8565,26.3524,0.7305,2.85,41.94,612420969,3900,236340,69.6629,8.8793,12.2463,74.8703,6060000000,77797588,,,,,,
2020-10-26,7835872,26.0915,26.0915,23.6998,25.5697,-0.7827,-2.97,32.41,450432843,2400,141120,67.5937,8.6156,11.8825,72.6464,5880000000,81902283,,,,,,
2020-10-27,7175050,24.7869,25.4392,23.6302,24.3956,-1.1741,-4.59,29.66,403275305,2000,112200,64.4899,8.22,11.3369,69.3106,5610000000,87220818,,,,,,
2020-10-28,10053905,24.7913,27.4483,24.7869,25.748,1.3524,5.54,41.7,601189676,2900,171709,68.065,8.6756,11.9654,73.153,5921000000,82697937,,,,,,
2020-10-29,8399870,24.8087,26.5264,24.2912,25.5088,-0.2392,-0.93,34.85,493407600,2600,152516,67.4327,8.595,11.8542,72.4735,5866000000,79187232,,,,,,
2020-10-30,7452340,26.0915,26.2176,23.3084,23.5911,-1.9177,-7.52,30.89,416562538,2900,157325,62.3632,7.9489,10.963,67.025,5425000000,68850370,,,,,,
2020-11-02,6913153,23.2606,24.7348,22.7953,23.465,-0.1261,-0.53,28.75,376988474,200,10792,62.0298,7.9064,10.9044,66.6667,5396000000,71965153,,,,,,
2020-11-03,6077385,23.9172,24.1868,22.2256,23.0692,-0.3958,-1.69,25.1,321047005,1000,53050,60.9838,7.7731,10.7205,65.5424,5305000000,75927511,,,,,,
2020-11-04,6327952,22.7301,23.7302,21.9604,21.9778,-1.0914,-4.73,26.17,331872994,1300,65702,58.0984,7.4053,10.2133,62.4413,5054000000,71206005,,,,,,
2020-11-05,8947580,22.1952,24.2129,22.1908,23.9303,1.9525,8.88,36.93,481505690,1400,77042,63.2599,8.0632,11.1207,67.9887,5503000000,65630074,,,,,,
2020-11-06,6896172,23.7346,23.9564,21.9691,22.4387,-1.4916,-6.23,28.63,362293963,700,36120,59.3169,7.5606,10.4275,63.751,5160000000,67475798,,,,,,
2020-11-09,5714817,22.6126,23.2649,21.6821,23.0692,0.6305,2.81,23.61,296434508,2600,137930,60.9838,7.7731,10.7205,65.5424,5305000000,69010293,,,,,,
2020-11-10,4856704,22.8344,22.9866,21.7429,21.9343,-1.1349,-4.92,20.21,246785723,1900,95836,57.9834,7.3906,10.1931,62.3178,5044000000,71282726,,,,,,
2020-11-11,3716232,21.9169,22.3952,21.482,21.7429,-0.1914,-0.87,15.42,187625533,700,35000,57.4776,7.3262,10.1042,61.7742,5000000000,71485058,,,,,,
2020-11-12,4041854,21.395,21.5646,20.4557,20.5819,-1.161,-5.34,16.73,194723417,600,28398,54.4083,6.9349,9.5646,58.4754,4733000000,66693911,,,,,,
2020-11-13,3886195,20.7515,21.6516,20.6949,21.0341,0.4522,2.2,16.16,189653148,100,4837,55.6038,7.0873,9.7748,59.7603,4837000000,63963549,,,,,,
2020-11-16,3341023,20.5253,21.2602,20.147,21.1428,0.1087,0.52,13.94,159741797,400,19448,55.8912,7.124,9.8253,60.0692,4862000000,62691326,,,,,,
2020-11-17,8220831,21.1341,23.5259,21.1037,22.6257,1.4829,7.01,34.33,428262256,400,20812,59.8112,7.6236,10.5144,64.2822,5203000000,61634129,,,,,,
2020-11-18,5249964,22.4213,23.1562,21.8777,22.0473,-0.5784,-2.56,21.87,269622095,,,58.2823,7.4287,10.2456,62.639,5070000000,66207568,,,,,,
2020-11-19,6534526,22.2691,23.4563,22.2691,22.704,0.6567,2.98,27.14,343909179,3200,167072,60.0181,7.65,10.5508,64.5046,5221000000,64573131,,,,,,
2020-11-20,7144531,22.156,23.6998,21.6603,22.9866,0.2826,1.24,29.72,376718935,1900,100434,60.7653,7.7452,10.6821,65.3077,5286000000,63120931,,,,,,
2020-11-23,5036571,22.5735,22.9084,21.7777,22.2865,-0.7001,-3.05,20.95,256367947,1000,51250,58.9146,7.5093,10.3568,63.3185,5125000000,72568921,,,,,,
2020-11-24,6013538,22.5692,23.9607,22.2865,22.2909,0.0044,0.02,25.06,318729014,2000,102520,58.9261,7.5108,10.3588,63.3309,5126000000,69639235,,,,,,
2020-11-25,5211160,21.9604,22.2648,20.8732,21.0646,-1.2263,-5.5,21.75,258324021,900,43596,55.6843,7.0976,9.7889,59.8468,4844000000,64677432,,,,,,
2020-11-26,4094804,20.8863,20.8993,19.7904,20.0905,-0.9741,-4.62,16.94,189776710,500,23100,53.1093,6.7694,9.3363,57.0793,4620000000,64804884,,,,,,
2020-11-27,2853458,20.0818,20.434,19.7904,20.1557,0.0652,0.32,11.82,131791185,300,13905,53.2818,6.7913,9.3666,57.2647,4635000000,61512265,,,,,,
2020-11-30,2549157,20.134,20.2427,19.5904,19.5904,-0.5653,-2.8,10.37,116177810,1100,49555,51.7873,6.6009,9.1039,55.6585,4505000000,60461720,,,,,,
2020-12-01,2626625,19.4817,20.1079,19.286,19.8556,0.2652,1.35,10.87,119812885,,,52.4886,6.6902,9.2271,56.4122,4566000000,67758843,,,,,,
2020-12-02,3581754,19.9991,20.5949,19.473,20.5471,0.6915,3.48,14.64,164614041,1300,61425,54.3163,6.9232,9.5485,58.3766,4725000000,63859560,,,,,,
2020-12-03,2817303,20.134,20.3731,19.8252,19.9296,-0.6175,-3.01,11.69,130109800,400,18332,52.684,6.7152,9.2615,56.6222,4583000000,63869605,,,,,,
2020-12-04,2470415,19.7165,19.9513,19.4208,19.4817,-0.4479,-2.25,10.12,111302440,600,26880,51.4999,6.5642,9.0533,55.3497,4480000000,62906945,,,,,,
2020-12-07,2678333,19.4382,19.7774,18.9077,18.9163,-0.5654,-2.9,10.91,118676736,300,13050,50.0055,6.3738,8.7906,53.7435,4350000000,62655813,,,,,,
2020-12-08,2636946,19.0033,19.7469,18.9294,19.2208,0.3045,1.61,10.96,117225446,300,13260,50.8102,6.4763,8.9321,54.6084,4420000000,62684392,,,,,,
2020-12-09,2691192,18.9859,19.2642,18.625,18.7641,-0.4567,-2.38,11.12,116982594,,,49.6032,6.3225,8.7199,53.3111,4315000000,61287159,,,,,,
2020-12-10,2311570,18.5772,19.0207,18.4076,18.5902,-0.1739,-0.93,9.52,99442944,,,49.1434,6.2639,8.6391,52.8169,4275000000,58561563,,,,,,
2020-12-11,9719319,18.6728,22.1778,18.6728,20.9645,2.3743,12.77,40.45,462557352,594,28636,55.4199,7.0639,9.7425,59.5627,4821000000,67700044,,,,,,
2020-12-14,6798706,20.5601,21.1472,19.7382,20.5471,-0.4174,-1.99,28.34,317675614,2200,103950,54.3163,6.9232,9.5485,58.3766,4725000000,71887576,,,,,,
2020-12-15,4225235,20.4992,20.5471,19.573,19.573,-0.9741,-4.74,17.29,193195766,1500,67515,51.7414,6.595,9.0958,55.6091,4501000000,73925930,,,,,,
2020-12-16,4009863,19.3816,19.7426,18.2641,18.2641,-1.3089,-6.69,16.34,173045197,1200,50400,48.2812,6.154,8.4875,51.8903,4200000000,61507929,,,,,,
2020-12-17,3244464,17.9553,18.7337,17.9162,18.2684,0.0043,0.02,13.31,137053162,1000,42010,48.2927,6.1554,8.4895,51.9027,4201000000,59978257,,,,,,
2020-12-18,3960850,18.1771,19.6034,18.0684,18.5641,0.2957,1.62,16.42,171322843,,,49.0744,6.2551,8.6269,52.7428,4269000000,59607307,,,,,,
2020-12-21,4279634,18.6033,19.5034,18.2641,19.0077,0.4436,2.39,17.88,184730034,1000,43710,50.2469,6.4045,8.8331,54.003,4371000000,60937654,,,,,,
2020-12-22,3546756,18.9163,18.9163,17.6987,17.8814,-1.1263,-5.93,14.71,148935743,,,47.2696,6.025,8.3097,50.8031,4112000000,59843573,,,,,,
2020-12-23,2772801,17.8249,18.3162,17.3987,17.4944,-0.387,-2.16,11.41,113497933,1000,40230,46.2465,5.8946,8.1298,49.7035,4023000000,60031333,,,,,,
2020-12-24,3125104,17.3987,17.5857,16.4724,16.5812,-0.9132,-5.22,12.97,121005724,,,43.8324,5.5869,7.7054,47.109,3813000000,56046978,,,,,,
2020-12-25,2099272,16.5029,16.8943,16.4855,16.5899,0.0087,0.05,8.62,80453099,300,11445,43.8554,5.5899,7.7095,47.1337,3815000000,56203383,,,,,,
2020-12-28,2709678,16.5246,17.3422,16.5246,16.7855,0.1956,1.18,11.26,105189542,,,44.3727,5.6558,7.8004,47.6897,3860000000,58396204,,,,,,
2020-12-29,2430760,16.829,17.2943,16.3855,16.4377,-0.3478,-2.07,10.09,94468153,2000,75600,43.4531,5.5386,7.6388,46.7013,3780000000,57838843,,,,,,
2020-12-30,2598062,16.0376,16.7638,15.881,16.5725,0.1348,0.82,10.79,97754018,,,43.8094,5.584,7.7014,47.0843,3811000000,57145589,,,,,,
2020-12-31,2648421,16.5159,17.1726,16.3072,16.9682,0.3957,2.39,11.06,103006791,,,43.3396,5.4878,7.2808,70.2532,3902000000,56765649,,,,,,
2021-01-04,4934298,17.1073,18.638,17.003,18.0466,1.0784,6.36,20.65,202973524,500,20750,46.0942,5.8366,7.7436,74.7183,4150000000,52947667,,,,,,
2021-01-05,5587365,17.8466,18.9163,17.4422,17.8336,-0.213,-1.18,23.25,233258919,200,8202,45.5499,5.7677,7.6522,73.836,4101000000,53013163,,,,,,
2021-01-06,3965049,17.6118,17.9553,16.6681,16.7855,-1.0481,-5.88,16.54,156352212,500,19300,42.8731,5.4287,7.2025,69.497,3860000000,53230218,,,,,,
2021-01-07,3385443,16.5942,17.0465,15.8115,15.9854,-0.8001,-4.77,14.09,126938190,500,18380,40.8294,5.1699,6.8591,66.1842,3676000000,51865653,,,,,,
2021-01-08,2445576,15.9811,16.2681,15.5505,15.5679,-0.4175,-2.61,10.12,89039979,500,17900,39.7632,5.0349,6.68,64.4557,3580000000,53902678,,,,,,
2021-01-11,2845262,15.4462,15.5897,14.6982,14.7417,-0.8262,-5.31,11.77,98346186,,,37.6528,4.7677,6.3255,61.0349,3390000000,52554836,,,,,,
2021-01-12,2014972,14.6895,15.1113,14.5504,14.8635,0.1218,0.83,8.33,68684768,,,37.9638,4.8071,6.3777,61.539,3418000000,52628307,,,,,,
2021-01-13,2625623,14.8852,15.2114,14.1286,14.1894,-0.6741,-4.54,10.97,88356186,,,36.2422,4.5891,6.0885,58.7483,3263000000,55278975,,,,,,
2021-01-14,2695460,14.1764,14.7243,13.6111,14.4895,0.3001,2.11,11.2,88291258,,,37.0086,4.6861,6.2173,59.9907,3332000000,53632066,,,,,,
2021-01-15,4767648,14.4808,16.2115,14.2895,15.4418,0.9523,6.57,19.85,169528152,,,39.441,4.9941,6.6259,63.9336,3551000000,51521067,,,,,,
2021-01-18,2830757,15.481,15.8462,15.0505,15.1331,-0.3087,-2,11.77,99872283,,,38.6524,4.8943,6.4934,62.6553,3480000000,51806711,,,,,,
2021-01-19,3762134,15.3679,16.0854,15.1331,15.5549,0.4218,2.79,15.64,136038492,,,39.7298,5.0307,6.6744,64.4017,3577000000,49979787,,,,,,
2021-01-20,4165256,15.5331,16.7334,15.5331,15.7158,0.1609,1.03,17.24,153908812,,,40.1408,5.0827,6.7435,65.0679,3614000000,51362004,,,,,,
2021-01-21,3437877,15.1853,15.5331,14.9113,15.2201,-0.4957,-3.15,14.29,120495942,,,38.8746,4.9224,6.5307,63.0154,3500000000,50914410,,,,,,
2021-01-22,2648800,15.1635,15.3505,14.5286,14.6026,-0.6175,-4.06,10.79,90257634,,,37.2974,4.7227,6.2658,60.4588,3358000000,53162954,,,,,,
2021-01-25,2488500,14.6112,14.6112,13.9155,13.972,-0.6306,-4.32,10.35,80956204,,,35.6869,4.5188,5.9952,57.8481,3213000000,47190624,,,,,,
2021-01-26,2010300,13.9764,14.6112,13.9764,14.172,0.2,1.43,8.39,65995152,,,36.1978,4.5835,6.0811,58.6763,3259000000,46824733,,,,,,
2021-01-27,2968817,14.1329,14.9157,13.885,14.8722,0.7002,4.94,12.27,98990074,,,37.986,4.8099,6.3815,61.575,3420000000,47164422,,,,,,
2021-01-28,3093995,14.7721,15.6114,14.5025,14.9635,0.0913,0.61,12.92,107096405,,,38.2193,4.8394,6.4207,61.9531,3441000000,47859965,,,,,,
2021-01-29,3309517,14.5678,15.2635,14.2068,14.8983,-0.0652,-0.44,13.84,111749556,,,38.0527,4.8183,6.3927,61.6831,3426000000,45202255,,,,,,
2021-02-01,3779699,14.8417,15.6419,14.6852,15.6419,0.7436,4.99,15.52,133699628,300,10791,39.952,5.0588,6.7117,64.7618,3597000000,47402725,,,,,,
2021-02-02,3885596,15.581,15.7767,14.5591,14.5634,-1.0785,-6.89,16.2,134981175,,,37.1974,4.7101,6.249,60.2967,3349000000,48037043,,,,,,
2021-02-03,2545572,14.2112,14.4851,13.8285,13.9024,-0.661,-4.54,10.6,82404006,,,35.5092,4.4963,5.9654,57.5601,3197000000,47615454,,,,,,
2021-02-04,6959471,13.7502,16.6812,13.7198,16.6812,2.7788,19.99,29.3,249264079,,,42.6065,5.395,7.1577,69.0649,3836000000,49784291,,,,,,
2021-02-05,6697538,17.6596,17.777,15.4027,15.6549,-1.0263,-6.15,27.84,253285627,,,39.9853,5.0631,6.7173,64.8158,3600000000,47960237,,,,,,
2021-02-08,4548383,15.6549,16.0854,14.7026,14.7113,-0.9436,-6.03,18.8,159538482,1100,37213,37.5751,4.7579,6.3124,60.9089,3383000000,46921405,,,,,,
2021-02-09,3670701,15.4462,15.5071,14.5765,14.6112,-0.1001,-0.68,14.99,125264024,1500,50400,37.3196,4.7255,6.2695,60.4948,3360000000,50031034,,,,,,
2021-02-10,4839582,14.4982,15.9724,14.4982,14.9548,0.3436,2.35,19.95,169927953,,,38.1971,4.8366,6.4169,61.9171,3439000000,46183394,,,,,,
2021-02-18,3695257,14.9722,15.7114,14.9722,15.5375,0.5827,3.9,15.22,130711598,500,17865,39.6854,5.0251,6.667,64.3297,3573000000,44620592,,,,,,
2021-02-19,4062701,15.4375,16.142,15.0939,16.0898,0.5523,3.55,16.77,146705048,,,41.096,5.2037,6.9039,66.6163,3700000000,48398014,,,,,,
2021-02-22,3805340,16.0463,16.3072,15.5766,15.7419,-0.3479,-2.16,15.77,139833203,700,25340,40.2074,5.0912,6.7547,65.1759,3620000000,50085365,,,,,,
2021-02-23,5010286,15.5375,16.6986,15.4592,16.6986,0.9567,6.08,20.7,186471566,300,11520,42.651,5.4006,7.1652,69.1369,3840000000,53362045,,,,,,
2021-02-24,4103742,16.5246,17.1291,16.0898,16.3463,-0.3523,-2.11,17.07,156007155,300,11277,41.7513,5.2867,7.014,67.6785,3759000000,52848360,,,,,,
2021-02-25,2787408,16.3942,16.3942,15.6506,15.6549,-0.6914,-4.23,11.52,102127301,,,39.9853,5.0631,6.7173,64.8158,3600000000,50780362,,,,,,
2021-02-26,1992664,15.3853,16.0419,15.3853,15.7332,0.0783,0.5,8.27,72318421,,,40.1852,5.0884,6.7509,65.1399,3618000000,50203323,,,,,,
2021-03-01,3014137,15.8593,16.4985,15.5245,16.4159,0.6827,4.34,12.25,110778129,,,41.929,5.3092,7.0439,67.9666,3775000000,47267601,,,,,,
2021-03-02,5758124,16.6116,18.4771,16.3507,16.4159,0,0,23.91,227159914,,,41.929,5.3092,7.0439,67.9666,3775000000,50193091,,,,,,
2021-03-03,3548022,16.4159,17.003,16.1767,16.8508,0.4349,2.65,14.72,135468900,400,15500,43.0397,5.4498,7.2305,69.767,3875000000,49478616,,,,,,
2021-03-04,3207049,16.7377,16.7377,15.8897,16.0811,-0.7697,-4.57,13.19,119887487,700,25886,41.0738,5.2009,6.9002,66.5803,3698000000,49914968,,,,,,
2021-03-05,2030227,15.9854,16.3507,15.7419,16.2072,0.1261,0.78,8.37,75423903,200,7454,41.3959,5.2417,6.9543,67.1024,3727000000,49783354,,,,,,
2021-03-08,2485343,16.155,16.7334,15.955,15.955,-0.2522,-1.56,10.32,93451235,,,40.7517,5.1601,6.8461,66.0581,3669000000,49458265,,,,,,
2021-03-09,2983700,15.9289,15.9506,14.5025,14.6199,-1.3351,-8.37,12.4,102964357,,,37.3418,4.7283,6.2732,60.5308,3362000000,49745936,,,,,,
2021-03-10,3027231,15.1592,15.9984,14.7852,15.0113,0.3914,2.68,12.66,107157966,,,38.3415,4.8549,6.4412,62.1512,3452000000,48727557,,,,,,
2021-03-11,2528918,14.7417,15.12,14.2634,15.0852,0.0739,0.49,10.55,85692896,200,6938,38.5303,4.8788,6.4729,62.4573,3469000000,47234904,,,,,,
2021-03-12,2037465,15.1461,15.2157,14.4286,14.5678,-0.5174,-3.43,8.37,68781565,,,37.2085,4.7115,6.2509,60.3147,3350000000,48278808,,,,,,
2021-03-15,1452817,14.5025,14.6547,14.0155,14.2416,-0.3262,-2.24,6.01,47535075,1400,45850,36.3755,4.606,6.1109,58.9644,3275000000,47971910,,,,,,
2021-03-16,1445309,14.2547,14.6547,14.2547,14.4982,0.2566,1.8,6.02,48134845,100,3334,37.0308,4.689,6.221,60.0267,3334000000,44515768,,,,,,
2021-03-17,1830612,14.5417,14.9548,14.2634,14.8722,0.374,2.58,7.57,61738624,300,10260,37.986,4.8099,6.3815,61.575,3420000000,44614561,,,,,,
2021-03-18,1891308,15.0418,15.2635,14.6112,14.7808,-0.0914,-0.61,7.87,64855737,,,37.7528,4.7804,6.3423,61.1969,3399000000,44279347,,,,,,
2021-03-19,2054615,14.4851,15.0809,14.3982,14.7721,-0.0087,-0.06,8.52,70185928,,,37.7306,4.7776,6.3386,61.1609,3397000000,43186786,,,,,,
2021-03-22,1941634,14.6112,15.207,14.6112,15.1157,0.3436,2.33,8.02,66935037,,,38.608,4.8887,6.486,62.5833,3476000000,42781743,,,,,,
2021-03-23,1982644,15.0461,15.1157,14.3677,14.5243,-0.5914,-3.91,8.16,66811913,,,37.0975,4.6974,6.2322,60.1347,3340000000,44303953,,,,,,
2021-03-24,1780833,14.1764,14.5895,14.1199,14.4895,-0.0348,-0.24,7.03,58779982,300,9996,37.0086,4.6861,6.2173,59.9907,3332000000,44916730,,,,,,
2021-03-25,1694737,14.4895,14.5025,14.0285,14.0285,-0.461,-3.18,6.59,55395517,212,6839,35.8313,4.5371,6.0195,58.0822,3226000000,45776581,,,,,,
2021-03-26,1120126,14.1677,14.2547,13.959,14.2286,0.2001,1.43,4.36,36403768,,,36.3422,4.6018,6.1053,58.9104,3272000000,45032153,,,,,,
2021-03-29,1257617,14.3068,14.3068,13.9633,14.0459,-0.1827,-1.28,4.92,40682407,,,35.8757,4.5427,6.0269,58.1542,3230000000,45484694,,,,,,
2021-03-30,1261755,14.0285,14.2982,13.9807,14.1851,0.1392,0.99,4.86,41032901,,,36.2311,4.5877,6.0867,58.7303,3262000000,44499660,,,,,,
2021-03-31,1435740,14.346,14.5765,14.2025,14.3938,0.2087,1.47,5.59,47444826,,,32.5468,4.4942,5.4302,124.9322,3310000000,45601813,,,,,,
2021-04-01,1778345,14.6678,14.733,14.3503,14.4069,0.0131,0.09,7.02,59459163,,,32.5763,4.4982,5.4351,125.0454,3313000000,44598576,,,,,,
2021-04-02,1676441,14.2764,14.459,14.0111,14.4112,0.0043,0.03,6.49,54952816,,,32.5861,4.4996,5.4367,125.0831,3314000000,43106140,,,,,,
2021-04-06,1461932,14.4112,14.6721,14.4112,14.5852,0.174,1.21,5.64,48908355,,,32.9794,4.5539,5.5024,126.5929,3354000000,42323487,,,,,,
2021-04-07,2125854,14.5678,14.9765,14.3025,14.8113,0.2261,1.55,8.33,71638867,100,3406,33.4907,4.6245,5.5877,128.5556,3406000000,42413655,,,,,,
2021-04-08,4720768,14.7548,15.6288,14.7417,15.4201,0.6088,4.11,18.43,166116902,,,34.8673,4.8146,5.8173,133.8397,3546000000,49369023,,,,,,
2021-04-09,2537108,15.2201,15.3157,14.92,14.9678,-0.4523,-2.93,9.95,87876804,100,3442,33.8447,4.6734,5.6467,129.9143,3442000000,43450263,,,,,,
2021-04-12,1659856,15.1113,15.1766,14.5199,14.5634,-0.4044,-2.7,6.52,56536122,,,32.9303,4.5471,5.4942,126.4042,3349000000,44242045,,,,,,
2021-04-13,1300462,14.5634,14.5939,14.1546,14.2938,-0.2696,-1.85,5.07,42856173,,,32.3206,4.4629,5.3924,124.064,3287000000,45493169,,,,,,
2021-04-14,3001444,14.3895,15.3027,14.3503,15.0026,0.7088,4.96,11.81,103386305,100,3450,33.9234,4.6842,5.6599,130.2163,3450000000,45129149,,,,,,
2021-04-15,1764582,14.7765,14.9983,14.3503,14.6112,-0.3914,-2.61,6.9,59223947,,,33.0384,4.562,5.5122,126.8194,3360000000,45189414,,,,,,
2021-04-16,5622680,15.4375,16.4811,15.2418,15.4114,0.8002,5.48,22.07,203444226,,,34.8477,4.8119,5.8141,133.7642,3544000000,41516515,,,,,,
2021-04-19,5343599,15.7027,16.1333,15.4853,15.9332,0.5218,3.39,21.11,194913654,,,36.0276,4.9748,6.0109,138.2935,3664000000,47675066,,,,,,
2021-04-20,3761241,15.768,15.9593,15.3331,15.3331,-0.6001,-3.77,14.79,134594686,5500,193930,34.6707,4.7874,5.7845,133.0848,3526000000,46268193,,,,,,
2021-04-21,2223940,15.1766,15.5201,15.1287,15.4375,0.1044,0.68,8.64,78504010,,,34.9067,4.82,5.8239,133.9907,3550000000,48532854,,,,,,
2021-04-22,1865937,15.4288,15.5462,15.1113,15.2548,-0.1827,-1.18,7.33,65461638,200,7016,34.4937,4.763,5.755,132.4054,3508000000,49453866,,,,,,
2021-04-23,1611150,15.2114,15.3896,15.0026,15.1113,-0.1435,-0.94,6.32,56202763,,,34.1692,4.7182,5.7009,131.1599,3475000000,48153841,,,,,,
2021-04-26,1669725,14.9852,15.3809,14.8417,15.2331,0.1218,0.81,6.56,58283884,,,34.4445,4.7562,5.7468,132.2167,3503000000,48429608,,,,,,
2021-04-27,2058584,15.2244,15.3288,14.3764,14.5504,-0.6827,-4.48,8.11,69496523,,,32.9008,4.543,5.4892,126.2909,3346000000,47730394,,,,,,
2021-04-28,978415,14.5243,14.7678,14.359,14.6895,0.1391,0.96,3.84,32907800,,,33.2154,4.5865,5.5417,127.4987,3378000000,47935090,,,,,,
2021-04-29,1143065,14.6895,14.9591,14.546,14.6112,-0.0783,-0.53,4.42,38851534,,,33.0384,4.562,5.5122,126.8194,3360000000,46758314,,,,,,
2021-04-30,1399228,14.5243,14.6069,14.1373,14.2155,-0.3957,-2.71,5.44,45963996,,,32.1436,4.4385,5.3629,123.3847,3269000000,44575646,,,,,,
2021-05-06,789906,14.2112,14.5199,14.1764,14.3155,0.1,0.7,3.08,26058758,,,32.3698,4.4697,5.4007,124.2528,3292000000,44413375,,,,,,
2021-05-07,947938,14.3068,14.3938,14.0242,14.0459,-0.2696,-1.88,3.7,30855969,,,31.7601,4.3855,5.2989,121.9126,3230000000,44122376,,,,,,
2021-05-10,709991,14.1329,14.3068,14.0068,14.3068,0.2609,1.86,2.69,23163184,900,29610,32.3501,4.467,5.3974,124.1773,3290000000,43712448,,,,,,
2021-05-11,895943,14.2112,14.5634,14.1329,14.5069,0.2001,1.4,3.53,29747952,,,32.8024,4.5295,5.4728,125.9135,3336000000,44308023,,,,,,
2021-05-12,1321823,14.3764,14.9417,14.3286,14.6243,0.1174,0.81,5.18,44589235,,,33.0679,4.5661,5.5171,126.9326,3363000000,43730739,,,,,,
2021-05-13,968626,14.3503,14.5765,14.2764,14.3025,-0.3218,-2.2,3.78,32082655,,,32.3403,4.4656,5.3957,124.1395,3289000000,44124866,,,,,,
2021-05-14,995399,14.2938,14.6982,14.2938,14.5112,0.2087,1.46,3.88,33180893,,,32.8123,4.5308,5.4745,125.9512,3337000000,44702373,,,,,,
2021-05-17,1561883,14.4373,15.1331,14.2112,14.7548,0.2436,1.68,6.14,52469105,,,33.3629,4.6069,5.5663,128.0649,3393000000,45243624,,,,,,
2021-05-18,1404009,14.5939,14.9591,14.5939,14.8374,0.0826,0.56,5.54,47920557,,,33.5497,4.6326,5.5975,128.782,3412000000,46483020,,,,,,
2021-05-19,2191537,14.8374,15.3592,14.7417,15.0635,0.2261,1.52,8.66,76145124,,,34.061,4.7033,5.6828,130.7447,3464000000,45504974,,,,,,
2021-05-20,1990904,14.9417,15.3331,14.8635,15.1679,0.1044,0.69,7.8,69337000,,,34.297,4.7358,5.7222,131.6506,3488000000,47274420,,,,,,
2021-05-21,1604712,15.0765,15.3157,14.8287,14.9635,-0.2044,-1.35,6.32,55514610,300,10323,33.8349,4.672,5.6451,129.8766,3441000000,50261636,,,,,,
2021-05-24,1287093,15.1679,15.3331,15.0113,15.2331,0.2696,1.8,5.07,44931169,,,34.4445,4.7562,5.7468,132.2167,3503000000,49002426,,,,,,
2021-05-25,1682400,15.1766,15.4288,14.907,15.307,0.0739,0.49,6.62,58735236,,,34.6117,4.7793,5.7747,132.8584,3520000000,45094642,,,,,,
2021-05-26,1441791,15.307,15.494,15.2201,15.3201,0.0131,0.09,5.69,50925520,,,34.6412,4.7834,5.7796,132.9716,3523000000,44598829,,,,,,
2021-05-27,1531164,15.3201,15.5679,15.2331,15.4418,0.1217,0.79,6.04,54283424,300,10653,34.9165,4.8214,5.8255,134.0284,3551000000,44619759,,,,,,
2021-05-28,2655742,15.6506,15.9419,15.2374,15.6027,0.1609,1.04,10.45,95227227,600,21528,35.2803,4.8716,5.8862,135.4249,3588000000,44631532,,,,,,
2021-05-31,3052182,15.7439,15.8762,15.0559,15.5388,-0.0639,-0.41,7.93,71119144,1000,23490,34.6461,5.1325,5.7804,132.9905,3523500000,43969688,,,,,,
2021-06-01,3862113,15.5388,16.1871,15.347,15.7108,0.172,1.11,10.15,92512978,,,35.0296,5.1893,5.8444,134.4625,3562500000,44523637,,,,,,
2021-06-02,5756518,15.6777,17.1132,15.6777,16.1077,0.3969,2.53,15.17,141943302,,,35.9145,5.3204,5.9921,137.8594,3652500000,46351755,,,,,,
2021-06-03,4254819,15.7637,16.2201,15.3073,15.3668,-0.7409,-4.6,11.12,100514503,,,34.2626,5.0757,5.7165,131.5185,3484500000,46026004,,,,,,
2021-06-04,2976496,15.2742,15.3999,14.8574,15.003,-0.3638,-2.37,7.86,67794701,,,33.4514,4.9555,5.5811,128.4046,3402000000,44163248,,,,,,
2021-06-07,1903226,14.9765,15.1353,14.7913,15.1287,0.1257,0.84,4.96,43092544,,,33.7316,4.997,5.6279,129.4803,3430500000,45632133,,,,,,
2021-06-08,5006979,14.9501,16.326,14.9368,15.5851,0.4564,3.02,13.24,119623267,100,2356,34.7493,5.1478,5.7977,133.3868,3534000000,44174395,,,,,,
2021-06-09,3028816,15.4197,15.6777,15.1154,15.1816,-0.4035,-2.59,7.95,70220004,,,33.8496,5.0145,5.6476,129.9332,3442500000,42893172,,,,,,
2021-06-10,2371320,15.1816,15.4462,15.0228,15.4131,0.2315,1.52,6.17,54614799,400,9320,34.3658,5.091,5.7337,131.9148,3495000000,42906814,,,,,,
2021-06-11,3616588,15.8232,16.326,15.3205,15.3337,-0.0794,-0.52,9.57,85976377,,,34.1889,5.0647,5.7041,131.2354,3477000000,44848893,,,,,,
2021-06-15,2211855,15.294,15.3205,14.5532,14.831,-0.5027,-3.28,5.82,49833996,,,33.0679,4.8987,5.5171,126.9326,3363000000,43122311,,,,,,
2021-06-16,2096478,14.8905,14.8905,14.4738,14.487,-0.344,-2.32,5.52,46236738,,,32.3009,4.7851,5.3892,123.9886,3285000000,45524145,,,,,,
2021-06-17,1501128,14.4209,14.6193,14.3415,14.5928,0.1058,0.73,3.91,32801552,500,11030,32.5369,4.82,5.4285,124.8944,3309000000,47503487,,,,,,
2021-06-18,4575073,14.5532,15.6049,14.4142,15.2411,0.6483,4.44,12.08,104704685,,,33.9824,5.0341,5.6697,130.4428,3456000000,51015061,,,,,,
2021-06-21,3011765,15.1287,15.2213,14.9368,15.1154,-0.1257,-0.82,7.83,68565958,150,3427,33.7021,4.9926,5.6229,129.3671,3427500000,48842506,,,,,,
2021-06-22,4948483,15.003,16.068,15.003,15.724,0.6086,4.03,13.01,117042997,1000,23770,35.0591,5.1936,5.8493,134.5757,3565500000,48453510,,,,,,
2021-06-23,4280976,15.9423,16.1738,15.6314,15.8232,0.0992,0.63,11.27,102994537,500,11960,35.2803,5.2264,5.8862,135.4249,3588000000,46719363,,,,,,
2021-06-24,2866141,15.8034,16.1209,15.5586,15.6645,-0.1587,-1,7.52,68456780,500,11840,34.9263,5.174,5.8272,134.0662,3552000000,45808845,,,,,,
2021-06-25,2709642,15.7902,16.1738,15.294,15.5123,-0.1522,-0.97,7.13,63970397,,,34.5871,5.1237,5.7706,132.764,3517500000,48607546,,,,,,
2021-06-28,1898124,15.4991,15.6579,15.2477,15.6248,0.1125,0.73,4.89,44465212,,,34.8378,5.1609,5.8124,133.7265,3543000000,45730915,,,,,,
2021-06-29,2669322,15.6513,15.6579,14.7979,14.8178,-0.807,-5.16,6.97,60840741,,,33.0384,4.8943,5.5122,126.8194,3360000000,46635780,,,,,,
2021-06-30,1397687,14.7119,14.9831,14.7119,14.7648,-0.053,-0.36,3.66,31294767,,,31.3491,4.6907,5.044,126.3664,3348000000,45610640,,,,,,
2021-07-01,1627548,14.7648,15.0162,14.5862,14.5862,-0.1786,-1.21,4.26,36341495,300,6615,30.9698,4.6339,4.983,124.8378,3307500000,43995798,,,,,,
2021-07-02,1091314,14.5598,14.7053,14.487,14.5267,-0.0595,-0.41,2.84,24059772,,,30.8434,4.615,4.9626,124.3283,3294000000,43655757,,,,,,
2021-07-05,1363742,14.5333,14.9501,14.4672,14.9038,0.3771,2.6,3.55,30292380,,,31.644,4.7348,5.0914,127.5554,3379500000,44608630,,,,,,
2021-07-06,1229341,14.7847,14.9831,14.5399,14.8045,-0.0993,-0.67,3.24,27402833,,,31.4333,4.7033,5.0575,126.7061,3357000000,44173223,,,,,,
2021-07-07,1577463,14.6987,15.0757,14.5532,14.8905,0.086,0.58,4.16,35471816,,,31.6159,4.7306,5.0869,127.4421,3376500000,44267468,,,,,,
2021-07-08,2204307,15.0625,15.0625,14.3481,14.4605,-0.43,-2.89,5.8,48560510,400,8744,30.703,4.594,4.94,123.7621,3279000000,46297474,,,,,,
2021-07-09,1212338,14.3944,14.7251,14.3547,14.5135,0.053,0.37,3.14,26613290,,,30.8153,4.6108,4.9581,124.215,3291000000,45917285,,,,,,
2021-07-12,2229065,14.7516,15.0493,14.5201,14.8707,0.3572,2.46,5.76,49860491,,,31.5738,4.7243,5.0801,127.2723,3372000000,44961220,,,,,,
2021-07-13,4339630,14.7516,16.1275,14.7516,15.2014,0.3307,2.22,11.44,101190278,,,32.276,4.8294,5.1931,130.1031,3447000000,45153307,,,,,,
2021-07-14,2322873,15.261,15.4528,14.8045,14.831,-0.3704,-2.44,6.12,52678465,,,31.4895,4.7117,5.0666,126.9326,3363000000,44885573,,,,,,
2021-07-15,2134889,14.6921,14.8442,14.2885,14.3944,-0.4366,-2.94,5.49,46583847,,,30.5625,4.573,4.9174,123.1959,3264000000,44874296,,,,,,
2021-07-16,1369897,14.3547,14.6193,14.3084,14.5201,0.1257,0.87,3.57,29928472,,,30.8294,4.6129,4.9604,124.2716,3292500000,45538771,,,,,,
2021-07-19,1386839,14.5862,14.6855,14.1629,14.1959,-0.3242,-2.23,3.61,30034623,,,30.1412,4.5099,4.8496,121.4975,3219000000,46449419,,,,,,
2021-07-20,2397144,14.2422,14.5267,13.6138,14.3878,0.1919,1.35,6.34,50671322,,,30.5485,4.5709,4.9152,123.1393,3262500000,47993925,,,,,,
2021-07-21,1572129,14.3415,14.4672,14.1629,14.2687,-0.1191,-0.83,4.15,33981482,,,30.2957,4.533,4.8745,122.1202,3235500000,48751481,,,,,,
2021-07-22,1109954,14.401,14.4672,14.0239,14.2356,-0.0331,-0.23,2.91,23931483,500,10760,30.2254,4.5225,4.8632,121.8372,3228000000,48859226,,,,,,
2021-07-23,1387417,14.3084,14.3282,13.7527,13.7593,-0.4763,-3.35,3.61,29253021,100,2080,29.2142,4.3712,4.7005,117.7608,3120000000,47003811,,,,,,
2021-07-26,1168732,13.7395,13.8916,13.4815,13.4947,-0.2646,-1.92,3.05,24114940,,,28.6524,4.2872,4.6101,115.4962,3060000000,45808278,,,,,,
2021-07-27,2071748,13.4749,13.8718,13.0185,13.766,0.2713,2.01,5.41,41960776,,,29.2282,4.3733,4.7027,117.8174,3121500000,44501216,,,,,,
2021-07-28,1214210,13.5278,13.5477,13.0317,13.3294,-0.4366,-3.17,3.2,24479506,,,28.3012,4.2346,4.5536,114.0808,3022500000,44352897,,,,,,
2021-07-29,949416,13.5543,13.7329,13.3757,13.4418,0.1124,0.84,2.49,19434351,,,28.54,4.2703,4.592,115.0433,3048000000,43867582,,,,,,
2021-07-30,1119180,13.4617,13.6733,13.2963,13.6469,0.2051,1.53,2.9,22850138,,,28.9754,4.3355,4.6621,116.7984,3094500000,44461284,,,,,,
2021-08-02,1293601,13.6932,14.0769,13.6733,13.9247,0.2778,2.04,3.4,27191136,,,29.5653,4.4238,4.757,119.1762,3157500000,43563286,,,,,,
2021-08-03,1647804,13.9115,14.2819,13.6932,14.1033,0.1786,1.28,4.34,35165692,,,29.9445,4.4805,4.818,120.7048,3198000000,42623573,,,,,,
2021-08-04,2712501,14.0636,14.6855,13.8123,14.3547,0.2514,1.78,7.14,58644436,,,30.4782,4.5604,4.9039,122.8562,3255000000,43525295,,,,,,
2021-08-05,2287011,14.1629,14.5002,13.8453,14.2026,-0.1521,-1.06,5.97,48794923,,,30.1552,4.512,4.8519,121.5541,3220500000,46769691,,,,,,
2021-08-06,1484190,14.0306,14.4209,14.0239,14.0636,-0.139,-0.98,3.88,31808558,100,2126,29.8603,4.4679,4.8044,59.8183,3189000000,45092578,,,,,,
2021-08-09,1195300,13.9181,14.2687,13.9181,14.1959,0.1323,0.94,3.11,25545987,,,30.1412,4.5099,4.8496,60.381,3219000000,44870829,,,,,,
2021-08-10,2752392,14.0636,14.6458,14.0636,14.5796,0.3837,2.7,7.16,60187492,,,30.9558,4.6318,4.9807,62.013,3306000000,44111840,,,,,,
2021-08-11,2337785,14.5928,14.8508,14.4936,14.659,0.0794,0.54,6.11,51776439,,,31.1243,4.657,5.0078,62.3506,3324000000,43392711,,,,,,
2021-08-12,4222348,14.7119,15.3668,14.5664,14.9964,0.3374,2.3,11.11,95866187,,,31.8406,4.7642,5.1231,128.348,3400500000,43989223,,,,,,
2021-08-13,3469614,15.1485,15.2676,14.7053,14.7913,-0.2051,-1.37,9.16,78156423,,,31.4052,4.6991,5.053,126.5929,3354000000,34935307,,,,,,
2021-08-16,2736192,14.7913,15.2213,14.5002,14.9831,0.1918,1.3,7.2,61409597,,,31.8125,4.76,5.1185,128.2347,3397500000,36458471,,,,,,
2021-08-17,2347152,14.9236,15.0294,14.2224,14.229,-0.7541,-5.03,6.18,51607645,,,30.2114,4.5204,4.8609,121.7805,3226500000,36987811,,,,,,
2021-08-18,1389393,14.229,14.5068,14.1099,14.401,0.172,1.21,3.67,30160677,,,30.5766,4.5751,4.9197,123.2526,3265500000,37191215,,,,,,
2021-08-19,1579964,14.3878,14.9897,14.3878,14.4738,0.0728,0.51,4.17,35018884,,,30.7311,4.5982,4.9445,123.8753,3282000000,34673902,,,,,,
2021-08-20,1453264,14.4209,14.5267,13.9446,14.0173,-0.4565,-3.15,3.8,31078783,,,29.7619,4.4532,4.7886,119.9688,3178500000,33138940,,,,,,
2021-08-23,3359432,13.9975,15.0162,13.9049,14.9567,0.9394,6.7,8.77,74848797,,,31.7564,4.7516,5.1095,128.0083,3391500000,31457205,,,,,,
2021-08-24,2380700,14.9501,15.175,14.9104,15.0625,0.1058,0.71,6.26,54106042,,,31.9811,4.7852,5.1457,64.0669,3415500000,30180919,,,,,,
2021-08-25,1479458,15.175,15.175,14.8508,15.0294,-0.0331,-0.22,3.84,33510431,,,31.9109,4.7747,5.1344,63.9262,3408000000,30784231,,,,,,
2021-08-26,2222977,15.2345,15.3139,14.5664,14.6855,-0.3439,-2.29,5.85,49655172,,,31.1805,4.6654,5.0169,62.4631,3330000000,32637020,,,,,,
2021-08-27,2084768,15.0824,15.1353,14.573,14.7913,0.1058,0.72,5.51,46910655,,,31.4052,4.6991,5.053,62.9133,3354000000,33714262,,,,,,
2021-08-30,1979445,14.6855,15.1287,14.573,14.8839,0.0926,0.63,5.16,44411494,,,31.6019,4.7285,5.0846,63.3072,3375000000,34305345,,,,,,
2021-08-31,2699059,14.8839,15.2014,14.1562,14.4209,-0.463,-3.11,7.15,59827748,,,30.6187,4.5814,4.9265,61.3377,3270000000,32397230,,,,,,
2021-09-01,1619965,14.2885,14.5928,14.0636,14.4341,0.0132,0.09,4.28,35210401,,,30.6468,4.5856,4.931,61.394,3273000000,32303159,,,,,,
2021-09-02,3301307,14.4605,15.0493,14.1959,15.0361,0.602,4.17,8.48,73360084,2000,45460,31.9249,4.7768,5.1366,63.9544,3409500000,36353776,,,,,,
2021-09-03,3074753,15.0956,15.1816,14.7913,14.9038,-0.1323,-0.88,8.14,69666736,,,31.644,4.7348,5.0914,63.3916,3379500000,36607663,,,,,,
2021-09-06,3369603,14.9567,15.4859,14.7516,15.3139,0.4101,2.75,8.8,77035114,600,13890,32.5148,4.8651,5.2315,65.1361,3472500000,37700636,,,,,,
2021-09-07,2625734,15.1948,15.4528,15.0361,15.0757,-0.2382,-1.56,6.92,60252786,,,32.0092,4.7894,5.1502,64.1232,3418500000,39968138,,,,,,
2021-09-08,1867200,15.1154,15.261,14.8905,15.0691,-0.0066,-0.04,4.89,42462688,,,31.9951,4.7873,5.1479,64.0951,3417000000,41088274,,,,,,
2021-09-09,1460901,15.0757,15.0824,14.8045,15.0824,0.0133,0.09,3.72,33046810,,,32.0232,4.7915,5.1524,64.1513,3420000000,39462175,,,,,,
2021-09-10,2106465,15.0757,15.2874,14.7119,14.7318,-0.3506,-2.32,5.53,47634577,,,31.2788,4.6801,5.0327,62.6601,3340500000,38991175,,,,,,
2021-09-13,1839014,14.6325,14.7714,14.3018,14.4209,-0.3109,-2.11,4.8,40029221,,,30.6187,4.5814,4.9265,61.3377,3270000000,42585244,,,,,,
2021-09-14,1441814,14.4738,14.6391,14.2555,14.3679,-0.053,-0.37,3.79,31465931,,,30.5063,4.5646,4.9084,61.1126,3258000000,41527799,,,,,,
2021-09-15,1098703,14.3349,14.3547,14.1099,14.2687,-0.0992,-0.69,2.87,23635517,,,30.2957,4.533,4.8745,60.6905,3235500000,42574792,,,,,,
2021-09-16,985840,14.3216,14.4275,14.2092,14.2158,-0.0529,-0.37,2.57,21306650,,,30.1833,4.5162,4.8564,60.4654,3223500000,43166851,,,,,,
2021-09-17,1154823,14.3812,14.4672,13.9247,14.0438,-0.172,-1.21,3.03,24638217,,,29.8181,4.4616,4.7976,59.7339,3184500000,42066770,,,,,,
2021-09-22,687846,13.9247,14.0636,13.8916,13.9776,-0.0662,-0.47,1.81,14511554,,,29.6777,4.4406,4.7751,59.4525,3169500000,42193919,,,,,,
2021-09-23,885606,13.9776,14.3745,13.971,14.2092,0.2316,1.66,2.33,18970510,,,30.1693,4.5141,4.8541,60.4373,3222000000,41829838,,,,,,
2021-09-24,729722,14.2224,14.2885,14.0504,14.1232,-0.086,-0.61,1.85,15615858,,,29.9867,4.4868,4.8248,60.0715,3202500000,40891314,,,,,,
2021-09-27,1345701,14.2092,14.5399,13.9115,14.0636,-0.0596,-0.42,3.55,29080220,,,29.8603,4.4679,4.8044,59.8183,3189000000,38641948,,,,,,
2021-09-28,1351609,13.9247,13.971,13.5609,13.5807,-0.4829,-3.43,3.55,27889637,,,28.835,4.3145,4.6395,57.7643,3079500000,41798418,,,,,,
2021-09-29,888664,13.4947,13.8056,13.4683,13.4947,-0.086,-0.63,2.31,18255857,,,28.6524,4.2872,4.6101,57.3986,3060000000,39169622,,,,,,
2021-09-30,503800,13.4947,13.68,13.4617,13.541,0.0463,0.34,1.3,10325143,,,29.6023,4.1707,4.5124,70.8322,3070500000,38100857,,,,,,
2021-10-08,501538,13.6866,13.7726,13.6072,13.6866,0.1456,1.08,1.28,10385018,,,29.9205,4.2155,4.5609,71.5935,3103500000,38488294,,,,,,
2021-10-11,499070,13.6667,13.8056,13.6072,13.7593,0.0727,0.53,1.3,10364912,,,30.0795,4.2379,4.5852,71.9741,3120000000,38506529,,,,,,
2021-10-12,4495563,14.3547,15.8762,13.9909,14.5796,0.8203,5.96,11.79,100860699,200,4408,31.8727,4.4906,4.8585,76.2649,3306000000,37754513,,,,,,
2021-10-13,7659585,14.057,15.6645,14.057,15.4462,0.8666,5.94,20.19,176056706,,,33.7672,4.7575,5.1473,80.7979,3502500000,37068143,,,,,,
2021-10-14,4370312,14.6391,15.347,14.6259,15.003,-0.4432,-2.87,11.46,98915618,,,32.7983,4.621,4.9996,78.4795,3402000000,41080299,,,,,,
2021-10-15,6048328,14.9633,15.8629,14.6722,15.6049,0.6019,4.01,15.8,140548258,,,34.1142,4.8064,5.2002,81.6284,3538500000,41400217,,,,,,
2021-10-18,6664552,15.6645,16.6634,15.2676,15.3933,-0.2116,-1.36,17.48,159922994,,,33.6515,4.7412,5.1297,80.5211,3490500000,43977162,,,,,,
2021-10-19,6642106,15.0824,15.9489,14.9633,15.9159,0.5226,3.39,17.45,155276013,4800,115488,34.7939,4.9021,5.3038,83.2547,3609000000,45431072,,,,,,
2021-10-20,4418650,15.5454,15.7372,15.2477,15.3867,-0.5292,-3.32,11.47,103349514,1000,23260,33.637,4.7391,5.1275,80.4865,3489000000,49641286,,,,,,
2021-10-21,2793744,15.1948,15.5785,15.1353,15.2874,-0.0993,-0.65,7.32,64808850,,,33.4201,4.7086,5.0944,79.9674,3466500000,50749544,,,,,,
2021-10-22,3036836,15.1551,15.3999,14.7053,14.7384,-0.549,-3.59,7.91,68589368,,,32.2198,4.5395,4.9114,77.0954,3342000000,48082587,,,,,,
2021-10-25,5230210,14.7582,15.8563,14.5862,15.7902,1.0518,7.14,13.72,122528519,200,4774,34.5192,4.8634,5.2619,82.5973,3580500000,49432465,,,,,,
2021-10-26,3749174,15.81,16.1209,15.4925,15.5719,-0.2183,-1.38,9.88,89057016,,,34.0419,4.7962,5.1892,81.4554,3531000000,46020370,,,,,,
2021-10-27,7605711,15.5719,17.0933,15.3337,16.4318,0.8599,5.52,19.63,185334645,,,35.9219,5.061,5.4758,85.9537,3726000000,46776387,,,,,,
2021-10-28,8406351,15.8762,17.1198,15.6843,16.7692,0.3374,2.05,21.99,208138415,,,36.6594,5.165,5.5882,87.7185,3802500000,51171866,,,,,,
2021-10-29,5734677,16.5906,16.9941,16.3458,16.5311,-0.2381,-1.42,14.99,144083402,200,4998,36.1388,5.0916,5.5088,86.4728,3748500000,48996065,,,,,,
2021-11-01,4419681,16.3326,16.6898,15.9357,16.4384,-0.0927,-0.56,11.59,108669534,,,35.9364,5.0631,5.478,85.9883,3727500000,50357124,,,,,,
2021-11-02,5477541,16.4517,17.1859,15.2808,15.6645,-0.7739,-4.71,14.32,136970610,,,34.2444,4.8247,5.22,81.9398,3552000000,51954686,,,,,,
2021-11-03,3773447,15.7968,16.326,15.5454,15.9952,0.3307,2.11,9.91,90820908,2700,65286,34.9675,4.9266,5.3303,83.6699,3627000000,53114406,,,,,,
2021-11-04,5138242,15.9225,16.9875,15.7108,16.5972,0.602,3.76,13.42,128358422,,,36.2834,5.112,5.5309,86.8188,3763500000,52560738,,,,,,
2021-11-05,8406060,16.3392,17.2918,16.3392,17.2587,0.6615,3.99,21.92,215698984,,,37.7296,5.3157,5.7513,90.2791,3913500000,57885387,,,,,,
2021-11-08,14606298,17.2984,20.6522,17.2984,18.6876,1.4289,8.28,38.52,416901855,,,40.8532,5.7558,6.2275,97.7533,4237500000,53347143,,,,,,
2021-11-09,9968259,18.5222,18.9191,17.7747,18.1981,-0.4895,-2.62,26.27,274516851,100,2751,39.7831,5.605,6.0643,95.1927,4126500000,58469006,,,,,,
2021-11-10,9665665,17.8673,19.5475,17.7085,19.1771,0.979,5.38,25.39,271128331,,,41.9234,5.9066,6.3906,100.314,4348500000,65610798,,,,,,
2021-11-11,10515766,19.1837,20.5001,18.4494,18.4957,-0.6814,-3.55,27.69,307174949,200,5592,40.4338,5.6967,6.1635,96.7499,4194000000,66722279,,,,,,
2021-11-12,7327593,18.2642,19.0977,18.1782,18.3171,-0.1786,-0.97,19.19,205514742,,,40.0434,5.6417,6.104,95.8156,4153500000,66448215,,,,,,
2021-11-15,12889749,18.8596,20.6522,18.8529,20.3016,1.9845,10.83,34.06,385698283,400,12276,44.3818,6.253,6.7653,106.1965,4603500000,61939533,,,,,,
2021-11-16,12131146,19.951,21.962,19.7195,20.5398,0.2382,1.17,31.98,380560227,,,44.9024,6.3263,6.8447,107.4422,4657500000,64582054,,,,,,
2021-11-17,11623197,21.1682,24.0325,20.2157,22.822,2.2822,11.11,30.78,379701604,950,32775,49.8915,7.0292,7.6052,119.3802,5175000000,68142778,,,,,,
2021-11-18,13460496,22.8881,27.1218,22.822,25.7988,2.9768,13.04,35.62,514552460,700,27300,56.3991,7.9461,8.5972,134.9515,5850000000,58685808,,,,,,
2021-11-19,9470504,23.9995,25.9245,23.8275,25.1373,-0.6615,-2.56,24.81,360672109,,,54.953,7.7423,8.3768,131.4912,5700000000,43542072,,,,,,
2021-11-22,6698490,24.6279,25.0711,23.8142,25.0711,-0.0662,-0.26,17.33,248438919,,,54.8084,7.722,8.3547,131.1452,5685000000,52415273,,,,,,
2021-11-23,9272251,25.0711,26.7183,24.1979,25.7326,0.6615,2.64,24.58,356601497,,,56.2545,7.9257,8.5752,134.6055,5835000000,56597957,,,,,,
2021-11-24,5287511,25.468,25.726,24.2376,24.6147,-1.1179,-4.34,13.83,198946382,,,53.8106,7.5814,8.2026,128.7576,5581500000,54263969,,,,,,
2021-11-25,4933669,24.4559,25.4019,23.7746,24.8925,0.2778,1.13,12.96,183080041,,,54.4179,7.667,8.2952,130.2109,5644500000,49643494,,,,,,
2021-11-26,3707454,24.3898,25.5871,24.145,25.5143,0.6218,2.5,9.56,139793686,,,55.7773,7.8585,8.5024,133.4636,5785500000,46923046,,,,,,
2021-11-29,4752148,25.4614,27.049,24.5088,25.8054,0.2911,1.14,12.53,185483710,,,56.4136,7.9481,8.5994,134.9861,5851500000,55700045,,,,,,
2021-11-30,3571601,26.2949,27.0424,25.3688,26.2354,0.43,1.67,9.44,141719890,,,57.3536,8.0806,8.7427,137.2353,5949000000,58183801,,,,,,
2021-12-01,4008953,26.4603,26.4603,24.2773,24.4427,-1.7927,-6.83,10.41,151986465,,,53.4346,7.5284,8.1453,127.8579,5542500000,56675751,,,,,,
2021-12-02,6375664,23.7944,28.3654,23.7944,26.9101,2.4674,10.09,16.84,255510217,,,58.8286,8.2884,8.9675,140.7648,6102000000,47054157,,,,,,
2021-12-03,3798514,26.9101,26.9101,24.6411,26.0964,-0.8137,-3.02,9.95,147848376,300,11835,57.0499,8.0378,8.6964,136.5087,5917500000,48414940,,,,,,
2021-12-06,2510200,26.7381,26.7381,24.2707,24.5419,-1.5545,-5.96,6.57,94190254,,,53.6515,7.559,8.1784,128.377,5565000000,50102368,,,,,,
2021-12-07,2442784,24.6477,25.0711,23.8804,24.9124,0.3705,1.51,6.34,90756205,100,3766,54.4613,7.6731,8.3018,130.3147,5649000000,40890919,,,,,,
2021-12-08,2590828,24.5485,26.4603,24.3765,25.005,0.0926,0.37,6.84,99391383,,,54.6638,7.7016,8.3327,130.7992,5670000000,40445935,,,,,,
2021-12-09,2997114,24.9983,26.2949,24.8131,25.4019,0.3969,1.59,7.91,115375759,,,55.5315,7.8238,8.4649,132.8753,5760000000,35939831,,,,,,
2021-12-10,1771464,25.6665,25.7062,24.6147,25.3357,-0.0662,-0.26,4.62,67420805,,,55.3868,7.8035,8.4429,132.5293,5745000000,35417327,,,,,,
2021-12-13,1831100,25.6863,25.6863,24.0127,24.6081,-0.7276,-2.87,4.84,67996915,,,53.7961,7.5793,8.2004,128.723,5580000000,36454209,,,,,,
2021-12-14,1834208,24.6147,25.3093,24.1913,25.1902,0.5821,2.37,4.83,68734761,,,55.0687,7.7586,8.3944,131.768,5712000000,36132764,,,,,,
2021-12-15,1324927,24.4493,25.2034,24.4162,24.6477,-0.5425,-2.15,3.48,49526773,,,53.8829,7.5916,8.2136,128.9306,5589000000,34278051,,,,,,
2021-12-16,1394334,24.8197,25.1373,24.2641,24.8594,0.2117,0.86,3.63,51745619,300,11274,54.3456,7.6568,8.2842,130.0379,5637000000,41785738,,,,,,
2021-12-17,2118870,25.0116,25.2431,23.1594,23.5827,-1.2767,-5.14,5.57,77476735,,,51.5546,7.2635,7.8587,123.3595,5347500000,41048161,,,,,,
2021-12-20,2570669,22.7823,24.6279,22.7823,23.0138,-0.5689,-2.41,6.81,91121916,,,50.3109,7.0883,7.6691,120.3837,5218500000,32595763,,,,,,
2021-12-21,2314050,22.9543,24.9719,22.5574,24.6742,1.6604,7.21,6.1,84646023,,,53.9407,7.5997,8.2225,129.069,5595000000,26525908,,,,,,
2021-12-22,1431364,25.005,25.0182,23.9532,24.0524,-0.6218,-2.52,3.78,52555906,,,52.5813,7.4082,8.0152,125.8163,5454000000,25436623,,,,,,
2021-12-23,3638939,24.4625,26.6587,23.801,25.3688,1.3164,5.47,9.64,139847518,300,11505,55.4592,7.8137,8.4539,132.7023,5752500000,28740477,,,,,,
2021-12-24,2555003,25.3754,25.7194,23.7018,23.8142,-1.5546,-6.13,6.74,94179311,,,52.0607,7.3348,7.9359,124.5706,5400000000,32614637,,,,,,
2021-12-27,1224321,23.4835,24.0259,23.1792,23.3578,-0.4564,-1.92,3.23,43422549,,,51.0629,7.1943,7.7838,122.183,5296500000,31919225,,,,,,
2021-12-28,1429039,23.4173,24.2707,23.0734,24.1252,0.7674,3.29,3.78,51302567,,,52.7404,7.4306,8.0395,126.197,5470500000,31553189,,,,,,
2021-12-29,2486256,24.2508,26.0898,23.5893,25.0579,0.9327,3.87,6.53,93621237,300,11364,54.7795,7.7179,8.3503,131.076,5682000000,32239996,,,,,,
2021-12-30,2967113,25.1042,26.7646,24.7536,26.4537,1.3958,5.57,7.83,115964904,,,57.8308,8.1478,8.8154,138.3772,5998500000,33045844,,,,,,
2021-12-31,2251857,26.4537,27.5451,25.1902,25.3688,-1.0849,-4.1,5.93,89777438,,,51.7001,7.4485,7.7206,132.7023,5752500000,31662080,,,,,,
2022-01-04,2501658,25.0447,25.4283,23.8275,25.0579,-0.3109,-1.23,6.59,92811363,,,51.0664,7.3572,7.626,131.076,5682000000,34433645,,,,,,
2022-01-05,2645650,24.9256,24.9256,22.7095,22.994,-2.0639,-8.24,6.92,94470420,,,46.8603,6.7513,6.9979,120.2799,5214000000,36155884,,,,,,
2022-01-06,2311713,22.4912,23.5827,22.2928,23.285,0.291,1.27,6.08,80114968,,,47.4535,6.8367,7.0865,121.8024,5280000000,34481035,,,,,,
2022-01-07,4774123,24.1119,25.5871,22.7029,22.994,-0.291,-1.25,12.63,177586160,,,46.8603,6.7513,6.9979,120.2799,5214000000,35344188,,,,,,
2022-01-10,2159656,21.8297,24.145,21.8297,23.3909,0.3969,1.73,5.7,76411570,,,47.6692,6.8678,7.1187,122.356,5304000000,31867883,,,,,,
2022-01-11,1711598,23.596,24.661,23.3181,23.5298,0.1389,0.59,4.5,61756151,,,47.9523,6.9086,7.161,123.0827,5335500000,31543159,,,,,,
2022-01-12,1016614,23.9532,23.9532,23.0998,23.6356,0.1058,0.45,2.67,36053145,,,48.168,6.9397,7.1932,123.6364,5359500000,34068339,,,,,,
2022-01-13,1350774,23.629,23.9796,22.4912,23.2917,-0.3439,-1.46,3.57,47796119,,,47.467,6.8387,7.0885,121.837,5281500000,33336026,,,,,,
2022-01-14,2006728,22.8881,24.7999,22.7558,24.5684,1.2767,5.48,5.31,73131539,,,50.0688,7.2135,7.477,128.5154,5571000000,32892440,,,,,,
2022-01-17,2132080,24.575,26.1295,23.9532,25.005,0.4366,1.78,5.64,81039590,,,50.9586,7.3417,7.6099,130.7992,5670000000,30783642,,,,,,
2022-01-18,1645414,25.005,25.0116,23.6158,23.715,-1.29,-5.16,4.34,59951601,,,48.3298,6.963,7.2173,124.0516,5377500000,25878411,,,,,,
2022-01-19,1100551,23.2189,23.973,23.2189,23.543,-0.172,-0.73,2.91,38971525,,,47.9793,6.9125,7.165,123.1519,5338500000,25790890,,,,,,
2022-01-20,1845656,23.4504,23.457,21.8959,22.0943,-1.4487,-6.15,4.84,62487325,,,45.0269,6.4871,6.7241,115.5739,5010000000,28486589,,,,,,
2022-01-21,1070587,21.8496,22.2134,21.0161,22.0282,-0.0661,-0.3,2.82,35386061,,,44.8921,6.4677,6.704,115.2278,4995000000,28504006,,,,,,
2022-01-24,1392458,22.8617,22.8617,20.9301,21.5321,-0.4961,-2.25,3.68,45196184,,,43.881,6.322,6.553,112.6326,4882500000,27411167,,,,,,
2022-01-25,1423182,21.5321,21.7371,20.176,20.348,-1.1841,-5.5,3.73,44460134,,,41.4679,5.9744,6.1926,106.4387,4614000000,27500119,,,,,,
2022-01-26,1131731,20.639,21.5717,20.3876,21.1219,0.7739,3.8,2.99,36182574,,,43.0452,5.8488,6.4282,110.4872,4789500000,26125786,,,,,,
2022-01-27,886519,21.5453,21.5453,20.1098,20.1958,-0.9261,-4.38,2.32,27593713,,,41.1578,5.5923,6.1463,105.6428,4579500000,24794368,,,,,,
2022-01-28,849739,20.381,20.7184,19.5012,20.3016,0.1058,0.52,2.22,26023793,,,41.3735,5.6216,6.1785,106.1965,4603500000,23888716,,,,,,
2022-02-07,724064,21.1682,21.5056,20.5927,20.9168,0.6152,3.03,1.9,22973562,,,42.6273,5.792,6.3657,109.4145,4743000000,24101086,,,,,,
2022-02-08,873573,21.1947,21.2278,19.7261,20.4472,-0.4696,-2.25,2.28,26879454,,,41.6701,5.6619,6.2228,106.9577,4636500000,26157232,,,,,,
2022-02-09,668652,20.5133,21.0293,20.3413,20.9301,0.4829,2.36,1.74,21003200,,,42.6542,5.7956,6.3698,109.4837,4746000000,26347586,,,,,,
2022-02-10,922350,20.9301,21.1087,19.7658,19.8452,-1.0849,-5.18,2.44,28013400,100,3000,40.4433,5.4952,6.0396,103.8089,4500000000,27551088,,,,,,
2022-02-11,1264250,19.9444,20.176,18.7603,18.7934,-1.0518,-5.3,3.34,36682959,,,38.2998,5.204,5.7195,98.307,4261500000,27276009,,,,,,
2022-02-14,1623373,18.7934,19.1572,18.2642,18.6545,-0.1389,-0.74,4.3,45591363,,,38.0167,5.1655,5.6772,97.5803,4230000000,27563417,,,,,,
2022-02-15,2051878,18.767,18.767,17.8408,18.2642,-0.3903,-2.09,5.4,56499851,,,37.2213,5.0574,5.5584,95.5388,4141500000,27130069,,,,,,
2022-02-16,1600533,18.3899,19.3292,18.1121,19.0514,0.7872,4.31,4.23,45596436,,,38.8256,5.2754,5.798,99.6565,4320000000,26658920,,,,,,
2022-02-17,1312652,19.1109,19.6468,18.5288,19.2631,0.2117,1.11,3.44,38119444,,,39.257,5.334,5.8624,100.7638,4368000000,25865874,,,,,,
2022-02-18,1338098,19.3557,19.402,18.5883,19.1837,-0.0794,-0.41,3.47,38145483,,,39.0952,5.3121,5.8383,100.3486,4350000000,25726007,,,,,,
2022-02-21,1919370,19.2432,19.2432,18.2311,18.423,-0.7607,-3.97,5.06,53577840,,,37.5449,5.1014,5.6068,96.3692,4177500000,25384956,,,,,,
2022-02-22,1926727,18.2311,18.2444,17.3646,17.7879,-0.6351,-3.45,5.1,51597771,,,36.2507,4.9256,5.4135,93.0473,4033500000,25717030,,,,,,
2022-02-23,2377830,17.8342,18.9191,17.8342,18.3899,0.602,3.38,6.29,66074165,100,2780,37.4775,5.0922,5.5967,96.1962,4170000000,23808602,,,,,,
2022-02-24,2078827,18.3237,19.1837,17.6821,17.8805,-0.5094,-2.77,5.48,57743776,,,36.4394,4.9512,5.4417,93.5318,4054500000,25350002,,,,,,
2022-02-25,3753427,18.1782,20.8375,18.0724,19.2499,1.3694,7.66,9.93,110371737,,,39.23,5.3304,5.8584,100.6946,4365000000,24029817,,,,,,
2022-02-28,2117744,19.8254,19.8452,18.5354,19.4549,0.205,1.06,5.57,61300532,,,39.6479,5.3872,5.9208,101.7673,4411500000,25820726,,,,,,
2022-03-01,2558766,19.5343,20.7581,19.0977,20.2421,0.7872,4.05,6.75,76681240,,,41.2522,5.6051,6.1604,43.8603,4590000000,26227096,,,,,,
2022-03-02,2528500,19.8981,20.1032,19.2499,19.3292,-0.9129,-4.51,6.64,74724072,,,39.3918,5.3524,5.8826,41.8823,4383000000,31527130,,,,,,
2022-03-03,2149046,19.3292,19.4351,18.6413,18.886,-0.4432,-2.29,5.68,61317472,,,38.4886,5.2296,5.7477,40.9219,4282500000,33591572,,,,,,
2022-03-04,2042596,18.972,19.5145,18.3502,18.9059,0.0199,0.11,5.41,58081995,,,38.529,5.2351,5.7537,40.965,4287000000,33698382,,,,,,
2022-03-07,1449700,18.5354,18.9191,18.0988,18.8529,-0.053,-0.28,3.78,40738287,,,38.4212,5.2205,5.7376,40.8503,4275000000,32321768,,,,,,
2022-03-08,2771843,18.6413,18.9654,17.1992,17.2587,-1.5942,-8.46,7.34,74410432,,,35.1722,4.779,5.2524,37.3959,3913500000,32201227,,,,,,
2022-03-09,1814342,17.4373,17.5299,16.5707,17.0536,-0.2051,-1.19,4.82,46680184,,,34.7543,4.7222,5.19,36.9516,3867000000,31609638,,,,,,
2022-03-10,1770850,17.3315,18.1848,17.0007,17.0073,-0.0463,-0.27,4.67,46837064,,,34.6599,4.7094,5.1759,36.8513,3856500000,32788764,,,,,,
2022-03-11,1178900,16.8023,17.0073,16.3128,16.875,-0.1323,-0.78,3.07,29635776,,,34.3903,4.6728,5.1357,36.5646,3826500000,31500922,,,,,,
2022-03-14,1075750,17.0073,17.0073,16.3458,16.4715,-0.4035,-2.39,2.86,26967244,,,33.568,4.561,5.0129,35.6902,3735000000,31480768,,,,,,
2022-03-15,1801817,16.4715,16.4715,15.2742,15.3271,-1.1444,-6.95,4.78,43053793,,,31.2357,4.2442,4.6646,33.2106,3475500000,31088903,,,,,,
2022-03-16,1832052,15.3999,15.8497,14.917,15.4991,0.172,1.12,4.85,42649115,,,31.5862,4.2918,4.7169,33.5832,3514500000,30476617,,,,,,
2022-03-17,2971348,15.5653,16.6369,15.5653,16.3392,0.8401,5.42,7.76,73071703,,,33.2983,4.5244,4.9726,35.4036,3705000000,31143297,,,,,,
2022-03-18,2055500,16.2532,16.8552,15.9688,16.4715,0.1323,0.81,5.43,51225423,,,33.568,4.561,5.0129,35.6902,3735000000,30123584,,,,,,
2022-03-21,1002550,16.068,16.789,16.068,16.7229,0.2514,1.53,2.61,25189857,,,34.0802,4.6306,5.0894,36.2349,3792000000,30589721,,,,,,
2022-03-22,917152,17.1,17.1396,16.4054,16.5377,-0.1852,-1.11,2.42,22966671,,,33.7028,4.5794,5.033,35.8336,3750000000,30645197,,,,,,
2022-03-23,1240335,16.8023,16.8684,16.3855,16.4914,-0.0463,-0.28,3.29,30959659,,,33.6084,4.5665,5.0189,35.7332,3739500000,28850296,,,,,,
2022-03-24,1424323,16.6038,16.6038,15.9622,16.3392,-0.1522,-0.92,3.77,34980581,50,1235,33.2983,4.5244,4.9726,35.4036,3705000000,30142300,,,,,,
2022-03-25,2365373,16.4054,17.391,16.3392,16.9412,0.602,3.68,6.24,60965223,,,34.5251,4.6911,5.1558,36.7079,3841500000,27684428,,,,,,
2022-03-28,1385700,17.1198,17.133,16.0878,16.2334,-0.7078,-4.18,3.65,34259491,,,33.0826,4.4951,4.9404,35.1742,3681000000,31989492,,,,,,
2022-03-29,1277449,16.2135,16.4781,15.6446,15.7902,-0.4432,-2.73,3.39,30870314,,,32.1794,4.3724,4.8055,34.2139,3580500000,31936763,,,,,,
2022-03-30,1485663,16.0349,16.6369,15.7108,16.6369,0.8467,5.36,3.82,36405074,600,15090,33.905,4.6068,5.0632,36.0486,3772500000,27876150,,,,,,
2022-03-31,2005200,16.8684,16.8684,15.8299,16.2069,-0.43,-2.58,5.18,49130456,,,33.8275,4.598,4.5667,34.6484,3675000000,31266573,,,,,,
2022-04-01,1700824,16.2334,16.2334,15.3668,15.433,-0.7739,-4.78,4.46,40292888,,,32.2121,4.3784,4.3486,32.9938,3499500000,32529642,,,,,,
2022-04-06,1858188,15.5388,16.2665,15.2477,15.3337,-0.0993,-0.64,4.85,44015667,,,32.005,4.3503,4.3207,32.7816,3477000000,33166714,,,,,,
2022-04-07,1487622,15.2742,15.7439,14.6921,14.8442,-0.4895,-3.19,3.93,33621649,500,11220,30.9832,4.2114,4.1827,31.7351,3366000000,31891230,,,,,,
2022-04-08,1365097,14.745,15.0493,14.4275,14.8574,0.0132,0.09,3.59,30538716,,,31.0109,4.2151,4.1865,31.7634,3369000000,29268364,,,,,,
2022-04-11,895532,14.8574,14.8839,14.0438,14.2092,-0.6482,-4.36,2.37,19492005,,,29.6578,4.0312,4.0038,30.3775,3222000000,29378043,,,,,,
2022-04-12,1091737,14.0703,14.4936,13.8255,14.487,0.2778,1.96,2.83,23349952,,,30.2377,4.11,4.0821,30.9714,3285000000,29335105,,,,,,
2022-04-13,937200,14.2687,14.2687,13.8189,13.8916,-0.5954,-4.11,2.45,19788808,,,28.995,3.9411,3.9143,29.6986,3150000000,30319138,,,,,,
2022-04-14,698800,14.1166,14.3878,14.0306,14.0835,0.1919,1.38,1.85,14989902,,,29.3954,3.9955,3.9684,30.1088,3193500000,29509404,,,,,,
2022-04-15,3070931,13.8983,14.9368,13.4087,14.6193,0.5358,3.8,8.06,65939702,,,30.5138,4.1476,4.1194,31.2543,3315000000,30113694,,,,,,
2022-04-18,4964550,14.8839,15.5322,14.2753,15.2676,0.6483,4.43,13.11,113003366,,,31.8669,4.3315,4.302,32.6402,3462000000,33550388,,,,,,
2022-04-19,3757674,14.9765,15.7968,14.5068,14.7318,-0.5358,-3.51,9.96,85356886,,,30.7485,4.1795,4.151,31.4947,3340500000,33974735,,,,,,
2022-04-20,2547989,14.5267,15.0427,14.3018,14.3944,-0.3374,-2.29,6.68,56325612,,,30.0444,4.0838,4.056,30.7734,3264000000,32738715,,,,,,
2022-04-21,1506364,14.2885,14.6193,13.9247,13.9247,-0.4697,-3.26,3.96,32471633,,,29.064,3.9505,3.9236,29.7693,3157500000,32222227,,,,,,
2022-04-22,1602690,13.9313,14.2158,13.594,13.6006,-0.3241,-2.33,4.11,33385837,,,28.3875,3.8585,3.8323,29.0764,3084000000,31781531,,,,,,
2022-04-25,2617083,13.3558,13.3558,11.9336,12.0394,-1.5612,-11.48,6.94,50389708,200,3640,25.129,3.4156,3.3924,25.7388,2730000000,32162364,,,,,,
2022-04-26,1827072,12.046,12.476,11.4375,11.5301,-0.5093,-4.23,4.83,33100823,,,24.0659,3.2711,3.2489,24.6499,2614500000,31321841,,,,,,
2022-04-27,3286301,11.3911,13.0185,11.1662,12.6877,1.1576,10.04,8.7,59516630,,,26.4821,3.5996,3.5751,27.1247,2877000000,31405350,,,,,,
2022-04-28,5439241,12.7274,14.2687,12.6877,13.2235,0.5358,4.22,14.44,111690568,400,7996,27.6005,3.7516,3.7261,28.2703,2998500000,32171337,,,,,,
2022-04-29,5848920,13.0317,13.3955,12.6282,13.3955,0.172,1.3,15.39,114719630,300,6075,27.9595,3.8004,3.7745,28.638,3037500000,41032249,,,,,,
2022-05-05,4900378,13.2566,13.4617,12.9986,13.1574,-0.2381,-1.78,12.82,97259759,,,27.4624,3.7328,3.7074,28.1288,2983500000,45708732,,,,,,
2022-05-06,2516996,12.6282,12.992,12.5025,12.7274,-0.43,-3.27,6.6,48527134,,,26.565,3.6108,3.5863,27.2096,2886000000,44482035,,,,,,
2022-05-09,2116072,12.8663,12.9325,12.4363,12.5289,-0.1985,-1.56,5.56,40420704,100,1894,26.1507,3.5545,3.5303,26.7853,2841000000,44519292,,,,,,
2022-05-10,2704724,12.3437,13.0317,12.0857,12.9986,0.4697,3.75,7.06,52237221,,,27.131,3.6878,3.6627,27.7894,2947500000,44263858,,,,,,
2022-05-11,5803358,12.9986,14.4738,12.8068,13.8916,0.893,6.87,15.26,121367063,,,28.995,3.9411,3.9143,29.6986,3150000000,40473182,,,,,,
2022-05-12,3506877,13.8123,14.3018,13.594,13.9975,0.1059,0.76,9.28,73934247,,,29.2159,3.9712,3.9441,29.9249,3174000000,35890192,,,,,,
2022-05-13,6484898,14.2026,15.175,13.9512,15.1353,1.1378,8.13,16.93,144588146,,,31.5908,4.2939,4.2647,32.3574,3432000000,35907485,,,,,,
2022-05-16,4764195,15.347,15.4726,14.7913,15.208,0.0727,0.48,12.53,108423419,400,9196,31.7426,4.3146,4.2852,32.5129,3448500000,36318591,,,,,,
2022-05-17,4787999,15.003,15.7372,14.8839,15.4925,0.2845,1.87,12.6,111435364,300,7026,32.3363,4.3953,4.3654,33.121,3513000000,37243319,,,,,,
2022-05-18,3799947,15.4065,15.6446,15.0361,15.261,-0.2315,-1.49,9.82,88260941,,,31.8531,4.3296,4.3002,32.6261,3460500000,38000015,,,,,,
2022-05-19,2878826,15.0228,15.261,14.9897,15.1154,-0.1456,-0.95,7.53,65793368,,,31.5493,4.2883,4.2592,32.3149,3427500000,35123853,,,,,,
2022-05-20,2965941,15.3337,15.6976,15.0691,15.6446,0.5292,3.5,7.72,69455859,,,32.6539,4.4385,4.4083,33.4463,3547500000,34536420,,,,,,
2022-05-23,2900591,15.6976,15.8034,15.0757,15.7042,0.0596,0.38,7.56,67674474,,,32.7782,4.4553,4.425,33.5736,3561000000,34863756,,,,,,
2022-05-24,15469390,17.8607,18.8463,17.0669,17.6821,1.9779,12.59,41.06,425838508,,,36.9065,5.0165,4.9824,37.8021,4009500000,35702785,,,,,,
2022-05-25,12439678,16.7229,17.133,16.0878,16.326,-1.3561,-7.67,32.68,311357961,,,34.076,4.6318,4.6003,34.903,3702000000,45005573,,,,,,
2022-05-26,9252153,16.5046,17.5762,15.7571,16.8287,0.5027,3.08,24.36,233915063,,,35.1254,4.7744,4.7419,35.9778,3816000000,44491265,,,,,,
2022-05-27,5810875,16.5707,17.0603,15.9952,16.154,-0.6747,-4.01,15.31,144254116,,,33.7171,4.583,4.5518,34.5353,3663000000,44624897,,,,,,
2022-05-30,7154945,16.1871,17.3712,15.6513,17.1529,0.9989,6.18,18.8,180423065,,,35.8019,4.8664,4.8333,36.6707,3889500000,54395590,,,,,,
2022-05-31,7642766,16.89,17.49,16.15,16.56,-0.5929,-3.46,13.45,127612629,,,34.297,4.8436,4.6301,35.1292,3726000000,49161809,,,,,,
2022-06-01,8625583,16.7,17.59,16.45,17.29,0.73,4.41,15.09,147949659,2900,50141,35.8088,5.0571,4.8342,36.6778,3890250000,59924358,,,,,,
2022-06-02,13588276,17.6,20.5,16.83,18.96,1.67,9.66,23.9,251382207,,,39.2675,5.5456,5.3011,40.2204,4266000000,59359106,,,,,,
2022-06-06,11312810,19,21.15,18.4,20.14,1.18,6.22,19.81,224733865,300,6042,41.7114,5.8907,5.631,42.7236,4531500000,62810998,,,,,,
2022-06-07,9088171,19.9,19.9,18.89,19.41,-0.73,-3.62,15.88,175286338,1700,32997,40.1995,5.3565,5.4269,41.175,4367250000,64616806,,,,,,
2022-06-08,7659766,19.68,20.68,19.23,20,0.59,3.04,13.39,152772916,300,6000,41.4214,5.5193,5.5919,42.4266,4500000000,72663519,,,,,,
2022-06-09,5234268,19.44,19.51,18.56,18.7,-1.3,-6.5,9.18,99530107,200,3740,38.7291,5.1606,5.2284,39.6689,4207500000,72154334,,,,,,
2022-06-10,8522132,18.58,21,18.5,20.33,1.63,8.72,14.87,170275433,200,4066,42.1049,5.6104,5.6841,43.1266,4574250000,73707216,,,,,,
2022-06-13,8410820,20.4,20.88,19.98,20.33,0,0,14.69,172061989,,,42.1049,5.6104,5.6841,43.1266,4574250000,81415568,,,,,,
2022-06-14,7873775,20.33,21.5,19,21.22,0.89,4.38,13.8,159118682,800,16976,43.9482,5.856,5.933,45.0146,4774500000,79143948,,,,,,
2022-06-15,9539211,21.33,22.88,20.94,22,0.78,3.68,16.78,211956555,700,15400,45.5636,6.0712,6.1511,46.6693,4950000000,71500756,,,,,,
2022-06-16,5800512,21.75,22.88,21.41,21.58,-0.42,-1.91,10.22,127995607,,,44.6937,5.9553,6.0336,45.7783,4855500000,71588937,,,,,,
2022-06-17,4003545,21.49,21.99,21.01,21.9,0.32,1.48,7,86430453,,,45.3565,6.0437,6.1231,46.4571,4927500000,66507778,,,,,,
2022-06-20,2845184,21.8,22.14,21.36,21.69,-0.21,-0.96,4.99,61689642,400,8676,44.9216,5.9857,6.0644,46.0117,4880250000,69323633,,,,,,
2022-06-21,6551161,21.7,21.87,20.35,21.14,-0.55,-2.54,11.61,136554966,,,43.7825,5.8339,5.9106,44.8449,4756500000,69233885,,,,,,
2022-06-22,4488935,21.15,22.08,20.82,21.23,0.09,0.43,7.93,96295411,,,43.9689,6.2095,5.9358,45.0358,4776750000,67377019,,,,,,
2022-06-23,5891199,21.23,23.15,21.1,22.65,1.42,6.69,10.42,131445434,,,46.9098,6.6248,6.3328,48.0481,5096250000,64667067,,,,,,
2022-06-24,4418493,23.2,23.63,22.25,23.09,0.44,1.94,7.71,101881817,,,47.8211,6.7535,6.4558,48.9815,5195250000,64014434,,,,,,
2022-06-27,4078754,23.46,23.55,22.21,22.39,-0.7,-3.03,7.2,91859909,,,46.3713,6.5488,6.2601,47.4966,5037750000,63584278,,,,,,
2022-06-28,4985883,22.22,22.39,21.45,22.07,-0.32,-1.43,8.75,109167161,300,6621,45.7086,6.4552,6.1706,46.8178,4965750000,60459808,,,,,,
2022-06-29,7804396,21.85,21.85,20.32,21.1,-0.97,-4.4,13.69,163066623,900,18990,43.6996,5.8576,5.8994,44.7601,4747500000,61240902,,,,,,
2022-06-30,3823040,20.92,21.03,20.18,20.2,-0.9,-4.27,6.69,78378408,,,41.8357,5.6078,5.6478,42.8509,4545000000,57392386,,,,,,
2022-07-01,2464816,20.3,20.59,20.06,20.2,0,0,4.32,50053523,,,41.8357,5.6078,5.6478,42.8509,4545000000,57921909,,,,,,
2022-07-04,2907522,20.21,20.3,19.42,19.66,-0.54,-2.67,5.12,57322938,,,40.7173,5.4579,5.4968,41.7054,4423500000,58070016,,,,,,
2022-07-05,2453172,19.84,20.35,19.22,19.52,-0.14,-0.71,4.31,48292812,,,40.4273,5.419,5.4577,41.4084,4392000000,59785340,,,,,,
2022-07-06,4216271,19.34,20.49,19.31,20.3,0.78,4,7.31,84582083,,,42.0428,5.6356,5.6758,43.063,4567500000,59956658,,,,,,
2022-07-07,3265965,20.3,20.73,19.79,20.55,0.25,1.23,5.73,66617446,,,42.5605,5.705,5.7457,43.5933,4623750000,57935271,,,,,,
2022-07-08,2822835,20.49,20.49,19.6,19.67,-0.88,-4.28,4.96,56183947,,,40.738,5.4607,5.4996,41.7266,4425750000,58185109,,,,,,
2022-07-11,1729631,19.49,19.75,19.1,19.4,-0.27,-1.37,3.05,33371491,,,40.1788,5.3857,5.4241,41.1538,4365000000,56755042,,,,,,
2022-07-12,1707449,19.41,19.61,18.88,18.88,-0.52,-2.68,3.01,32637794,100,1888,39.1018,5.2413,5.2787,40.0507,4248000000,56683663,,,,,,
2022-07-13,1496769,18.86,19.25,18.8,18.97,0.09,0.48,2.63,28504806,,,39.2882,5.2663,5.3039,40.2416,4268250000,56794712,,,,,,
2022-07-14,2198050,19.18,19.86,18.86,19.65,0.68,3.58,3.72,42848259,200,3930,40.6966,5.4551,5.494,41.6841,4421250000,54784745,,,,,,
2022-07-15,2515569,19.49,20.28,19.16,19.67,0.02,0.1,4.41,50038936,,,40.738,5.4607,5.4996,41.7266,4425750000,58631928,,,,,,
2022-07-18,8093686,20.06,22.94,19.89,22.3,2.63,13.37,14.27,174716142,,,46.1849,6.1908,6.2349,47.3057,5017500000,57755392,,,,,,
2022-07-19,6627269,22.75,23.2,21.9,22.85,0.55,2.47,11.56,151007060,,,47.324,6.3435,6.3887,48.4724,5141250000,56258357,,,,,,
2022-07-20,5811301,22.89,23.22,21.9,22.6,-0.25,-1.09,10.14,129779666,,,46.8062,6.2741,6.3188,47.9421,5085000000,52365355,,,,,,
2022-07-21,9181280,22.61,25.18,22.14,24.8,2.2,9.73,16.17,218198463,100,2480,51.3626,6.8848,6.9339,52.609,5580000000,57791421,,,,,,
2022-07-22,9844340,25.4,26.66,24.57,25.64,0.84,3.39,17.4,250398435,,,53.1023,7.118,7.1688,54.3909,5769000000,59065028,,,,,,
2022-07-25,7204762,26.44,26.59,24.69,24.81,-0.83,-3.24,12.77,183728176,,,51.3833,6.8876,6.9367,52.6302,5582250000,59659549,,,,,,
2022-07-26,4776133,25.36,25.9,23.59,25.55,0.74,2.98,8.34,118792077,,,52.9159,7.093,7.1436,54.2,5748750000,61545163,,,,,,
2022-07-27,4014117,25.73,26.75,25.42,26.42,0.87,3.41,7.05,105243955,,,54.7177,7.3346,7.3869,56.0456,5944500000,61574002,,,,,,
2022-07-28,3811490,26.4,27.06,25.71,26.19,-0.23,-0.87,6.62,100256313,,,54.2414,7.2707,7.3226,55.5576,5892750000,80584896,,,,,,
2022-07-29,4005687,26.19,28,25.75,27.85,1.66,6.34,6.92,109245396,,,57.6794,7.7315,7.7867,59.0791,6266250000,85996648,,,,,,
2022-08-01,3334120,27.92,28.05,26.78,27.35,-0.5,-1.8,5.86,91322646,,,56.6438,7.5927,7.6469,58.0184,6153750000,87993531,,,,,,
2022-08-02,4776521,27.35,27.7,26,26.47,-0.88,-3.22,8.45,127655381,,,54.8213,7.3484,7.4009,56.1516,5955750000,66130448,,,,,,
2022-08-03,3879794,27.29,27.98,25.01,26,-0.47,-1.78,6.86,104248169,,,53.8479,7.218,7.2694,55.1546,5850000000,67302951,,,,,,
2022-08-04,2849666,26.07,26.62,25.3,25.6,-0.4,-1.54,4.99,73354320,,,53.0195,7.1069,7.1576,54.3061,5760000000,61931430,,,,,,
2022-08-05,3385610,25.05,26.38,24.56,25,-0.6,-2.34,5.95,85153565,,,51.7768,6.9403,6.9899,53.0333,5625000000,59475666,,,,,,
2022-08-08,7093144,26.03,30,24.5,30,5,20,12.59,196677415,,,62.1322,8.3284,8.3878,63.6399,6750000000,56439855,,,,,,
2022-08-09,9114930,30.87,31.59,28.81,30.6,0.6,2,16.01,274796629,200,6120,63.3748,8.495,8.5556,64.9127,6885000000,62479717,,,,,,
2022-08-10,8560606,30.52,35.8,29.6,35.12,4.52,14.77,15,272823134,900,31608,72.7361,9.7498,9.8193,74.5011,7902000000,67373534,,,,,,
2022-08-11,8433747,34.79,35.74,33.75,34.44,-0.68,-1.94,14.68,293342882,,,71.3277,9.561,9.6292,73.0586,7749000000,73738928,,,,,,
2022-08-12,5179450,34,35.19,32.46,32.46,-1.98,-5.75,9.02,173954040,,,67.227,9.0113,9.0756,68.8584,7303500000,67160909,,,,,,
2022-08-15,4796432,33.07,35,32.4,34.07,1.61,4.96,8.37,162825569,1100,37477,70.5614,9.4583,9.5258,72.2737,7665750000,70568535,,,,,,
2022-08-16,3857667,34.06,35.1,33.05,33.67,-0.4,-1.17,6.63,131454028,,,69.733,9.3472,9.4139,71.4252,7575750000,70767464,,,,,,
2022-08-17,2958436,33.5,34.08,32.28,32.35,-1.32,-3.92,5.14,97674078,,,66.9992,8.9808,9.0449,68.625,7278750000,72308229,,,,,,
2022-08-18,3694075,32.64,33.97,32.38,33.66,1.31,4.05,6.46,122895677,,,69.7123,9.3445,9.4111,71.404,7573500000,74464175,,,,,,
2022-08-19,3121283,33.59,34.75,32.53,32.67,-0.99,-2.94,5.44,104051934,,,67.6619,9.0696,9.1343,69.3039,7350750000,74362753,,,,,,
2022-08-22,3427117,31.78,34.28,31.05,33.4,0.73,2.23,6.01,112213079,500,16700,69.1738,9.2723,9.3384,70.8524,7515000000,75489289,,,,,,
2022-08-23,2538799,33.46,34.08,32.3,32.5,-0.9,-2.69,4.44,83993073,,,67.3099,9.0224,9.0868,68.9432,7312500000,74291792,,,,,,
2022-08-24,3600440,33.33,33.33,29.86,30.13,-2.37,-7.29,6.35,110662864,,,62.4014,8.3645,8.4242,63.9157,6779250000,71821737,,,,,,
2022-08-25,3460485,30.18,31.68,29.7,30.54,0.41,1.36,6.12,106384260,,,63.2505,8.4783,8.5388,64.7854,6871500000,66769932,,,,,,
2022-08-26,2302166,30.73,30.9,29.55,29.61,-0.93,-3.05,4.03,69276384,,,61.3245,8.2201,8.2788,62.8126,6662250000,62466526,,,,,,
2022-08-29,1713831,29.81,30.7,28.72,29.9,0.29,0.98,2.97,51350828,,,65.9384,8.464,8.0617,54.2878,6727500000,63709077,,,,,,
2022-08-30,2911427,29.81,29.81,28.48,28.88,-1.02,-3.41,5.11,84306921,,,63.689,8.1752,7.7867,52.4359,6498000000,57207763,,,,,,
2022-08-31,2628084,28.89,29.37,27.29,28.35,-0.53,-1.84,4.64,74145958,,,62.5202,8.0252,7.6438,51.4736,6378750000,54860217,,,,,,
2022-09-01,2022970,28.55,29.3,27.89,29.19,0.84,2.96,3.55,58019598,,,64.3727,8.263,7.8703,52.9987,6567750000,54836999,,,,,,
2022-09-02,2286746,29.19,29.91,28.24,28.41,-0.78,-2.67,4.03,65837487,,,62.6525,8.0422,7.66,51.5825,6392250000,56164018,,,,,,
2022-09-05,2766352,28.42,29.41,27.28,28.1,-0.31,-1.09,4.86,77905464,,,61.9689,7.9544,7.5764,51.0196,6322500000,40526079,,,,,,
2022-09-06,2350945,28.26,28.68,27.32,28.53,0.43,1.53,4.13,65825722,,,62.9172,8.0761,7.6924,51.8004,6419250000,36990026,,,,,,
2022-09-07,4446832,28.2,33,28.2,30.82,2.29,8.03,7.86,139120177,,,67.9673,8.7244,8.3098,55.9582,6934500000,37893094,,,,,,
2022-09-08,2383007,31.01,32.23,30.06,30.77,-0.05,-0.16,4.17,74334660,100,3077,67.857,8.7102,8.2963,55.8674,6923250000,37970953,,,,,,
2022-09-09,1651143,30.78,31.4,29.2,30.2,-0.57,-1.85,2.84,49616996,,,66.6,8.5489,8.1426,54.8325,6795000000,37616113,,,,,,
2022-09-13,3388932,30.21,32.99,30.13,32.34,2.14,7.09,5.99,108337610,,,71.3194,9.1547,8.7196,58.718,7276500000,36174994,,,,,,
2022-09-14,2344377,31.8,32.82,31.11,31.98,-0.36,-1.11,4.12,74571875,100,3198,70.5255,9.0528,8.6226,58.0644,7195500000,35512681,,,,,,
2022-09-15,1740225,31.82,32.3,30,30.19,-1.79,-5.6,3.05,53108793,,,66.578,8.546,8.1399,54.8143,6792750000,33530331,,,,,,
2022-09-16,2784828,29.81,32.71,29.5,30.9,0.71,2.35,4.91,87852225,,,68.1437,8.747,8.3314,56.1035,6952500000,33799997,,,,,,
2022-09-19,1983752,30.66,31.52,29.72,30.55,-0.35,-1.13,3.51,60427841,,,67.3719,8.648,8.237,55.468,6873750000,33706676,,,,,,
2022-09-20,2163317,30.46,32.49,30.42,32,1.45,4.75,3.81,68827014,,,70.5696,9.0584,8.6279,58.1007,7200000000,34865533,,,,,,
2022-09-21,1419048,31.94,32.1,30.88,31.64,-0.36,-1.13,2.48,44677770,,,69.7757,8.9565,8.5309,57.447,7119000000,33666581,,,,,,
2022-09-22,1732533,31.5,32.98,31.08,32.4,0.76,2.4,3.02,55790970,,,71.4517,9.1716,8.7358,58.8269,7290000000,32770868,,,,,,
2022-09-23,1328895,32.41,32.59,30.67,30.92,-1.48,-4.57,2.34,41418406,,,68.1878,8.7527,8.3368,56.1398,6957000000,33483765,,,,,,
2022-09-26,1638111,30.41,32,29.7,31.52,0.6,1.94,2.84,50935461,,,69.511,8.9225,8.4985,57.2292,7092000000,28746400,,,,,,
2022-09-27,1527811,31.38,32.32,30.28,31.68,0.16,0.51,2.69,47619344,,,69.8639,8.9678,8.5417,57.5197,7128000000,28617074,,,,,,
2022-09-28,887484,31.49,31.95,30.17,30.21,-1.47,-4.64,1.54,27353801,,,66.6221,8.5517,8.1453,54.8507,6797250000,26185935,,,,,,
2022-09-29,1394525,31.3,31.92,30.01,30.76,0.55,1.82,2.43,43503427,,,67.835,8.7074,8.2936,55.8493,6921000000,25939363,,,,,,
2022-09-30,928956,30.61,31.3,29.78,29.78,-0.98,-3.19,1.62,28165982,,,65.674,8.436,8.029385690578769,54.06993166603706,6700500000,27530876,,,,,,
2022-10-10,1285847,29.58,30.29,28.5,29.4,-0.38,-1.28,2.27,38221087,,,64.8358,8.3224,7.9269,53.38,6615000000,24686606,,,,,,
2022-10-11,1243664,29.18,30.26,28.73,29.66,0.26,0.88,2.2,36703034,,,65.4092,8.396,7.997,53.8521,6673500000,23255424,,,,,,
2022-10-12,2383062,29.48,34.33,28.27,32.9,3.24,10.92,4.2,73729599,,,72.5543,9.3132,8.8706,59.7347,7402500000,23740552,,,,,,
2022-10-13,1428546,32.9,33.1,32.28,32.6,-0.3,-0.91,2.49,46788719,,,71.8927,9.2283,8.7897,59.1901,7335000000,24576570,,,,,,
2022-10-14,1525376,33,33.77,32.43,33.2,0.6,1.84,2.67,50410479,,,73.2159,9.3981,8.9515,60.2794,7470000000,26697082,,,,,,
2022-10-17,3181879,33,39.84,31.7,32.26,-0.94,-2.83,5.58,107047813,,,71.1429,9.132,8.6981,58.5727,7258500000,33790153,,,,,,
2022-10-18,2184379,32.5,32.74,31.03,31.77,-0.49,-1.52,3.84,69252875,,,62.2094,8.5759,7.5222,75.1964,7148250000,35069753,,,,,,
2022-10-19,1642900,31.7,32.28,31.01,31.46,-0.31,-0.98,2.86,52087473,,,61.6024,8.4922,7.4488,74.4626,7078500000,32088667,,,,,,
2022-10-20,1695319,31.5,32.04,31,31.21,-0.25,-0.79,2.98,53386651,,,61.1128,8.4248,7.3896,73.8709,7022250000,30805017,,,,,,
2022-10-21,1950614,30.85,31.01,29.53,29.56,-1.65,-5.29,3.44,58738982,,,57.8819,7.9794,6.9989,69.9655,6651000000,32696325,,,,,,
2022-10-24,1340428,29.84,30.92,29.59,30.17,0.61,2.06,2.35,40556207,300,9051,59.0764,8.144,7.1434,71.4093,6788250000,31524416,,,,,,
2022-10-25,2726803,30.59,32.57,29.6,31.9,1.73,5.73,4.8,85839013,,,62.4639,8.611,7.553,75.504,7177500000,30292212,,,,,,
2022-10-26,2014230,32.37,32.39,30.65,31.28,-0.62,-1.94,3.55,62702071,,,61.2499,8.4436,7.4062,74.0366,7038000000,29042194,,,,,,
2022-10-27,1774930,31,32.39,30.85,31.77,0.49,1.57,3.1,56720386,,,62.2094,8.5759,7.5222,75.1964,7148250000,26780925,,,,,,
2022-10-28,1338095,31.77,32.17,30.61,30.75,-1.02,-3.21,2.36,41854209,,,60.2121,8.3006,7.2807,72.7821,6918750000,25705046,,,,,,
2022-10-31,2101370,30.75,31.2,29.1,29.14,-1.61,-5.24,3.71,62503970,,,57.0595,7.866,6.8995,68.9714,6556500000,23100153,,,,,,
2022-11-01,1821622,29.05,31.5,28.97,31.09,1.95,6.69,3.21,55009931,,,60.8779,8.3924,7.3612,73.5869,6995250000,20397149,,,,,,
2022-11-02,2262259,30.93,33.23,30.52,32.72,1.63,5.24,3.99,72860173,,,64.0696,8.8324,7.7471,77.4449,7362000000,20743462,,,,,,
2022-11-03,1060400,32.5,33.18,32.13,32.64,-0.08,-0.24,1.84,34677602,,,63.9129,8.8108,7.7282,77.2556,7344000000,20921145,,,,,,
2022-11-04,3347811,32.78,36.35,32.78,35.96,3.32,10.17,5.89,117532302,,,70.4139,9.707,8.5143,85.1137,8091000000,28101210,,,,,,
2022-11-07,3113121,36.51,36.56,33.84,34,-1.96,-5.45,5.47,108047500,,,66.576,9.1779,8.0502,80.4745,7650000000,31844135,,,,,,
2022-11-08,1295514,34.01,34.33,32.92,33.28,-0.72,-2.12,2.25,43290851,,,65.1661,8.9835,7.8797,78.7704,7488000000,31706669,,,,,,
2022-11-09,1187345,33.23,33.47,32.6,32.66,-0.62,-1.86,2.07,39108129,,,63.9521,8.8162,7.7329,77.3029,7348500000,31700790,,,,,,
2022-11-10,1402188,32.6,32.85,31.25,31.37,-1.29,-3.95,2.46,44646872,,,61.4261,8.4679,7.4275,74.2496,7058250000,32713278,,,,,,
2022-11-11,1717200,32.27,32.53,31.08,31.11,-0.26,-0.83,3.02,54375222,,,60.917,8.3978,7.3659,73.6342,6999750000,29273294,,,,,,
2022-11-14,1283710,30.8,31.68,30.19,30.35,-0.76,-2.44,2.25,39401181,,,59.4289,8.1926,7.186,71.8354,6828750000,29218852,,,,,,
2022-11-15,1010048,30.57,31.03,30.13,31.03,0.68,2.24,1.74,31068632,,,60.7604,8.3762,7.347,73.4448,6981750000,28461341,,,,,,
2022-11-16,2679460,31.34,31.41,29.28,29.5,-1.53,-4.93,4.72,80278280,,,57.7645,7.9632,6.9847,69.8235,6637500000,35546315,,,,,,
2022-11-17,2789548,29.65,29.72,27.68,28.3,-1.2,-4.07,4.91,79118002,,,55.4147,7.6392,6.7006,66.9832,6367500000,28408056,,,,,,
2022-11-18,1820488,28.54,28.88,27.51,28.78,0.48,1.7,3.1,51638577,,,56.3546,7.7688,6.8143,68.1193,6475500000,28908307,,,,,,
2022-11-21,2392012,28.69,30.27,27.83,29.82,1.04,3.61,4.18,69756281,,,58.3911,8.0495,7.0605,70.5809,6709500000,29327657,,,,,,
2022-11-22,1792235,29.82,29.82,27.91,27.97,-1.85,-6.2,3.13,51327827,,,54.7685,7.5502,6.6225,66.2021,6293250000,29141465,,,,,,
2022-11-23,1578801,28.07,28.57,27.35,28,0.03,0.11,2.76,44187151,,,54.8273,7.5583,6.6296,66.2731,6300000000,29781533,,,,,,
2022-11-24,1011101,28.09,28.59,27.7,28.01,0.01,0.04,1.78,28418749,100,2801,54.8469,7.561,6.6319,66.2968,6302250000,30424276,,,,,,
2022-11-25,1756193,28.3,28.3,26.8,26.8,-1.21,-4.32,3.01,47975029,,,52.4775,7.2343,6.3455,63.4329,6030000000,30375307,,,,,,
2022-11-28,1202198,26.62,26.89,26.26,26.81,0.01,0.04,2.13,31956089,,,52.4971,7.237,6.3478,63.4565,6032250000,30304360,,,,,,
2022-11-29,1282301,26.88,27.21,26.36,26.45,-0.36,-1.34,2.26,34143843,,,51.7922,7.1399,6.2626,62.6045,5951250000,30424205,,,,,,
2022-11-30,3722596,26.62,29.15,26.39,28.6,2.15,8.13,6.56,104736489,,,56.0021,7.7202,6.7716,67.6933,6435000000,36054634,,,,,,
2022-12-01,2414491,28.71,29.17,28.08,28.61,0.01,0.03,4.24,69146271,,,56.0217,7.7229,6.774,67.717,6437250000,30336607,,,,,,
2022-12-02,1775946,28.55,28.77,27.46,27.51,-1.1,-3.84,3.09,49547843,,,53.8678,7.426,6.5136,65.1134,6189750000,,,,,,,
