timestamp,volume,open,high,low,close,chg,percent,turnoverrate,amount,volume_post,amount_post,pe,pb,ps,pcf,market_capital,balance,hold_volume_cn,hold_ratio_cn,net_volume_cn,hold_volume_hk,hold_ratio_hk,net_volume_hk
2010-02-26,8891732,5.86,6.6972,5.7227,6.3556,2.7408,75.82,85.5,320109444.12,,,87.1741,5.9842,14.9422,112.0194,1973920000,,,,,,,
2010-03-01,5102636,6.1313,6.3941,6.0459,6.3054,-0.0502,-0.79,49.06,189580246.35,,,86.4852,5.9369,14.8241,111.1341,1958320000,,,,,,,
2010-03-02,3470528,6.2317,6.292,6.0794,6.1447,-0.1607,-2.55,33.37,128128621.27,,,84.2806,5.7855,14.4462,108.3012,1908400000,,,,,,,
2010-03-03,4185103,6.1129,6.6721,6.1129,6.3958,0.2511,4.09,40.24,160289517.07,,,87.7253,6.022,15.0367,112.7277,1986400000,,,,,,,
2010-03-04,3184309,6.3288,6.3288,5.9237,5.9371,-0.4587,-7.17,30.62,116254973.19,,,81.4329,5.5901,13.9581,104.642,1843920000,,,,,,,
2010-03-05,1807279,5.86,5.927,5.7763,5.8634,-0.0737,-1.24,17.38,63114399.69,,,80.4225,5.5207,13.7849,103.3435,1821040000,,,,,,,
2010-03-08,1068186,5.86,6.0275,5.86,5.927,0.0636,1.08,10.27,38003066.93,,,81.2952,5.5806,13.9345,104.4649,1840800000,,,,,,,
2010-03-09,1641809,5.9304,6.1263,5.927,6.0743,0.1473,2.49,15.79,59076779.93,,,83.3161,5.7193,14.2809,107.0618,1886560000,,,,,,,
2010-03-10,972095,6.1045,6.1162,5.9555,5.989,-0.0853,-1.4,9.35,35011791.75,,,82.1449,5.6389,14.0802,105.5568,1860040000,,,,,,,
2010-03-11,1928794,5.9739,6.2267,5.8617,6.1698,0.1808,3.02,18.55,69776539.2,,,84.625,5.8092,14.5053,108.7438,1916200000,,,,,,,
2010-03-12,3409059,6.1112,6.5934,6.0861,6.2451,0.0753,1.22,32.78,129258497.7,,,85.6585,5.8801,14.6824,110.0718,1939600000,,,,,,,
2010-03-15,1887365,6.225,6.4326,6.1497,6.3389,0.0938,1.5,18.15,71220572.5,,,86.9445,5.9684,14.9028,111.7243,1968720000,,,,,,,
2010-03-16,1939641,6.2116,6.2619,5.9772,6.0358,-0.3031,-4.78,18.65,70804124.8,,,82.7879,5.6831,14.1904,106.383,1874600000,,,,,,,
2010-03-17,1372913,6.0291,6.1514,5.994,6.1514,0.1156,1.92,13.2,49957084.92,,,84.3724,5.7919,14.462,108.4192,1910480000,,,,,,,
2010-03-18,1084548,6.1564,6.2368,6.0995,6.2116,0.0602,0.98,10.43,40032281.27,,,85.1992,5.8486,14.6037,109.4816,1929200000,,,,,,,
2010-03-19,1018634,6.2083,6.2133,6.0459,6.1229,-0.0887,-1.43,9.79,37178370.43,,,83.982,5.7651,14.3951,107.9176,1901640000,,,,,,,
2010-03-22,1117843,6.1095,6.1263,5.9789,6.066,-0.0569,-0.93,10.75,40344901.5,,,83.2012,5.7115,14.2612,106.9142,1883960000,,,,,,,
2010-03-23,940493,6.061,6.1447,5.9856,6.0794,0.0134,0.22,9.04,34078407.47,,,83.3849,5.7241,14.2927,107.1503,1888120000,,,,,,,
2010-03-24,2021051,6.0944,6.2786,6.0325,6.2384,0.159,2.62,19.43,74845161.1,,,85.5666,5.8738,14.6667,109.9537,1937520000,,,,,,,
2010-03-25,3099662,6.2284,6.5532,6.2133,6.4611,0.2227,3.57,29.8,118716849.86,,,88.6209,6.0835,15.1902,113.8785,2006680000,,,,,,,
2010-03-26,1738915,6.4393,6.4963,6.2435,6.4092,-0.0519,-0.8,16.72,66105477.95,,,87.909,6.0346,15.0682,112.9637,1990560000,,,,,,,
2010-03-29,2353966,6.4142,6.6637,6.297,6.6218,0.2126,3.32,22.63,91174287.13,,,90.8255,6.2348,15.5681,116.7115,2056600000,,,,,,,
2010-03-30,1973302,6.6302,6.7307,6.5264,6.5264,-0.0954,-1.44,18.97,78093983.34,,,89.5165,6.145,15.3437,115.0294,2026960000,,,,,,,
2010-03-31,1817023,6.5214,6.6838,6.5214,6.5867,0.0603,0.92,17.47,71439766.18,,,88.1989,6.1952,14.7308,136.86,2045680000,,,,,,,
2010-04-01,2602458,6.6453,6.9651,6.5549,6.5632,-0.0235,-0.36,25.02,105092499.62,,,87.8851,6.1732,14.6784,136.373,2038400000,,,,,,,
2010-04-02,1402391,6.4779,6.5264,6.4142,6.4661,-0.0971,-1.48,13.48,54105412.85,,,86.5847,6.0818,14.4612,134.3552,2008240000,,,,,,,
2010-04-06,1392724,6.4996,6.6302,6.4561,6.6302,0.1641,2.54,13.39,54501015.54,,,88.7818,6.2362,14.8282,137.7646,2059200000,,,,,,,
2010-04-07,1582452,6.7575,6.7809,6.652,6.7508,0.1206,1.82,15.22,63578807.97,,,90.3961,6.3495,15.0978,140.2694,2096640000,,,,,,,
2010-04-08,1800664,6.7056,6.945,6.6218,6.6336,-0.1172,-1.74,17.31,72986732.45,,,88.8267,6.2393,14.8357,137.8341,2060240000,,,,,,,
2010-04-09,1402286,6.5967,6.883,6.5716,6.8479,0.2143,3.23,13.48,56719834.18,,,91.6964,6.4409,15.315,142.2871,2126800000,,,,,,,
2010-04-12,1924739,6.8663,7.1995,6.7843,7.1576,0.3097,4.52,18.51,80520826.51,,,95.844,6.7322,16.0077,148.7231,2223000000,,,,,,,
2010-04-13,2382671,7.1978,7.2464,6.5097,6.9299,-0.2277,-3.18,22.91,98057182.19,,,92.795,6.518,15.4984,143.9918,2152280000,,,,,,,
2010-04-14,706730,6.9199,6.9667,6.7407,6.8244,-0.1055,-1.52,6.8,28816036.31,,,91.3825,6.4188,15.2625,141.8001,2119520000,,,,,,,
2010-04-15,1168900,6.8646,6.94,6.446,6.5632,-0.2612,-3.83,11.24,46504384.41,,,87.8851,6.1732,14.6784,136.373,2038400000,,,,,,,
2010-04-19,818980,6.5482,6.7005,6.4762,6.503,-0.0602,-0.92,7.87,32336282.91,,,87.0779,6.1165,14.5436,135.1206,2019680000,,,,,,,
2010-04-20,692576,6.5298,6.6135,6.1313,6.6101,0.1071,1.65,6.66,26527341.38,,,88.5128,6.2173,14.7832,137.3471,2052960000,,,,,,,
2010-04-21,816606,6.6637,6.7926,6.5298,6.7474,0.1373,2.08,7.85,32772059.75,,,90.3512,6.3464,15.0903,140.1998,2095600000,,,,,,,
2010-04-22,1150593,6.739,6.9986,6.6486,6.9266,0.1792,2.66,11.06,47394980.1,,,92.7501,6.5149,15.491,143.9222,2151240000,,,,,,,
2010-04-23,1338343,6.8311,7.1794,6.8311,7.084,0.1574,2.27,12.87,56592718.48,,,94.8576,6.6629,15.8429,147.1924,2200120000,,,,,,,
2010-04-26,1386638,7.0873,7.6181,7.0873,7.2162,0.1322,1.87,13.33,60345033.34,,,96.6287,6.7873,16.1387,149.9407,2241200000,,,,,,,
2010-04-27,819781,7.0823,7.1777,6.7893,6.9148,-0.3014,-4.18,7.88,33811479.53,,,92.5932,6.5039,15.4647,143.6787,2147600000,,,,,,,
2010-04-28,1083359,6.6637,6.8629,6.3623,6.6955,-0.2193,-3.17,10.42,42726240.81,,,89.6562,6.2976,14.9742,139.1213,2079480000,,,,,,,
2010-04-29,546327,6.6955,6.7943,6.2133,6.2602,-0.4353,-6.5,5.25,21439630.4,,,83.8271,5.8881,14.0006,130.0762,1944280000,,,,,,,
2010-04-30,582243,6.2552,6.3004,5.8835,6.2786,0.0184,0.29,5.6,21301386.26,,,84.0737,5.9055,14.0418,130.4589,1950000000,,,,,,,
2010-05-04,221697,6.1296,6.3941,6.1279,6.2702,-0.0084,-0.13,2.13,8310807.43,,,83.9616,5.8976,14.0231,130.2849,1947400000,,,,,,,
2010-05-05,324250,6.2619,6.5632,6.2116,6.5113,0.2411,3.85,3.12,12374120.02,,,87.19,6.1244,14.5623,135.2945,2022280000,,,,,,,
2010-05-06,372260,6.5113,6.6788,6.3255,6.3255,-0.1858,-2.85,3.58,14436316.42,,,84.7015,5.9495,14.1467,131.433,1964560000,,,,,,,
2010-05-07,271993,6.1664,6.3623,6.0291,6.2116,-0.1139,-1.8,2.62,10097505.72,,,83.1769,5.8425,13.8921,129.0673,1929200000,,,,,,,
2010-05-10,677381,6.2769,6.2903,5.5905,5.8349,-0.3767,-6.06,6.51,23535356.87,,,78.1325,5.4881,13.0495,121.2398,1812200000,,,,,,,
2010-05-11,323315,5.9086,5.9086,5.5252,5.5419,-0.293,-5.02,3.11,10992055.62,,,74.2091,5.2125,12.3943,115.1517,1721200000,,,,,,,
2010-05-12,381260,5.5336,5.5336,5.1434,5.2054,-0.3365,-6.07,3.67,12023872.75,,,69.7027,4.896,11.6416,108.1591,1616680000,,,,,,,
2010-05-13,347027,5.2874,5.3929,5.0882,5.3711,0.1657,3.18,3.34,10875891.75,,,71.9223,5.0519,12.0123,111.6032,1668160000,,,,,,,
2010-05-14,249300,5.3578,5.4699,5.2908,5.3829,0.0118,0.22,2.4,8034016.04,,,72.0792,5.0629,12.0385,111.8467,1671800000,,,,,,,
2010-05-17,459166,5.3494,5.5252,5.1217,5.1501,-0.2328,-4.32,4.42,14602611.03,,,68.9629,4.844,11.518,107.0111,1599520000,,,,,,,
2010-05-18,311358,5.1518,5.3527,5.1083,5.269,0.1189,2.31,2.99,9697973.41,,,70.5547,4.9559,11.7839,109.4811,1636440000,,,,,,,
2010-05-19,255088,5.2154,5.5419,5.2154,5.3745,0.1055,2,2.45,8226875.38,,,71.9671,5.0551,12.0198,111.6728,1669200000,,,,,,,
2010-05-20,220170,5.274,5.4582,5.1568,5.274,-0.1005,-1.87,2.12,7002692.03,,,70.6219,4.9606,11.7951,109.5854,1638000000,,,,,,,
2010-05-21,378580,5.1669,5.5536,5.1066,5.5352,0.2612,4.95,3.64,12167607.18,,,74.1194,5.2062,12.3793,115.0125,1719120000,,,,,,,
2010-05-24,537370,5.5352,5.8014,5.5084,5.7596,0.2244,4.05,5.17,18199944.06,,,77.1236,5.4173,12.881,119.6743,1788800000,,,,,,,
2010-05-25,353680,5.7512,5.7512,5.6089,5.6508,-0.1088,-1.89,3.4,11983358.82,,,75.6663,5.3149,12.6377,117.413,1755000000,,,,,,,
2010-05-26,1618207,5.5269,5.6089,5.3243,5.5051,-0.1457,-2.58,12.45,52548058.68,,,73.7158,5.1779,12.3119,114.3863,1709760000,,,,,,,
2010-05-27,1820281,5.4565,6.0559,5.3293,6.0559,0.5508,10.01,14,62872141.86,,,81.0919,5.696,13.5438,125.8319,1880840000,,,,,,,
2010-05-28,1987346,6.1966,6.4963,6.1932,6.3054,0.2495,4.12,15.29,74657267.01,,,84.4324,5.9307,14.1017,131.0155,1958320000,,,,,,,
2010-05-31,1158942,6.3623,6.4963,6.1966,6.3121,0.0067,0.11,8.91,44030166.05,,,84.5221,5.937,14.1167,131.1546,1960400000,,,,,,,
2010-06-01,942159,6.1982,6.3958,5.9186,6.2786,-0.0335,-0.53,7.25,34467504.43,,,84.0737,5.9055,14.0418,130.4589,1950000000,,,,,,,
2010-06-02,718901,6.2753,6.3021,5.9438,6.2769,-0.0017,-0.03,5.53,26468481.86,,,84.0513,5.9039,14.0381,130.4241,1949480000,,,,,,,
2010-06-03,1282602,6.3255,6.6637,6.3188,6.3272,0.0503,0.8,9.87,49544111.01,,,84.7239,5.9511,14.1504,131.4677,1965080000,,,,,,,
2010-06-04,843499,6.3288,6.446,6.1614,6.3824,0.0552,0.87,6.49,31612411.79,,,85.4637,6.0031,14.274,132.6158,1982240000,,,,,,,
2010-06-07,1194138,6.2954,6.6135,6.2033,6.5298,0.1474,2.31,9.19,46157542,,,87.4367,6.1417,14.6035,135.6772,2028000000,,,,,,,
2010-06-08,742388,6.5113,6.5632,6.4209,6.5565,0.0267,0.41,5.71,28864736.38,,,87.7954,6.1669,14.6634,136.2338,2036320000,,,,,,,
2010-06-09,1154813,6.5599,6.7725,6.4829,6.5231,-0.0334,-0.51,8.88,45816798.9,,,87.347,6.1354,14.5885,135.5381,2025920000,,,,,,,
2010-06-10,930003,6.5298,6.8613,6.4963,6.734,0.2109,3.23,7.15,37272904.33,,,90.1719,6.3338,15.0603,139.9215,2091440000,,,,,,,
2010-06-11,613700,6.7558,6.8629,6.5934,6.5934,-0.1406,-2.09,4.72,24457929.8,,,88.2886,6.2015,14.7458,136.9992,2047760000,,,,,,,
2010-06-17,642323,6.6922,6.6972,6.1949,6.1949,-0.3985,-6.04,4.94,24584191.44,,,82.9527,5.8267,13.8546,128.7194,1924000000,,,,,,,
2010-06-18,729652,6.1782,6.2568,5.6307,5.7345,-0.4604,-7.43,5.61,26146698,,,76.7873,5.3936,12.8249,119.1524,1781000000,,,,,,,
2010-06-21,328265,5.778,5.9906,5.5252,5.9438,0.2093,3.65,2.53,11409013.61,,,79.5898,5.5905,13.2929,123.5011,1846000000,,,,,,,
2010-06-22,449888,5.8935,6.1949,5.8935,6.061,0.1172,1.97,3.46,16406998.5,,,81.1592,5.7007,13.5551,125.9363,1882400000,,,,,,,
2010-06-23,841056,6.0844,6.6386,6.0358,6.5565,0.4955,8.18,6.47,31989089.95,,,87.7954,6.1669,14.6634,136.2338,2036320000,,,,,,,
2010-06-24,475655,6.5951,6.6403,6.446,6.6168,0.0603,0.92,3.66,18619561.51,,,88.6025,6.2236,14.7982,137.4862,2055040000,,,,,,,
2010-06-25,615981,6.58,6.6118,6.2066,6.4193,-0.1975,-2.98,4.74,23513503.66,,,85.957,6.0377,14.3564,133.3811,1993680000,,,,,,,
2010-06-28,347001,6.4343,6.441,6.1112,6.1447,-0.2746,-4.28,2.67,12911505.56,,,82.2801,5.7795,13.7423,127.6757,1908400000,,,,,,,
2010-06-29,440464,6.1447,6.2736,5.7763,5.7847,-0.36,-5.86,3.39,15669617.45,,,77.4599,5.4409,12.9372,120.1961,1796600000,,,,,,,
2010-06-30,459173,5.6943,5.9002,5.6943,5.8768,0.0921,1.59,3.53,15908363.27,,,70.7567,5.3599,11.873,155.433,1825200000,,,,,,,
2010-07-01,493267,5.8567,5.9772,5.5436,5.8935,0.0167,0.28,3.79,16921801.63,,,70.9583,5.3752,11.9068,155.8758,1830400000,,,,,,,
2010-07-02,549538,5.8734,6.061,5.696,6.061,0.1675,2.84,4.23,19340502.73,,,72.9742,5.5279,12.2451,160.3041,1882400000,,,,,,,
2010-07-05,284617,5.9923,6.0777,5.8249,5.9186,-0.1424,-2.35,2.19,10124297.96,,,71.2607,5.3981,11.9576,156.5401,1838200000,,,,,,,
2010-07-06,379284,5.994,6.1614,5.9421,6.0442,0.1256,2.12,2.92,13709584.96,,,72.7726,5.5126,12.2112,159.8613,1877200000,,,,,,,
2010-07-07,177134,6.0442,6.1045,5.994,6.0944,0.0502,0.83,1.36,6403630.65,,,73.3773,5.5585,12.3127,161.1898,1892800000,,,,,,,
2010-07-09,592100,6.0877,6.5298,6.0409,6.4494,0.355,5.83,4.55,22597603.37,,,77.651,5.8822,13.0298,170.5778,2003040000,,,,,,,
2010-07-12,308096,6.4511,6.4561,6.3339,6.3958,-0.0536,-0.83,2.37,11775700.89,,,77.0059,5.8333,12.9216,169.1607,1986400000,,,,,,,
2010-07-13,526670,6.2954,6.5967,6.0291,6.5298,0.134,2.1,4.05,20277080.37,,,78.6186,5.9555,13.1922,172.7034,2028000000,,,,,,,
2010-07-14,397553,6.5314,6.5766,6.3623,6.431,-0.0988,-1.51,3.06,15381661.68,,,77.4292,5.8654,12.9926,170.0907,1997320000,,,,,,,
2010-07-15,328840,6.4427,6.5013,6.0291,6.0291,-0.4019,-6.25,2.53,12335610.41,,,72.5911,5.4989,12.1808,159.4628,1872520000,,,,,,,
2010-07-16,219369,5.999,6.0944,5.9404,6.0911,0.062,1.03,1.69,7888323.81,,,73.337,5.5554,12.306,161.1012,1891760000,,,,,,,
2010-07-19,215476,6.0275,6.2769,6.0275,6.2451,0.154,2.53,1.66,7951252.99,,,75.1916,5.6959,12.6172,165.1753,1939600000,,,,,,,
2010-07-20,471929,6.3238,6.5298,6.2451,6.446,0.2009,3.22,3.63,18004341.55,,,77.6106,5.8791,13.0231,170.4892,2002000000,,,,,,,
2010-07-21,611693,6.5097,6.6721,6.4812,6.4879,0.0419,0.65,4.71,24018816.56,,,78.1146,5.9173,13.1076,171.5963,2015000000,,,,,,,
2010-07-22,511723,6.4879,6.6804,6.4862,6.5565,0.0686,1.06,3.94,20098915.81,,,78.9411,5.9799,13.2463,173.4119,2036320000,,,,,,,
2010-07-23,543486,6.6101,6.7273,6.4712,6.6453,0.0888,1.35,4.18,21518973.5,,,80.0095,6.0609,13.4256,175.7589,2063880000,,,,,,,
2010-07-26,417185,6.6034,6.6034,6.4628,6.5465,-0.0988,-1.49,3.21,16261458.08,,,78.8201,5.9708,13.226,173.1462,2033200000,,,,,,,
2010-07-27,457418,6.5298,6.6754,6.4628,6.5951,0.0486,0.74,3.52,18006911.11,,,79.4047,6.015,13.3241,174.4304,2048280000,,,,,,,
2010-07-28,468189,6.5298,6.6888,6.5298,6.6821,0.087,1.32,3.6,18496665.28,,,80.453,6.0944,13.5,176.7331,2075320000,,,,,,,
2010-07-29,726933,6.6788,6.6804,6.4929,6.5616,-0.1205,-1.8,5.59,28513007.1,,,79.0016,5.9845,13.2565,173.5447,2037880000,,,,,,,
2010-07-30,627530,6.5616,6.5616,6.3456,6.4494,-0.1122,-1.71,4.83,24030629.45,,,77.651,5.8822,13.0298,170.5778,2003040000,,,,,,,
2010-08-02,518766,6.4628,6.5967,6.4075,6.5884,0.139,2.16,3.99,20192715.18,,,79.3241,6.0089,13.3106,174.2533,2046200000,,,,,,,
2010-08-03,512155,6.5967,6.6218,6.4544,6.4628,-0.1256,-1.91,3.94,19949855.5,,,77.8122,5.8944,13.0569,170.932,2007200000,,,,,,,
2010-08-04,722908,6.4561,6.4963,6.2217,6.4126,-0.0502,-0.78,5.56,27389067.72,,,77.2075,5.8486,12.9554,169.6036,1991600000,,,,,,,
2010-08-05,707905,6.3473,6.4728,6.3473,6.3975,-0.0151,-0.24,5.45,27169100.07,,,77.026,5.8348,12.925,169.205,1986920000,,,,,,,
2010-08-06,776915,6.3858,6.4929,6.1631,6.4779,0.0804,1.26,5.98,29412900.62,,,77.9936,5.9081,13.0873,171.3306,2011880000,,,,,,,
2010-08-09,2078992,6.4209,7.099,6.3757,6.9282,0.4503,6.95,15.99,82679886.12,,,83.4163,6.3189,13.9973,183.2427,2151760000,,,,,,,
2010-08-10,1315315,6.8646,6.8663,6.4795,6.5113,-0.4169,-6.02,10.12,52466043.04,,,78.3968,5.9387,13.155,172.2162,2022280000,,,,,,,
2010-08-11,543447,6.4779,6.5967,6.4276,6.5398,0.0285,0.44,4.18,21132052.92,,,78.7395,5.9646,13.2125,172.9691,2031120000,,,,,,,
2010-08-12,512464,6.4511,6.5465,6.2954,6.4343,-0.1055,-1.61,3.94,19765920.73,,,77.4695,5.8684,12.9994,170.1792,1998360000,,,,,,,
2010-08-13,420968,6.3958,6.5582,6.3791,6.5013,0.067,1.04,3.24,16253981.71,,,78.2759,5.9295,13.1347,171.9505,2019160000,,,,,,,
2010-08-16,800424,6.4594,6.6922,6.446,6.6369,0.1356,2.09,6.16,31483197.49,,,79.9087,6.0532,13.4087,175.5375,2061280000,,,,,,,
2010-08-17,452219,6.6804,6.7123,6.5984,6.6788,0.0419,0.63,3.48,17956201.73,,,80.4127,6.0914,13.4933,176.6445,2074280000,,,,,,,
2010-08-18,329404,6.6804,6.7474,6.5314,6.647,-0.0318,-0.48,2.53,13027883.9,,,80.0297,6.0624,13.429,175.8032,2064400000,,,,,,,
2010-08-19,494381,6.7039,6.739,6.5465,6.5599,-0.0871,-1.31,3.8,19476708.89,,,78.9814,5.983,13.2531,173.5004,2037360000,,,,,,,
2010-08-20,427354,6.5599,6.5783,6.3506,6.3674,-0.1925,-2.93,3.29,16401944.77,,,76.6632,5.8074,12.8641,168.4079,1977560000,,,,,,,
2010-08-23,457523,6.3807,6.5046,6.3154,6.3288,-0.0386,-0.61,3.52,17494763.35,,,76.1995,5.7722,12.7863,167.3894,1965600000,,,,,,,
2010-08-24,476916,6.2887,6.4963,6.2803,6.441,0.1122,1.77,3.67,18316102.56,,,77.5502,5.8746,13.0129,170.3564,2000440000,,,,,,,
2010-08-25,444786,6.441,6.518,6.3908,6.4544,0.0134,0.21,3.42,17150801.97,,,77.7114,5.8868,13.04,170.7106,2004600000,,,,,,,
2010-08-26,548895,6.4812,6.6721,6.4226,6.5699,0.1155,1.79,4.22,21546408.4,,,79.1024,5.9921,13.2734,173.7661,2040480000,,,,,,,
2010-08-27,1386363,6.5699,6.9266,6.4979,6.8445,0.2746,4.18,10.66,55917017.42,,,82.4084,6.2426,13.8281,181.0285,2125760000,,,,,,,
2010-08-30,1480320,6.8562,7.2999,6.8077,7.2028,0.3583,5.23,11.39,62625502.79,,,86.7223,6.5694,14.552,190.5051,2237040000,,,,,,,
2010-08-31,1125868,7.1995,7.2497,7.027,7.2279,0.0251,0.35,8.66,47737872.4,,,87.0247,6.5923,14.6028,191.1693,2244840000,,,,,,,
2010-09-01,1233065,7.1961,7.2279,6.719,6.9115,-0.3164,-4.38,9.49,51145287.28,,,83.2147,6.3037,13.9634,182.7999,2146560000,,,,,,,
2010-09-02,700970,6.9483,7.022,6.7022,6.9282,0.0167,0.24,5.39,28968463.05,,,83.4163,6.3189,13.9973,183.2427,2151760000,,,,,,,
2010-09-03,759495,6.9299,7.1124,6.8429,7.032,0.1038,1.5,5.84,31737933.5,,,84.6661,6.4136,14.207,185.9882,2184000000,,,,,,,
2010-09-06,1009759,7.0655,7.0655,6.729,6.8144,-0.2176,-3.09,7.77,41326125.06,,,82.0455,6.2151,13.7673,180.2315,2116400000,,,,,,,
2010-09-07,550719,6.8479,6.8596,6.6955,6.8546,0.0402,0.59,4.24,22271889.6,,,82.5293,6.2517,13.8484,181.2942,2128880000,,,,,,,
2010-09-08,454115,6.8295,6.9115,6.7909,6.8646,0.01,0.15,3.49,18623790.86,,,82.6503,6.2609,13.8687,181.5599,2132000000,,,,,,,
2010-09-09,703466,6.8646,7.0254,6.8144,6.8311,-0.0335,-0.49,5.41,29070363.06,,,82.2471,6.2304,13.8011,180.6743,2121600000,,,,,,,
2010-09-10,536931,6.7809,7.032,6.7809,7.0002,0.1691,2.48,4.13,22155856.96,,,84.2831,6.3846,14.1427,185.1469,2174120000,,,,,,,
2010-09-13,674256,7.0237,7.1308,6.9785,7.0371,0.0369,0.53,5.19,28381960.37,,,84.7266,6.4182,14.2171,186.1211,2185560000,,,,,,,
2010-09-14,855267,7.032,7.2497,7.032,7.2162,0.1791,2.55,6.58,36650130.82,,,86.8836,6.5816,14.5791,190.8593,2241200000,,,,,,,
2010-09-15,1063099,7.2815,7.2815,7.1124,7.1995,-0.0167,-0.23,8.18,45680471.72,,,86.682,6.5663,14.5453,190.4165,2236000000,,,,,,,
2010-09-16,633025,7.1995,7.2012,6.7976,6.8479,-0.3516,-4.88,4.87,26349767.89,,,82.4487,6.2456,13.8349,181.1171,2126800000,,,,,,,
2010-09-17,405170,6.8479,6.9818,6.8311,6.9567,0.1088,1.59,3.12,16743014.69,,,83.759,6.3449,14.0548,183.9955,2160600000,,,,,,,
2010-09-20,315855,6.9567,7.0823,6.7005,6.7005,-0.2562,-3.68,2.43,12994512.47,,,80.6747,6.1112,13.5372,177.2202,2081040000,,,,,,,
2010-09-21,258249,6.5967,6.7273,6.5482,6.5632,-0.1373,-2.05,1.99,10242439.51,,,79.0217,5.986,13.2599,173.589,2038400000,,,,,,,
2010-09-27,242303,6.5666,6.7441,6.5666,6.7441,0.1809,2.76,1.86,9668069,,,81.1989,6.1509,13.6252,178.3716,2094560000,,,,,,,
2010-09-28,203349,6.7307,6.7608,6.5465,6.58,-0.1641,-2.43,1.56,8083151.51,,,79.2233,6.0013,13.2937,174.0318,2043600000,,,,,,,
2010-09-29,159976,6.5632,6.6587,6.4293,6.4963,-0.0837,-1.27,1.23,6249979.93,,,78.2154,5.9249,13.1246,171.8177,2017600000,,,,,,,
2010-09-30,216278,6.4963,6.6972,6.4393,6.6386,0.1423,2.19,1.66,8499052.07,,,84.8374,5.945,13.379,-270.0315,2061800000,,,,,,,
2010-10-08,267134,6.5599,6.7575,6.5599,6.729,0.0904,1.36,2.05,10701561.92,,,85.9928,6.026,13.5612,-273.7091,2089880000,,,,,,,
2010-10-11,959477,6.6972,6.7089,6.2133,6.3372,-0.3918,-5.82,7.38,36963829.14,,,80.986,5.6751,12.7716,-257.7728,1968200000,,,,,,,
2010-10-12,851771,6.2686,6.3925,6.2234,6.2954,-0.0418,-0.66,6.55,32165162.31,,,80.4511,5.6376,12.6873,-256.0702,1955200000,,,,,,,
2010-10-13,494315,6.2619,6.3858,6.2619,6.3104,0.015,0.24,3.8,18689254.93,,,80.6436,5.6511,12.7176,-256.6832,1959880000,,,,,,,
2010-10-14,571927,6.3406,6.5063,6.3205,6.3389,0.0285,0.45,4.4,21927241.19,,,81.0074,5.6766,12.775,-257.8409,1968720000,,,,,,,
2010-10-15,838546,6.2301,6.3406,5.999,6.0877,-0.2512,-3.96,6.45,30859106.9,,,77.7979,5.4517,12.2688,-247.6253,1890720000,,,,,,,
2010-10-18,534610,6.0392,6.0459,5.7797,5.9354,-0.1523,-2.5,4.11,18838626.04,,,75.8508,5.3153,11.9618,-241.4279,1843400000,,,,,,,
2010-10-19,574284,5.9421,6.3439,5.9253,6.2887,0.3533,5.95,4.42,21387222.57,,,80.3655,5.6316,12.6738,-255.7978,1953120000,,,,,,,
2010-10-20,812009,6.2451,6.585,6.1614,6.4494,0.1607,2.56,6.25,31278992.75,,,82.4196,5.7756,12.9977,-262.3358,2003040000,,,,,,,
2010-10-21,242458,6.446,6.446,6.2217,6.3439,-0.1055,-1.64,1.87,9121945.56,,,81.0716,5.6811,12.7851,-258.0452,1970280000,,,,,,,
2010-10-22,482866,6.3422,6.6135,6.3288,6.513,0.1691,2.67,3.71,18829968.17,,,83.2326,5.8325,13.1259,-264.9237,2022800000,,,,,,,
2010-10-25,377454,6.662,6.7608,6.4846,6.5934,0.0804,1.23,2.9,14960326.38,,,84.2597,5.9045,13.2879,-268.1927,2047760000,,,,,,,
2010-10-26,267661,6.58,6.6838,6.3791,6.4979,-0.0955,-1.45,2.06,10350103.75,,,83.0401,5.819,13.0955,-264.3108,2018120000,,,,,,,
2010-10-27,334143,6.5649,6.5649,6.4745,6.503,0.0051,0.08,2.57,13013416.66,,,83.1043,5.8235,13.1057,-264.5151,2019680000,,,,,,,
2010-10-28,422282,6.4795,6.4795,6.21,6.3456,-0.1574,-2.42,3.25,15866297.87,,,81.093,5.6826,12.7885,-258.1133,1970800000,,,,,,,
2010-10-29,347237,6.3171,6.5867,6.3171,6.4712,0.1256,1.98,2.67,13430241.18,,,82.6977,5.7951,13.0416,-263.2211,2009800000,,,,,,,
2010-11-01,609117,6.4979,7.0823,6.4979,6.8429,0.3717,5.74,4.69,24798748.64,,,87.4478,6.1279,13.7906,-278.3402,2125240000,,,,,,,
2010-11-02,554281,6.8562,6.9634,6.6989,6.7056,-0.1373,-2.01,4.26,22383436.55,,,85.6932,6.005,13.514,-272.7556,2082600000,,,,,,,
2010-11-03,426923,6.6319,6.6955,6.446,6.6135,-0.0921,-1.37,3.28,16763138.45,,,84.5164,5.9225,13.3284,-269.0099,2054000000,,,,,,,
2010-11-04,266187,6.5683,6.6754,6.5046,6.5934,-0.0201,-0.3,2.05,10432511.05,,,84.2597,5.9045,13.2879,-268.1927,2047760000,,,,,,,
2010-11-05,1121097,6.6972,7.233,6.6637,7.1174,0.524,7.95,8.62,46926320.04,,,90.9568,6.3738,14.344,-289.5092,2210520000,,,,,,,
2010-11-09,1414289,7.1995,7.5394,7.012,7.1794,0.062,0.87,10.88,61121148.26,,,91.7485,6.4293,14.4689,-292.029,2229760000,,,,,,,
2010-11-10,1171726,7.1794,7.1827,7.0153,7.1442,-0.0352,-0.49,9.01,49527386.11,,,91.2991,6.3978,14.398,-290.5988,2218840000,,,,,,,
2010-11-11,1047594,7.1124,7.4406,7.0655,7.1677,0.0235,0.33,8.06,45591256.86,,,91.5987,6.4188,14.4453,-291.5523,2226120000,,,,,,,
2010-11-12,1062682,7.1241,7.2832,6.6721,6.7307,-0.437,-6.1,8.17,44455635.79,,,86.0142,6.0275,13.5646,-273.7772,2090400000,,,,,,,
2010-11-15,558045,6.8295,7.1995,6.7039,7.1442,0.4135,6.14,4.29,23348360.53,,,91.2991,6.3978,14.398,-290.5988,2218840000,,,,,,,
2010-11-16,605210,7.161,7.2397,6.6972,6.8177,-0.3265,-4.57,4.66,25400243.24,,,87.1268,6.1054,13.74,-277.3186,2117440000,,,,,,,
2010-11-17,412528,6.6218,6.9132,6.6135,6.6135,-0.2042,-3,3.17,16654528.38,,,84.5164,5.9225,13.3284,-269.0099,2054000000,,,,,,,
2010-11-18,133758,6.8646,6.8646,6.6319,6.7206,0.1071,1.62,1.03,5363501.76,,,85.8858,6.0185,13.5443,-273.3686,2087280000,,,,,,,
2010-11-19,444566,6.8445,7.1409,6.7223,7.1409,0.4203,6.25,3.42,18370323.72,,,91.2563,6.3948,14.3913,-290.4626,2217800000,,,,,,,
2010-11-22,1071648,7.0421,7.3753,7.0421,7.3686,0.2277,3.19,8.24,46900692.88,,,94.1663,6.5987,14.8502,-299.7247,2288520000,,,,,,,
2010-11-23,1012192,7.3987,7.5896,7.2547,7.4506,0.082,1.11,7.79,44900437.34,,,95.2147,6.6722,15.0155,-303.0618,2314000000,,,,,,,
2010-11-24,669068,7.3853,7.5846,7.3468,7.5511,0.1005,1.35,5.15,29920680.02,,,96.4985,6.7621,15.218,-307.1481,2345200000,,,,,,,
2010-11-25,633419,7.5846,7.5846,7.032,7.464,-0.0871,-1.15,4.87,27969745.07,,,95.3859,6.6842,15.0425,-303.6067,2318160000,,,,,,,
2010-11-26,347960,7.4171,7.4506,7.2129,7.4121,-0.0519,-0.7,2.68,15334867.84,,,94.7226,6.6377,14.9379,-301.4954,2302040000,,,,,,,
2010-11-29,424438,7.4406,7.4406,7.2664,7.4406,0.0285,0.38,3.26,18672076.45,,,95.0863,6.6632,14.9953,-302.6532,2310880000,,,,,,,
2010-11-30,543630,7.4523,7.4523,6.9651,7.3401,-0.1005,-1.35,4.18,23249602.47,,,93.8025,6.5732,14.7928,-298.567,2279680000,,,,,,,
2010-12-01,142453,7.1978,7.2664,7.0906,7.2648,-0.0753,-1.03,1.1,6121149.71,,,92.8397,6.5058,14.641,-295.5023,2256280000,,,,,,,
2010-12-02,165004,7.2832,7.2999,7.1492,7.1677,-0.0971,-1.34,1.27,7111498.76,,,91.5987,6.4188,14.4453,-291.5523,2226120000,,,,,,,
2010-12-03,186289,7.0873,7.2296,7.0019,7.0237,-0.144,-2.01,1.43,7867402.03,,,89.7586,6.2898,14.1551,-285.6954,2181400000,,,,,,,
2010-12-06,166696,7.1325,7.1325,6.8479,6.9734,-0.0503,-0.72,1.28,6926531.63,,,89.1167,6.2449,14.0538,-283.6522,2165800000,,,,,,,
2010-12-07,263714,6.8696,7.0488,6.8345,7.0371,0.0637,0.91,2.03,10967516.97,,,89.9298,6.3018,14.1821,-286.2402,2185560000,,,,,,,
2010-12-08,191428,6.9634,7.1325,6.8931,6.9567,-0.0804,-1.14,1.47,7982201.57,,,88.9027,6.2299,14.0201,-282.9712,2160600000,,,,,,,
2010-12-09,188630,6.9115,6.9483,6.6804,6.6955,-0.2612,-3.75,1.45,7666487.28,,,85.5649,5.996,13.4937,-272.347,2079480000,,,,,,,
2010-12-10,288821,6.6671,6.8278,6.6135,6.7926,0.0971,1.45,2.22,11608447.78,,,86.8059,6.0829,13.6894,-276.297,2109640000,,,,,,,
2010-12-13,461603,6.9617,7.104,6.7893,7.0203,0.2277,3.35,3.55,19290776.86,,,89.7158,6.2868,14.1483,-285.5592,2180360000,,,,,,,
2010-12-14,380226,7.0287,7.1141,6.9148,7.1141,0.0938,1.34,2.92,15969457.72,,,90.914,6.3708,14.3373,-289.373,2209480000,,,,,,,
2010-12-15,199762,7.1811,7.1811,6.9467,6.9835,-0.1306,-1.84,1.54,8399735.08,,,89.2451,6.2539,14.0741,-284.0609,2168920000,,,,,,,
2010-12-16,701636,6.9935,7.2748,6.9935,7.2748,0.2913,4.17,5.4,30151041.78,,,92.9681,6.5147,14.6612,-295.9109,2259400000,,,,,,,
2010-12-17,373655,7.2279,7.2664,7.1124,7.2614,-0.0134,-0.18,2.87,15990573.7,,,92.7969,6.5028,14.6342,-295.3661,2255240000,,,,,,,
2010-12-20,439967,7.2497,7.3317,6.8646,7.022,-0.2394,-3.3,3.38,18513953.59,,,89.7372,6.2883,14.1517,-285.6273,2180880000,,,,,,,
2010-12-21,161277,7.0354,7.099,6.9266,7.0572,0.0352,0.5,1.24,6782172.62,,,90.1865,6.3198,14.2226,-287.0574,2191800000,,,,,,,
2010-12-22,182340,7.0923,7.0923,6.8981,6.8981,-0.1591,-2.25,1.4,7597276.38,,,88.1538,6.1774,13.902,-280.5876,2142400000,,,,,,,
2010-12-23,173798,6.8412,6.9818,6.7843,6.7943,-0.1038,-1.5,1.34,7124176.22,,,86.8273,6.0844,13.6928,-276.3651,2110160000,,,,,,,
2010-12-24,204400,6.7926,6.7926,6.647,6.6637,-0.1306,-1.92,1.57,8187016.47,,,85.1583,5.9675,13.4296,-271.053,2069600000,,,,,,,
2010-12-27,217347,6.8311,6.8445,6.3556,6.3674,-0.2963,-4.45,1.67,8509264.18,,,81.3711,5.7021,12.8324,-258.9987,1977560000,,,,,,,
2010-12-28,208581,6.3138,6.3791,6.2351,6.2954,-0.072,-1.13,1.6,7839722.58,,,80.4511,5.6376,12.6873,-256.0702,1955200000,,,,,,,
2010-12-29,205371,6.3255,6.3908,6.1815,6.3841,0.0887,1.41,1.58,7697359.43,,,81.5851,5.7171,12.8661,-259.6797,1982760000,,,,,,,
2010-12-30,369173,6.3473,6.3473,6.1966,6.2786,-0.1055,-1.65,2.84,13793231.25,,,80.2371,5.6226,12.6535,-255.3892,1950000000,,,,,,,
2010-12-31,300493,6.2719,6.3791,6.2284,6.3791,0.1005,1.6,2.31,11358666.45,,,93.6235,5.5629,11.6084,-344.4036,1981200000,,,,,,,
2011-01-04,304874,6.4109,6.4628,6.2937,6.4377,0.0586,0.92,2.35,11639966.38,,,94.4836,5.614,11.7151,-347.5674,1999400000,,,,,,,
2011-01-05,234062,6.4377,6.4912,6.3707,6.4611,0.0234,0.36,1.8,9020240.2,,,94.8276,5.6344,11.7577,-348.833,2006680000,,,,,,,
2011-01-06,395765,6.4645,6.6453,6.4628,6.5381,0.077,1.19,3.04,15504809.11,,,95.958,5.7016,11.8979,-352.9911,2030600000,,,,,,,
2011-01-07,265222,6.5549,6.5549,6.4628,6.5314,-0.0067,-0.1,2.04,10301406.98,,,95.8597,5.6958,11.8857,-352.6295,2028520000,,,,,,,
2011-01-10,334508,6.6302,6.6302,6.4209,6.4477,-0.0837,-1.28,2.57,12913904.36,,,94.631,5.6228,11.7334,-348.1098,2002520000,,,,,,,
2011-01-11,135975,6.446,6.5549,6.4293,6.4795,0.0318,0.49,1.05,5239230.62,,,95.0979,5.6505,11.7912,-349.8273,2012400000,,,,,,,
2011-01-12,66325,6.441,6.5281,6.441,6.4795,0,0,0.51,2568149.95,,,95.0979,5.6505,11.7912,-349.8273,2012400000,,,,,,,
2011-01-13,165957,6.4795,6.5247,6.4126,6.4628,-0.0167,-0.26,1.28,6402904.99,,,94.8522,5.6359,11.7608,-348.9234,2007200000,,,,,,,
2011-01-14,218890,6.4561,6.4561,6.2786,6.3623,-0.1005,-1.56,1.68,8290220.9,,,93.3778,5.5483,11.578,-343.4997,1976000000,,,,,,,
2011-01-17,131200,6.4042,6.4042,5.9605,6.0844,-0.2779,-4.37,1.01,4803401,,,89.2986,5.3059,11.0722,-328.4942,1889680000,,,,,,,
2011-01-18,201800,6.0275,6.2384,5.9756,6.1279,0.0435,0.71,1.55,7289264.5,,,89.9375,5.3439,11.1514,-330.8444,1903200000,,,,,,,
2011-01-19,146365,6.1112,6.1932,6.0325,6.1279,0,0,1.13,5369783.13,,,89.9375,5.3439,11.1514,-330.8444,1903200000,,,,,,,
2011-01-20,88904,6.1129,6.1212,5.86,5.8935,-0.2344,-3.83,0.68,3196694.35,,,86.4973,5.1395,10.7249,-318.1892,1830400000,,,,,,,
2011-01-21,67672,5.8634,5.9806,5.8634,5.8868,-0.0067,-0.11,0.52,2383780.96,,,86.399,5.1336,10.7127,-317.8276,1828320000,,,,,,,
2011-01-24,152657,5.8919,5.9689,5.629,5.6625,-0.2243,-3.81,1.17,5227674.15,,,83.1062,4.938,10.3044,-305.7147,1758640000,,,,,,,
2011-01-25,106959,5.6558,5.6558,5.5252,5.5352,-0.1273,-2.25,0.82,3554739.79,,,81.2387,4.827,10.0728,-298.8447,1719120000,,,,,,,
2011-01-26,264600,5.6725,5.6725,5.3745,5.5235,-0.0117,-0.21,2.04,8720075,,,81.0667,4.8168,10.0515,-298.212,1715480000,,,,,,,
2011-01-27,308799,5.5034,5.6742,5.4097,5.6742,0.1507,2.73,2.38,10180895.44,,,83.2782,4.9482,10.3257,-306.3475,1762280000,,,,,,,
2011-01-28,167149,5.6424,5.6909,5.5269,5.6909,0.0167,0.29,1.29,5607615.42,,,83.524,4.9628,10.3562,-307.2514,1767480000,,,,,,,
2011-01-31,123392,5.6591,5.6926,5.5804,5.6926,0.0017,0.03,0.95,4152833.23,,,83.5485,4.9643,10.3592,-307.3418,1768000000,,,,,,,
2011-02-01,151034,5.6926,5.7596,5.6742,5.7261,0.0335,0.59,1.16,5159014.28,,,84.04,4.9935,10.4202,-309.1497,1778400000,,,,,,,
2011-02-09,111259,5.7043,5.7512,5.5771,5.6139,-0.1122,-1.96,0.86,3770192.08,,,82.3936,4.8956,10.216,-303.0933,1743560000,,,,,,,
2011-02-10,335665,5.6223,5.8634,5.5168,5.8567,0.2428,4.32,2.58,11434920.02,,,85.9567,5.1074,10.6578,-316.2005,1818960000,,,,,,,
2011-02-11,433071,5.8266,5.9488,5.7763,5.927,0.0703,1.2,3.33,15140395.4,,,86.9888,5.1687,10.7858,-319.9971,1840800000,,,,,,,
2011-02-14,251243,5.8751,6.0476,5.8751,6.0191,0.0921,1.55,1.93,8965100.35,,,88.3403,5.249,10.9534,-324.9688,1869400000,,,,,,,
2011-02-15,179591,5.994,6.0593,5.9605,5.9739,-0.0452,-0.75,1.38,6459086.92,,,87.6768,5.2096,10.8711,-322.5281,1855360000,,,,,,,
2011-02-16,124267,5.8952,6.0576,5.8952,6.0308,0.0569,0.95,0.96,4458195.46,,,88.5123,5.2592,10.9747,-325.6015,1873040000,,,,,,,
2011-02-17,186929,5.994,6.076,5.9605,6.0375,0.0067,0.11,1.44,6699171.77,,,88.6106,5.265,10.9869,-325.9631,1875120000,,,,,,,
2011-02-18,456089,6.0107,6.1112,6.0074,6.0861,0.0486,0.8,3.51,16487210.95,,,89.3232,5.3074,11.0752,-328.5846,1890200000,,,,,,,
2011-02-21,620681,5.9772,6.1932,5.9772,6.1865,0.1004,1.65,4.77,22604829.9,,,90.7976,5.395,11.2581,-334.0082,1921400000,,,,,,,
2011-02-22,486015,6.1748,6.1748,5.9438,5.9454,-0.2411,-3.9,3.74,17469011.62,,,87.2591,5.1847,10.8193,-320.9914,1846520000,,,,,,,
2011-02-23,421683,5.8868,6.0074,5.7864,5.8433,-0.1021,-1.72,3.24,14770414.9,,,85.7601,5.0957,10.6335,-315.4773,1814800000,,,,,,,
2011-02-24,287557,5.8098,5.8935,5.7495,5.8466,0.0033,0.06,2.21,9998700.85,,,85.8093,5.0986,10.6395,-315.6581,1815840000,,,,,,,
2011-02-25,540573,5.8266,5.8266,5.7395,5.7596,-0.087,-1.49,4.16,18650941.22,,,84.5315,5.0227,10.4811,-310.9576,1788800000,,,,,,,
2011-02-28,370655,5.7696,5.9103,5.7261,5.8785,0.1189,2.06,1.52,12915932.24,,,86.2762,5.1263,10.6974,-317.3756,1825720000,,,,,,,
2011-03-01,406966,5.8768,6.0777,5.86,6.0224,0.1439,2.45,1.67,14598871.31,,,88.3894,5.2519,10.9595,-325.1496,1870440000,,,,,,,
2011-03-02,143661,5.9705,6.0057,5.9019,5.9521,-0.0703,-1.17,0.59,5097184.42,,,87.3574,5.1906,10.8315,-321.353,1848600000,,,,,,,
2011-03-03,200854,5.9622,6.0543,5.8785,5.9186,-0.0335,-0.56,0.82,7160475.31,,,86.8659,5.1614,10.7706,-319.5451,1838200000,,,,,,,
2011-03-04,101600,5.8768,5.9237,5.8366,5.8734,-0.0452,-0.76,0.42,3563971.08,,,86.2024,5.122,10.6883,-317.1044,1824160000,,,,,,,
2011-03-07,181387,5.8935,6.0208,5.8734,5.9538,0.0804,1.37,0.74,6438903.33,,,87.3819,5.192,10.8345,-321.4434,1849120000,,,,,,,
2011-03-08,178608,5.9555,6.0224,5.9203,5.9906,0.0368,0.62,0.73,6349711.46,,,87.9226,5.2242,10.9016,-323.4321,1860560000,,,,,,,
2011-03-09,185469,6.0007,6.0174,5.9354,5.9438,-0.0468,-0.78,0.76,6596187.18,,,87.2345,5.1833,10.8163,-320.901,1846000000,,,,,,,
2011-03-10,286927,5.9354,6.0526,5.9337,6.0275,0.0837,1.41,1.17,10277223.28,,,88.4632,5.2563,10.9686,-325.4207,1872000000,,,,,,,
2011-03-11,317699,5.994,6.0944,5.9823,6.0392,0.0117,0.19,1.3,11437185.49,,,88.6352,5.2665,10.9899,-326.0535,1875640000,,,,,,,
2011-03-14,579071,6.0308,6.2016,5.994,6.1966,0.1574,2.61,2.37,21275336.02,,,90.945,5.4038,11.2763,-334.5506,1924520000,,,,,,,
2011-03-15,351910,6.1765,6.2083,5.9287,6.0593,-0.1373,-2.22,1.44,12813391.89,,,88.9301,5.284,11.0265,-327.1382,1881880000,,,,,,,
2011-03-16,227560,5.9571,6.0677,5.9571,6.0275,-0.0318,-0.52,0.93,8189521.7,,,88.4632,5.2563,10.9686,-325.4207,1872000000,,,,,,,
2011-03-17,229380,6.0224,6.0224,5.7931,5.8433,-0.1842,-3.06,0.94,8056698.21,,,85.7601,5.0957,10.6335,-315.4773,1814800000,,,,,,,
2011-03-18,157670,5.9069,5.9069,5.7763,5.8416,-0.0017,-0.03,0.65,5479985.36,,,85.7355,5.0942,10.6304,-315.3869,1814280000,,,,,,,
2011-03-21,152519,5.8399,5.8399,5.6926,5.7512,-0.0904,-1.55,0.62,5225013.66,,,84.4086,5.0154,10.4659,-310.5056,1786200000,,,,,,,
2011-03-22,171114,5.7713,5.773,5.6993,5.7261,-0.0251,-0.44,0.7,5857041.57,,,84.04,4.9935,10.4202,-309.1497,1778400000,,,,,,,
2011-03-23,222367,5.7261,5.8148,5.6943,5.8081,0.082,1.43,0.91,7624522.03,,,85.2441,5.065,10.5695,-313.5791,1803880000,,,,,,,
2011-03-24,123732,5.8517,5.8768,5.7931,5.8031,-0.005,-0.09,0.51,4308468.74,,,85.1704,5.0606,10.5603,-313.3079,1802320000,,,,,,,
2011-03-25,175569,5.8266,5.8266,5.7294,5.7613,-0.0418,-0.72,0.72,6036311.94,,,84.556,5.0241,10.4842,-311.048,1789320000,,,,,,,
2011-03-28,317553,5.7562,5.8215,5.5922,5.6089,-0.1524,-2.65,1.3,10804755.7,,,82.3199,4.8913,10.2069,-302.8221,1742000000,,,,,,,
2011-03-29,378060,5.562,5.6256,5.3912,5.4164,-0.1925,-3.43,1.55,12462783.27,,,79.494,4.7234,9.8565,-292.4267,1682200000,,,,,,,
2011-03-30,463279,5.4164,5.4297,5.0564,5.3578,-0.0586,-1.08,1.9,14815832.42,,,78.6339,4.6723,9.7499,-289.2629,1664000000,,,,,,,
2011-03-31,327063,5.336,5.3946,5.3075,5.3661,0.0083,0.15,1.34,10464364.08,,,67.6768,4.63,8.9856,-74.3917,1666600000,,,,,,,
2011-04-01,368382,5.3845,5.3996,5.341,5.3896,0.0235,0.44,1.51,11804821.78,,,67.9724,4.6502,9.0248,-74.7167,1673880000,,,,,,,
2011-04-06,337145,5.3912,5.4164,5.1585,5.1585,-0.2311,-4.29,1.38,10531972,,,65.0584,4.4509,8.6379,-71.5135,1602120000,,,,,,,
2011-04-07,176100,5.1635,5.2573,5.12,5.1736,0.0151,0.29,0.72,5442508,,,65.2485,4.4639,8.6632,-71.7224,1606800000,,,,,,,
2011-04-08,350845,5.1736,5.2138,5.1367,5.1836,0.01,0.19,1.44,10856467.2,,,65.3751,4.4725,8.68,-71.8617,1609920000,,,,,,,
2011-04-11,384815,5.2121,5.2288,5.0899,5.0899,-0.0937,-1.81,1.58,11861470.6,,,64.1927,4.3916,8.523,-70.5619,1580800000,,,,,,,
2011-04-12,247200,5.0848,5.1217,5.0313,5.0631,-0.0268,-0.53,1.01,7501468,,,63.8548,4.3685,8.4781,-70.1905,1572480000,,,,,,,
2011-04-13,561825,5.0647,5.5687,5.043,5.5687,0.5056,9.99,2.3,17954147.88,,,70.2318,4.8048,9.3248,-77.2003,1729520000,,,,,,,
2011-04-14,512484,5.6357,5.6725,5.3762,5.557,-0.0117,-0.21,2.1,17110724.99,,,70.084,4.7947,9.3052,-77.0378,1725880000,,,,,,,
2011-04-15,232550,5.557,5.557,5.3661,5.3879,-0.1691,-3.04,0.95,7509071,,,67.9513,4.6488,9.022,-74.6935,1673360000,,,,,,,
2011-04-18,190796,5.3594,5.4733,5.3259,5.4046,0.0167,0.31,0.78,6130364.22,,,68.1625,4.6632,9.0501,-74.9256,1678560000,,,,,,,
2011-04-19,223659,5.3578,5.4381,5.2322,5.2322,-0.1724,-3.19,0.92,7042493.78,,,65.9875,4.5144,8.7613,-72.5348,1625000000,,,,,,,
2011-04-20,248673,5.2791,5.2824,5.1066,5.1719,-0.0603,-1.15,1.02,7689314.69,,,65.2273,4.4624,8.6604,-71.6992,1606280000,,,,,,,
2011-04-21,237168,5.187,5.2707,5.1736,5.2389,0.067,1.3,0.97,7384122.84,,,66.072,4.5202,8.7725,-72.6277,1627080000,,,,,,,
2011-04-22,297314,5.2389,5.4984,5.2389,5.3243,0.0854,1.63,1.22,9558560.16,,,67.1489,4.5939,8.9155,-73.8114,1653600000,,,,,,,
2011-04-25,203091,5.3243,5.4381,5.2774,5.3042,-0.0201,-0.38,0.83,6489503.54,,,66.8955,4.5766,8.8818,-73.5329,1647360000,,,,,,,
2011-04-26,131539,5.2238,5.3544,5.1937,5.2506,-0.0536,-1.01,0.54,4123384.12,,,66.2198,4.5303,8.7921,-72.7902,1630720000,,,,,,,
2011-04-27,142830,5.341,5.341,4.9141,4.9542,-0.2964,-5.65,0.58,4372442,,,62.4823,4.2746,8.2959,-68.6818,1538680000,,,,,,,
2011-04-28,201839,5.0095,5.0815,4.9023,4.9057,-0.0485,-0.98,0.83,5988314.97,,,61.8699,4.2327,8.2146,-68.0087,1523600000,,,,,,,
2011-04-29,58558,4.8889,4.9894,4.8404,4.9844,0.0787,1.6,0.24,1724301.36,,,62.8623,4.3006,8.3463,-69.0996,1548040000,,,,,,,
2011-05-03,286733,5.0396,5.4666,4.9392,5.3109,0.3265,6.55,1.17,8906438.2,,,66.98,4.5823,8.8931,-73.6258,1649440000,,,,,,,
2011-05-04,105106,5.2573,5.2573,5.1267,5.1686,-0.1423,-2.68,0.43,3257058.04,,,65.1851,4.4595,8.6547,-71.6528,1605240000,,,,,,,
2011-05-05,82768,5.12,5.3494,5.12,5.2439,0.0753,1.46,0.34,2599034.56,,,66.1353,4.5246,8.7809,-72.6973,1628640000,,,,,,,
2011-05-06,170680,5.3042,5.3594,5.1585,5.3075,0.0636,1.21,0.7,5401422.64,,,66.9377,4.5794,8.8874,-73.5793,1648400000,,,,,,,
2011-05-09,269243,5.274,5.3494,5.2087,5.2372,-0.0703,-1.32,1.1,8491098.43,,,66.0509,4.5188,8.7697,-72.6045,1626560000,,,,,,,
2011-05-10,131627,5.2372,5.2874,5.1786,5.1836,-0.0536,-1.02,0.54,4090501.77,,,65.3751,4.4725,8.68,-71.8617,1609920000,,,,,,,
2011-05-11,175715,5.2188,5.2523,5.1535,5.1568,-0.0268,-0.52,0.72,5429508.67,,,65.0373,4.4494,8.6351,-71.4903,1601600000,,,,,,,
2011-05-12,149203,5.1568,5.1568,4.9928,5.0028,-0.154,-2.99,0.61,4503492.98,,,63.0946,4.3165,8.3772,-69.3549,1553760000,,,,,,,
2011-05-13,100536,4.9861,5.1066,4.9861,5.0915,0.0887,1.77,0.41,3045524.99,,,64.2138,4.3931,8.5258,-70.5851,1581320000,,,,,,,
2011-05-16,228500,5.0698,5.1836,5.0698,5.0932,0.0017,0.03,0.94,6999346.58,,,64.2349,4.3945,8.5286,-70.6083,1581840000,,,,,,,
2011-05-17,137955,5.0564,5.115,4.9928,5.0547,-0.0385,-0.76,0.56,4161194,,,63.7492,4.3613,8.4641,-70.0745,1569880000,,,,,,,
2011-05-18,85850,5.0145,5.0899,5.0078,5.0463,-0.0084,-0.17,0.35,2579234,,,63.6436,4.3541,8.4501,-69.9584,1567280000,,,,,,,
2011-05-19,85736,5.0547,5.0832,5.0162,5.0179,-0.0284,-0.56,0.35,2583758.68,,,63.2847,4.3295,8.4024,-69.5638,1558440000,,,,,,,
2011-05-20,143950,4.9911,5.0229,4.8889,4.9626,-0.0553,-1.1,0.59,4269786,,,62.5878,4.2819,8.3099,-68.7978,1541280000,,,,,,,
2011-05-23,134070,4.9375,5.0229,4.8739,4.8756,-0.087,-1.75,0.55,3963315.02,,,61.4898,4.2067,8.1641,-67.5909,1514240000,,,,,,,
2011-05-24,255937,4.9358,5.2238,4.7349,5.1016,0.226,4.64,1.05,7640211.42,,,64.3405,4.4018,8.5426,-70.7244,1584440000,,,,,,,
2011-05-25,117932,5.1016,5.1016,4.9727,4.9727,-0.1289,-2.53,0.48,3543059.34,,,62.7145,4.2905,8.3267,-68.9371,1544400000,,,,,,,
2011-05-27,100870,4.9894,4.9894,4.822,4.8722,-0.1005,-2.02,0.41,2933437.65,,,61.4476,4.2038,8.1585,-67.5444,1513200000,,,,,,,
2011-05-30,80220,4.8889,5.0195,4.8253,4.8605,-0.0117,-0.24,0.33,2349823.7,,,61.2998,4.1937,8.1389,-67.382,1509560000,,,,,,,
2011-05-31,75297,4.8722,4.9894,4.8387,4.966,0.1055,2.17,0.31,2206492.85,,,62.6301,4.2847,8.3155,-68.8443,1542320000,,,,,,,
2011-06-01,87192,4.9693,5.0162,4.9191,5.0128,0.0468,0.94,0.36,2599139.79,,,63.2213,4.3252,8.394,-69.4942,1556880000,,,,,,,
2011-06-03,157443,5.0095,5.1167,4.9342,5.0698,0.057,1.14,0.64,4733189.95,,,63.9393,4.3743,8.4893,-70.2834,1574560000,,,,,,,
2011-06-07,152895,5.1418,5.1418,5.0664,5.0899,0.0201,0.4,0.63,4668815,,,64.1927,4.3916,8.523,-70.5619,1580800000,,,,,,,
2011-06-08,70484,5.0899,5.1217,5.0061,5.0882,-0.0017,-0.03,0.29,2129728.43,,,64.1715,4.3902,8.5202,-70.5387,1580280000,,,,,,,
2011-06-09,85833,5.0798,5.1317,4.9894,5.0061,-0.0821,-1.61,0.35,2589274.78,,,63.1369,4.3194,8.3828,-69.4013,1554800000,,,,,,,
2011-06-10,102847,5.0063,5.0063,4.8926,4.9724,-0.0337,-0.67,0.42,2992155.92,,,61.8699,4.4923,8.2146,-68.0087,1523600000,,,,,,,
2011-06-13,50059,5.0165,5.0165,4.8434,4.9894,0.017,0.34,0.2,1466214.75,,,62.0811,4.5077,8.2426,-68.2408,1528800000,,,,,,,
2011-06-14,54809,4.9249,5.0691,4.9249,5.059,0.0696,1.39,0.22,1625623.44,,,62.9468,4.5705,8.3576,-69.1924,1550120000,,,,,,,
2011-06-15,372321,5.0861,5.3118,5.0267,5.1421,0.0831,1.64,1.52,11424095.36,,,63.9815,4.6456,8.4949,-70.3298,1575600000,,,,,,,
2011-06-16,113775,5.1727,5.2185,5.0895,5.1421,0,0,0.47,3449874.42,,,63.9815,4.6456,8.4949,-70.3298,1575600000,,,,,,,
2011-06-17,154003,5.2015,5.21,5.0657,5.0912,-0.0509,-0.99,0.63,4644480.43,,,63.348,4.5997,8.4108,-69.6334,1560000000,,,,,,,
2011-06-20,127190,5.0912,5.193,5.0742,5.1048,0.0136,0.27,0.52,3825170.6,,,63.5169,4.6119,8.4333,-69.8191,1564160000,,,,,,,
2011-06-21,127820,5.1082,5.1778,4.9317,5.0657,-0.0391,-0.77,0.52,3792974.91,,,63.0313,4.5767,8.3688,-69.2853,1552200000,,,,,,,
2011-06-22,63509,5.0895,5.0895,4.9554,5.0505,-0.0152,-0.3,0.26,1869851.88,,,62.8412,4.5629,8.3435,-69.0764,1547520000,,,,,,,
2011-06-23,168571,4.969,5.1727,4.9571,5.1642,0.1137,2.25,0.69,5081972.37,,,64.256,4.6656,8.5314,-70.6315,1582360000,,,,,,,
2011-06-24,295516,5.1625,5.2524,5.1268,5.2253,0.0611,1.18,1.21,9073336.72,,,65.0162,4.7208,8.6323,-71.4671,1601080000,,,,,,,
2011-06-27,248670,5.2236,5.2965,5.21,5.227,0.0017,0.03,1.02,7687822.32,,,65.0373,4.7223,8.6351,-71.4903,1601600000,,,,,,,
2011-06-28,185074,5.2032,5.3882,5.1879,5.3152,0.0882,1.69,0.76,5763599.43,,,66.1353,4.802,8.7809,-72.6973,1628640000,,,,,,,
2011-06-29,175523,5.2626,5.3542,5.2015,5.266,-0.0492,-0.93,0.72,5474151.58,,,65.523,4.7576,8.6996,-72.0242,1613560000,,,,,,,
2011-06-30,230743,5.2643,5.3203,5.21,5.2779,0.0119,0.23,0.94,7175229.46,,,64.972,4.6201,7.6752,-56.9772,1617200000,,,,,,,
2011-07-01,203063,5.3288,5.3288,5.2575,5.2779,0,0,0.83,6316675.02,,,64.972,4.6201,7.6752,-56.9772,1617200000,,,,,,,
2011-07-04,352061,5.3288,5.3627,5.2694,5.3458,0.0679,1.29,1.44,11029472.61,,,65.8076,4.6795,7.7739,-57.71,1638000000,,,,,,,
2011-07-05,339863,5.3424,5.4815,5.3424,5.3712,0.0254,0.48,1.39,10807823.62,,,66.121,4.7018,7.811,-57.9848,1645800000,,,,,,,
2011-07-06,224486,5.3712,5.3712,5.2151,5.3678,-0.0034,-0.06,0.92,7037170,,,66.0792,4.6988,7.806,-57.9482,1644760000,,,,,,,
2011-07-07,651218,5.3661,5.4442,5.283,5.4153,0.0475,0.88,2.67,20663601.86,,,66.6642,4.7404,7.8751,-58.4612,1659320000,,,,,,,
2011-07-08,209566,5.4119,5.4578,5.3509,5.3627,-0.0526,-0.97,0.86,6664008.65,,,66.0166,4.6943,7.7986,-57.8932,1643200000,,,,,,,
2011-07-11,267939,5.322,5.3559,5.2813,5.3458,-0.0169,-0.32,1.1,8395455.78,,,65.8076,4.6795,7.7739,-57.71,1638000000,,,,,,,
2011-07-12,254533,5.2796,5.3101,5.1845,5.1947,-0.1511,-2.83,1.04,7872755.35,,,63.9483,4.5473,7.5543,-56.0795,1591720000,,,,,,,
2011-07-13,386901,5.1794,5.2999,5.115,5.2999,0.1052,2.03,1.58,11942460.16,,,65.2436,4.6394,7.7073,-57.2154,1623960000,,,,,,,
2011-07-14,633439,5.2949,5.4747,5.2609,5.473,0.1731,3.27,2.59,20036355.97,,,67.3745,4.7909,7.959,-59.0841,1677000000,,,,,,,
2011-07-15,504633,5.4747,5.5257,5.417,5.4832,0.0102,0.19,2.07,16285499.18,,,67.4998,4.7998,7.9738,-59.194,1680120000,,,,,,,
2011-07-18,371747,5.5121,5.6529,5.4306,5.4696,-0.0136,-0.25,1.52,12104839.18,,,67.3327,4.7879,7.9541,-59.0474,1675960000,,,,,,,
2011-07-19,310014,5.4391,5.4476,5.3441,5.3559,-0.1137,-2.08,1.27,9836829.44,,,65.933,4.6884,7.7887,-57.82,1641120000,,,,,,,
2011-07-20,359435,5.4476,5.507,5.3882,5.4781,0.1222,2.28,1.47,11557397.51,,,68.0804,4.8411,8.0424,-59.7031,1694570880,,,,,,,
2011-07-21,243358,5.3933,5.5273,5.3797,5.4035,-0.0746,-1.36,1,7821817.65,,,67.1524,4.7751,7.9328,-58.8893,1671472640,,,,,,,
2011-07-22,326941,5.4035,5.4187,5.3407,5.3627,-0.0408,-0.76,1.34,10356493.92,,,66.6463,4.7391,7.873,-58.4454,1658873600,,,,,,,
2011-07-25,255786,5.2796,5.3542,5.059,5.1031,-0.2596,-4.84,1.05,7852212.95,,,63.4194,4.5097,7.4918,-55.6157,1578554720,,,,,,,
2011-07-26,186337,5.0912,5.1116,4.9215,5.0013,-0.1018,-1.99,0.76,5497509.71,,,62.154,4.4197,7.3423,-54.5059,1547057120,,,,,,,
2011-07-27,353481,4.9928,5.0946,4.9639,5.0844,0.0831,1.66,1.45,10537636.8,,,63.1874,4.4932,7.4644,-55.4122,1572780160,,,,,,,
2011-07-28,141409,5.059,5.1336,5.0386,5.0708,-0.0136,-0.27,0.58,4225972.3,,,63.0187,4.4812,7.4445,-55.2642,1568580480,,,,,,,
2011-07-29,145954,5.0844,5.1201,5.0318,5.0912,0.0204,0.4,0.6,4368999.25,,,63.2718,4.4992,7.4744,-55.4862,1574880000,,,,,,,
2011-08-01,201072,5.0573,5.1455,5.0556,5.1031,0.0119,0.23,0.82,6052650.84,,,63.4194,4.5097,7.4918,-55.6157,1578554720,,,,,,,
2011-08-02,340730,5.0674,5.0742,4.9198,5.0573,-0.0458,-0.9,1.39,9980677.65,,,62.8499,4.4692,7.4245,-55.1163,1564380800,,,,,,,
2011-08-03,275729,5.0063,5.2236,4.9724,5.1574,0.1001,1.98,1.13,8333841.52,,,64.0943,4.5577,7.5715,-56.2075,1595353440,,,,,,,
2011-08-04,224613,5.1574,5.2439,5.0725,5.0878,-0.0696,-1.35,0.92,6816921.91,,,63.2296,4.4962,7.4694,-55.4492,1573830080,,,,,,,
2011-08-05,285307,5.0233,5.0233,4.8706,4.9266,-0.1612,-3.17,1.17,8312636.04,,,61.226,4.3537,7.2327,-53.6921,1523958880,,,,,,,
2011-08-08,609266,4.8112,4.9385,4.5838,4.7094,-0.2172,-4.41,2.49,17108240.91,,,58.5264,4.1617,6.9138,-51.3247,1456764000,,,,,,,
2011-08-09,458937,4.5872,4.7484,4.5481,4.6788,-0.0306,-0.65,1.88,12593832.5,,,58.1467,4.1347,6.8689,-50.9918,1447314720,,,,,,,
2011-08-10,598224,4.7518,4.7823,4.5855,4.616,-0.0628,-1.34,2.45,16536143.22,,,57.3664,4.0792,6.7768,-50.3075,1427891200,,,,,,,
2011-08-11,565107,4.5295,4.6941,4.4429,4.6669,0.0509,1.1,2.31,15319768.34,,,57.9991,4.1242,6.8515,-50.8623,1443640000,,,,,,,
2011-08-12,435127,4.6924,4.7705,4.6924,4.7501,0.0832,1.78,1.78,12139889.88,,,59.0326,4.1977,6.9736,-51.7686,1469363040,,,,,,,
2011-08-15,371099,4.762,4.8536,4.762,4.8112,0.0611,1.29,1.52,10526086.4,,,59.7918,4.2517,7.0633,-52.4344,1488261600,,,,,,,
2011-08-16,301131,4.7874,4.8451,4.7535,4.7908,-0.0204,-0.42,1.23,8505882.79,,,59.5387,4.2337,7.0334,-52.2125,1481962080,,,,,,,
2011-08-17,687991,4.7586,5.0725,4.7586,4.9639,0.1731,3.61,2.82,20155857.01,,,61.69,4.3867,7.2875,-54.099,1535508000,,,,,,,
2011-08-18,243459,4.9232,4.9843,4.7688,4.8265,-0.1374,-2.77,1,6984896.86,,,59.9816,4.2652,7.0857,-52.6009,1492986240,,,,,,,
2011-08-19,257034,4.7314,4.8519,4.6873,4.8349,0.0084,0.17,1.05,7218819.15,,,60.0871,4.2727,7.0982,-52.6934,1495611040,,,,,,,
2011-08-22,375639,4.8553,4.93,4.8078,4.8842,0.0493,1.02,1.54,10806443.99,,,60.6987,4.3162,7.1704,-53.2297,1510834880,,,,,,,
2011-08-23,478369,4.9164,5.0505,4.8926,5.0403,0.1561,3.2,1.96,14074726.6,,,62.639,4.4542,7.3996,-54.9313,1559131200,,,,,,,
2011-08-24,779645,4.9639,5.0352,4.9181,4.9385,-0.1018,-2.02,3.19,22857794.04,,,61.3736,4.3642,7.2501,-53.8216,1527633600,,,,,,,
2011-08-25,633665,4.952,4.9656,4.8027,4.9113,-0.0272,-0.55,2.59,18233755.95,,,61.0362,4.3402,7.2103,-53.5257,1519234240,,,,,,,
2011-08-26,431033,4.9385,5.003,4.9011,4.9588,0.0475,0.97,1.76,12596366.69,,,61.6267,4.3822,7.28,-54.0435,1533933120,,,,,,,
2011-08-29,757359,4.9724,4.9724,4.8027,4.8859,-0.0729,-1.47,3.1,21741577.12,,,60.7198,4.3177,7.1729,-53.2482,1511359840,,,,,,,
2011-08-30,484788,4.8943,4.8994,4.7348,4.7382,-0.1477,-3.02,1.98,13802179.32,,,58.8849,4.1872,6.9561,-51.6391,1465688320,,,,,,,
2011-08-31,239436,4.7688,4.801,4.6754,4.7331,-0.0051,-0.11,0.98,6668858.5,,,58.8216,4.1827,6.9487,-51.5837,1464113440,,,,,,,
2011-09-01,200076,4.7348,4.762,4.6534,4.6958,-0.0373,-0.79,0.82,5543076.4,,,58.3577,4.1497,6.8939,-51.1768,1452564320,,,,,,,
2011-09-02,139800,4.6856,4.7128,4.6415,4.6585,-0.0373,-0.79,0.57,3844315.19,,,57.8937,4.1167,6.839,-50.7699,1441015200,,,,,,,
2011-09-05,335871,4.5957,4.6075,4.4667,4.4803,-0.1782,-3.83,1.38,8944624.1,,,55.6792,3.9593,6.5774,-48.8278,1385894400,,,,,,,
2011-09-06,441346,4.465,4.5108,4.3954,4.4633,-0.017,-0.38,1.81,11543101.7,,,55.4682,3.9443,6.5525,-48.6429,1380644800,,,,,,,
2011-09-07,213366,4.4531,4.5312,4.4531,4.5227,0.0594,1.33,0.87,5659362.14,,,56.2064,3.9968,6.6397,-49.2902,1399018400,,,,,,,
2011-09-08,325017,4.5532,4.689,4.4887,4.5023,-0.0204,-0.45,1.33,8807006.23,,,55.9533,3.9788,6.6098,-49.0683,1392718880,,,,,,,
2011-09-09,239406,4.5447,4.5804,4.409,4.4378,-0.0645,-1.43,0.98,6294821.52,,,55.1519,3.9218,6.5152,-48.3655,1372770400,,,,,,,
2011-09-13,237222,4.3954,4.3954,4.3106,4.3122,-0.1256,-2.83,0.97,6059918.68,,,53.5912,3.8108,6.3308,-46.9968,1333923360,,,,,,,
2011-09-14,123123,4.3598,4.3649,4.263,4.353,0.0408,0.95,0.5,3142990.65,,,54.0974,3.8468,6.3906,-47.4407,1346522400,,,,,,,
2011-09-15,216545,4.353,4.4837,4.353,4.4446,0.0916,2.1,0.89,5663856.74,,,55.2362,3.9278,6.5251,-48.4394,1374870240,,,,,,,
2011-09-16,142384,4.4616,4.5261,4.4175,4.4429,-0.0017,-0.04,0.58,3734397.04,,,55.2152,3.9263,6.5226,-48.4209,1374345280,,,,,,,
2011-09-19,77999,4.4276,4.4276,4.3292,4.336,-0.1069,-2.41,0.32,2004002.1,,,53.8865,3.8318,6.3657,-47.2557,1341272800,,,,,,,
2011-09-20,255620,4.2936,4.3649,4.2783,4.3258,-0.0102,-0.24,1.05,6516711.6,,,53.7599,3.8228,6.3507,-47.1448,1338123040,,,,,,,
2011-09-21,354509,4.2902,4.4429,4.2766,4.4344,0.1086,2.51,1.45,9147311.78,,,55.1097,3.9188,6.5102,-48.3285,1371720480,,,,,,,
2011-09-22,360190,4.4124,4.4735,4.3004,4.3004,-0.134,-3.02,1.47,9381080.78,,,53.4435,3.8003,6.3133,-46.8673,1330248640,,,,,,,
2011-09-23,221763,4.2427,4.2427,4.151,4.2223,-0.0781,-1.82,0.91,5481758.21,,,52.4734,3.7313,6.1987,-46.0165,1306100480,,,,,,,
2011-09-26,235010,4.2019,4.241,4.073,4.1137,-0.1086,-2.57,0.96,5728223.3,,,51.1236,3.6353,6.0393,-44.8328,1272503040,,,,,,,
2011-09-27,134945,4.1239,4.1714,4.0865,4.1476,0.0339,0.82,0.55,3276205.75,,,51.5454,3.6653,6.0891,-45.2027,1283002240,,,,,,,
2011-09-28,169700,4.1476,4.1697,4.0594,4.0645,-0.0831,-2,0.69,4128836,,,50.512,3.5918,5.967,-44.2965,1257279200,,,,,,,
2011-09-29,249651,3.9983,4.0373,3.9219,3.9457,-0.1188,-2.92,1.02,5825373.3,,,49.0356,3.4869,5.7926,-43.0018,1220532000,,,,,,,
2011-09-30,116901,3.9457,3.9983,3.8863,3.9474,0.0017,0.04,0.48,2706564.05,,,46.6405,3.3096,4.7163,-27.6016,1221056960,,,,,,,
2011-10-10,134685,3.9847,3.9881,3.9372,3.9593,0.0119,0.3,0.55,3137128.47,,,46.7809,3.3195,4.7305,-27.6847,1224731680,,,,,,,
2011-10-11,414900,4.073,4.073,3.7929,3.8439,-0.1154,-2.91,1.7,9622066.05,,,45.4174,3.2228,4.5926,-26.8777,1189034400,,,,,,,
2011-10-12,285798,3.8337,3.983,3.7166,3.9796,0.1357,3.53,1.17,6527158.82,,,47.0215,3.3366,4.7548,-27.8271,1231031200,,,,,,,
2011-10-13,254998,3.9677,4.056,3.9372,4.0136,0.034,0.85,1.04,6023924.14,,,47.4226,3.3651,4.7954,-28.0644,1241530400,,,,,,,
2011-10-14,169113,3.9966,4.0034,3.9033,3.9864,-0.0272,-0.68,0.69,3929313.57,,,47.1017,3.3423,4.7629,-27.8745,1233131040,,,,,,,
2011-10-17,232452,3.9915,4.0339,3.944,3.9779,-0.0085,-0.21,0.95,5458111.34,,,47.0015,3.3352,4.7528,-27.8152,1230506240,,,,,,,
2011-10-18,188515,3.9117,3.9694,3.7929,3.8031,-0.1748,-4.39,0.77,4329326.7,,,44.9361,3.1886,4.5439,-26.5929,1176435360,,,,,,,
2011-10-19,204567,3.8031,3.8354,3.7166,3.7335,-0.0696,-1.83,0.84,4538651.5,,,44.114,3.1303,4.4608,-26.1064,1154912000,,,,,,,
2011-10-20,214439,3.7319,3.7319,3.591,3.591,-0.1425,-3.82,0.88,4588405.56,,,42.4297,3.0108,4.2905,-25.1096,1110815360,,,,,,,
2011-10-21,253790,3.6165,3.6826,3.5655,3.5808,-0.0102,-0.28,1.04,5405861.4,,,42.3094,3.0022,4.2783,-25.0384,1107665600,,,,,,,
2011-10-24,502343,3.5978,3.6148,3.4026,3.5961,0.0153,0.43,2.06,10376560.14,,,42.4898,3.015,4.2966,-25.1452,1112390240,,,,,,,
2011-10-25,455202,3.6266,3.815,3.5689,3.7929,0.1968,5.47,1.86,9928066.09,,,44.8158,3.1801,4.5318,-26.5217,1173285600,,,,,,,
2011-10-26,674921,3.742,3.9796,3.742,3.888,0.0951,2.51,2.76,15508622.52,,,45.9387,3.2598,4.6453,-27.1863,1202683360,,,,,,,
2011-10-27,668846,3.8982,4.0356,3.8829,3.9372,0.0492,1.27,2.74,15652578.42,,,46.5202,3.301,4.7041,-27.5304,1217907200,,,,,,,
2011-10-28,1483314,3.9881,4.3309,3.9287,4.3309,0.3937,10,6.07,36396230.58,,,51.1723,3.6311,5.1745,-30.2834,1339697920,,,,,,,
2011-10-31,3990804,4.448,4.7314,4.448,4.6669,0.336,7.76,16.34,108083434.41,,,55.1425,3.9128,5.576,-32.633,1443640000,,,,,,,
2011-11-01,1988586,4.5787,4.6432,4.5193,4.6211,-0.0458,-0.98,8.14,53720695.08,,,54.6011,3.8744,5.5213,-32.3126,1429466080,,,,,,,
2011-11-02,2203136,4.4904,4.9181,4.4769,4.8434,0.2223,4.81,9.02,60278972.2,,,57.2279,4.0608,5.7869,-33.8671,1498235840,,,,,,,
2011-11-03,1912172,4.7823,4.8842,4.6313,4.6313,-0.2121,-4.38,7.83,53058587.36,,,54.7214,3.883,5.5334,-32.3838,1432615840,,,,,,,
2011-11-04,1289034,4.6177,4.7128,4.4989,4.6126,-0.0187,-0.4,5.28,34819301.83,,,54.5009,3.8673,5.5111,-32.2533,1426841280,,,,,,,
2011-11-07,908667,4.5821,4.6703,4.5278,4.6313,0.0187,0.41,3.72,24749779.6,,,54.7214,3.883,5.5334,-32.3838,1432615840,,,,,,,
2011-11-08,739541,4.6551,4.6551,4.4972,4.521,-0.1103,-2.38,3.03,19915820.6,,,53.4181,3.7905,5.4016,-31.6125,1398493440,,,,,,,
2011-11-09,1030623,4.5651,4.6754,4.4853,4.6432,0.1222,2.7,4.22,27911512.24,,,54.8618,3.8929,5.5476,-32.4669,1436290560,,,,,,,
2011-11-10,1641631,4.5957,4.8366,4.5329,4.5329,-0.1103,-2.38,6.72,45612588.98,,,53.5584,3.8004,5.4158,-31.6956,1402168160,,,,,,,
2011-11-11,876965,4.5787,4.6143,4.4887,4.5447,0.0118,0.26,3.59,23553473.67,,,53.6988,3.8104,5.43,-31.7786,1405842880,,,,,,,
2011-11-14,1540565,4.6635,4.8366,4.6415,4.6992,0.1545,3.4,6.31,43049101.49,,,55.5235,3.9399,5.6145,-32.8585,1453614240,,,,,,,
2011-11-15,1164279,4.6466,4.8163,4.6466,4.7688,0.0696,1.48,4.77,32525441.43,,,56.3456,3.9982,5.6977,-33.345,1475137600,,,,,,,
2011-11-16,950875,4.7942,4.7942,4.5312,4.5991,-0.1697,-3.56,3.89,26048993.14,,,54.3404,3.8559,5.4949,-32.1584,1422641600,,,,,,,
2011-11-17,1941285,4.5838,4.8163,4.5838,4.7739,0.1748,3.8,7.95,54301799.28,,,56.4058,4.0025,5.7037,-33.3806,1476712480,,,,,,,
2011-11-18,1239308,4.7195,4.7976,4.5549,4.5651,-0.2088,-4.37,5.07,33937511.52,,,53.9394,3.8275,5.4543,-31.921,1412142400,,,,,,,
2011-11-21,1410635,4.5481,4.6092,4.2189,4.3139,-0.2512,-5.5,5.77,36011044.34,,,50.9717,3.6169,5.1543,-30.1648,1334448320,,,,,,,
2011-11-22,566439,4.2444,4.3733,4.2427,4.3564,0.0425,0.99,2.32,14407365.03,,,51.473,3.6525,5.2049,-30.4614,1347572320,,,,,,,
2011-11-23,482402,4.3564,4.4039,4.3139,4.336,-0.0204,-0.47,1.97,12400884.19,,,51.2324,3.6354,5.1806,-30.319,1341272800,,,,,,,
2011-11-24,624803,4.3021,4.409,4.207,4.3801,0.0441,1.02,2.56,15919339.31,,,51.7538,3.6724,5.2333,-30.6276,1354921760,,,,,,,
2011-11-25,450142,4.3699,4.4022,4.2613,4.3258,-0.0543,-1.24,1.84,11536189.59,,,51.1121,3.6269,5.1684,-30.2478,1338123040,,,,,,,
2011-11-28,589280,4.3784,4.4243,4.3038,4.3581,0.0323,0.75,2.41,15166366.85,,,51.4931,3.6539,5.207,-30.4733,1348097280,,,,,,,
2011-11-29,393507,4.3903,4.4124,4.3275,4.3852,0.0271,0.62,1.61,10106510.92,,,51.8139,3.6767,5.2394,-30.6632,1356496640,,,,,,,
2011-11-30,936458,4.3462,4.4243,3.9559,4.0305,-0.3547,-8.09,3.83,23269613.51,,,47.6231,3.3793,4.8156,-28.1831,1246780000,,,,,,,
2011-12-01,677978,4.1918,4.2596,4.1442,4.1918,0.1613,4,2.78,16803064.4,,,49.528,3.5145,5.0083,-29.3104,1296651200,,,,,,,
2011-12-02,408667,4.1985,4.2325,4.039,4.073,-0.1188,-2.83,1.67,9941960.01,,,48.1244,3.4149,4.8663,-28.4797,1259904000,,,,,,,
2011-12-05,498130,4.1307,4.1307,3.8235,3.8982,-0.1748,-4.29,2.04,11520989.87,,,46.059,3.2683,4.6575,-27.2575,1205833120,,,,,,,
2011-12-06,376065,3.8523,4.039,3.8184,3.9796,0.0814,2.09,1.54,8752565.98,,,47.0215,3.3366,4.7548,-27.8271,1231031200,,,,,,,
2011-12-07,661246,3.9677,4.1035,3.9355,3.9898,0.0102,0.26,2.71,15614118.87,,,47.1418,3.3451,4.767,-27.8983,1234180960,,,,,,,
2011-12-08,910628,3.9915,4.1307,3.8099,4.0543,0.0645,1.62,3.73,21343129.75,,,47.9038,3.3992,4.844,-28.3492,1254129440,,,,,,,
2011-12-09,1667554,3.9134,4.2919,3.9134,4.2427,0.1884,4.65,6.83,40999428.36,,,50.1296,3.5571,5.0691,-29.6664,1312400000,,,,,,,
2011-12-12,834196,4.2359,4.3055,4.1748,4.2427,0,0,3.42,20846720.71,,,50.1296,3.5571,5.0691,-29.6664,1312400000,,,,,,,
2011-12-13,1554766,4.2257,4.431,4.1493,4.3275,0.0848,2,6.36,39470682.37,,,51.1322,3.6283,5.1705,-30.2597,1338648000,,,,,,,
2011-12-14,1336695,4.2461,4.336,3.9915,4.022,-0.3055,-7.06,5.47,32913039.58,,,47.5228,3.3722,4.8055,-28.1237,1244155200,,,,,,,
2011-12-15,774717,3.9066,4.1154,3.8744,4.0051,-0.0169,-0.42,3.17,18396463.61,,,47.3223,3.3579,4.7852,-28.0051,1238905600,,,,,,,
2011-12-16,1457754,3.9593,4.319,3.9593,4.2478,0.2427,6.06,5.97,35474103.47,,,50.1897,3.5614,5.0752,-29.702,1313974880,,,,,,,
2011-12-19,2387662,4.2579,4.5125,4.1833,4.4412,0.1934,4.55,9.77,61389706.49,,,52.4756,3.7236,5.3063,-31.0548,1373820320,,,,,,,
2011-12-20,1938162,4.3954,4.4446,4.2512,4.2766,-0.1646,-3.71,7.93,49581368.92,,,50.5306,3.5856,5.1096,-29.9037,1322899200,,,,,,,
2011-12-21,2309925,4.336,4.3564,3.9847,3.9864,-0.2902,-6.79,9.46,56618408.05,,,47.1017,3.3423,4.7629,-27.8745,1233131040,,,,,,,
2011-12-22,1945994,3.9202,4.1375,3.7675,4.073,0.0866,2.17,7.97,45188638.44,,,48.1244,3.4149,4.8663,-28.4797,1259904000,,,,,,,
2011-12-23,1200256,4.0068,4.1391,3.9847,4.0458,-0.0272,-0.67,4.91,28773335.17,,,47.8036,3.3921,4.8339,-28.2899,1251504640,,,,,,,
2011-12-26,741052,3.9983,4.0696,3.8591,3.8693,-0.1765,-4.36,3.03,17382698.59,,,45.7182,3.2441,4.623,-27.0557,1196908800,,,,,,,
2011-12-27,872009,3.8506,3.8642,3.5672,3.5978,-0.2715,-7.02,3.57,19391426.3,,,42.5099,3.0165,4.2986,-25.1571,1112915200,,,,,,,
2011-12-28,768166,3.5638,3.6487,3.5129,3.5978,0,0,3.14,16226574.13,,,42.5099,3.0165,4.2986,-25.1571,1112915200,,,,,,,
2011-12-29,422209,3.5978,3.6708,3.5655,3.6708,0.073,2.03,1.73,9049014.89,,,43.3721,3.0776,4.3858,-25.6674,1135488480,,,,,,,
2011-12-30,527972,3.6826,3.8235,3.664,3.7845,0.1137,3.1,2.16,11723533.68,,,44.7156,3.173,4.5216,-26.4624,1170660800,,,,,,,
2012-01-04,541752,3.8184,3.8489,3.6283,3.63,-0.1545,-4.08,2.22,12020421.47,,,40.1559,2.9967,3.9283,-14.6352,1122889440,,,,,,,
2012-01-05,582826,3.6148,3.6826,3.4756,3.5265,-0.1035,-2.85,2.39,12224684.84,,,39.0107,2.9112,3.8163,-14.2178,1090866880,,,,,,,
2012-01-06,465205,3.5231,3.7166,3.3721,3.6623,0.1358,3.85,1.9,9635615.81,,,40.5126,3.0233,3.9632,-14.7652,1132863680,,,,,,,
2012-01-09,984253,3.6317,3.8235,3.608,3.8065,0.1442,3.94,4.03,21482805.11,,,42.1083,3.1424,4.1193,-15.3468,1177485280,,,,,,,
2012-01-10,815599,3.7539,3.9236,3.7539,3.8931,0.0866,2.28,3.34,18545254.23,,,43.0658,3.2138,4.213,-15.6957,1204258240,,,,,,,
2012-01-11,654477,3.8846,3.9711,3.8354,3.8625,-0.0306,-0.79,2.68,15025083.2,,,42.7278,3.1886,4.1799,-15.5726,1194808960,,,,,,,
2012-01-13,915513,3.7929,3.8608,3.479,3.5214,-0.3411,-8.83,3.75,19507220.78,,,38.9544,2.907,3.8108,-14.1973,1089292000,,,,,,,
2012-01-16,686420,3.5112,3.5146,3.3975,3.44,-0.0814,-2.31,2.81,14011650.84,,,38.0533,2.8398,3.7226,-13.8689,1064093920,,,,,,,
2012-01-17,475517,3.4281,3.6742,3.4281,3.6402,0.2002,5.82,1.95,9974709.28,,,40.2685,3.0051,3.9393,-14.6763,1126039200,,,,,,,
2012-01-18,920956,3.6046,3.7098,3.2923,3.311,-0.3292,-9.04,3.77,18827001.33,,,36.6265,2.7333,3.583,-13.3489,1024196960,,,,,,,
2012-01-19,482781,3.2957,3.3907,3.2736,3.389,0.078,2.36,1.98,9525942.1,,,37.4901,2.7977,3.6675,-13.6636,1048345120,,,,,,,
2012-01-20,438298,3.3873,3.4739,3.3772,3.4518,0.0628,1.85,1.79,8849568.11,,,38.1847,2.8496,3.7355,-13.9168,1067768640,,,,,,,
2012-01-30,357303,3.5044,3.5044,3.3823,3.3907,-0.0611,-1.77,1.46,7222164.84,,,37.5089,2.7991,3.6694,-13.6705,1048870080,,,,,,,
2012-01-31,343366,3.423,3.423,3.3093,3.3992,0.0085,0.25,1.41,6778114.29,,,37.6027,2.8061,3.6785,-13.7047,1051494880,,,,,,,
2012-02-01,831011,3.4009,3.5214,3.3534,3.4671,0.0679,2,3.4,17024980.03,,,38.3537,2.8622,3.752,-13.9784,1072493280,,,,,,,
2012-02-02,828302,3.4722,3.6283,3.4484,3.6046,0.1375,3.97,3.39,17351310.52,,,39.8743,2.9757,3.9008,-14.5326,1115015040,,,,,,,
2012-02-03,1022403,3.5554,3.7369,3.5554,3.7149,0.1103,3.06,4.19,22061358.48,,,41.0946,3.0667,4.0201,-14.9773,1149137440,,,,,,,
2012-02-06,919466,3.7319,3.8099,3.6674,3.7285,0.0136,0.37,3.76,20191765.06,,,41.2448,3.0779,4.0348,-15.0321,1153337120,,,,,,,
2012-02-07,707717,3.686,3.7166,3.6012,3.664,-0.0645,-1.73,2.9,15223826.78,,,40.5314,3.0247,3.965,-14.7721,1133388640,,,,,,,
2012-02-08,812620,3.6232,3.7811,3.6181,3.776,0.112,3.06,3.33,17860385.1,,,41.7704,3.1172,4.0862,-15.2236,1168036000,,,,,,,
2012-02-09,1288043,3.759,3.9542,3.7522,3.8184,0.0424,1.12,5.27,29421983.84,,,42.2397,3.1522,4.1322,-15.3947,1181160000,,,,,,,
2012-02-10,879664,3.8473,3.9033,3.8116,3.8931,0.0747,1.96,3.6,20039945.13,,,43.0658,3.2138,4.213,-15.6957,1204258240,,,,,,,
2012-02-13,1210980,3.8388,4.056,3.8252,3.9864,0.0933,2.4,4.96,28415737.78,,,44.0983,3.2909,4.314,-16.072,1233131040,,,,,,,
2012-02-14,967909,3.9372,3.9881,3.8863,3.8999,-0.0865,-2.17,3.96,22423321.7,,,43.1408,3.2194,4.2203,-15.7231,1206358080,,,,,,,
2012-02-15,608945,3.8608,3.9542,3.8608,3.9372,0.0373,0.96,2.49,14036802.71,,,43.5539,3.2502,4.2607,-15.8736,1217907200,,,,,,,
2012-02-16,724935,3.9372,3.9389,3.8523,3.8795,-0.0577,-1.47,2.97,16637306.5,,,42.9156,3.2026,4.1983,-15.641,1200058560,,,,,,,
2012-02-17,770493,3.8863,3.9202,3.7845,3.8812,0.0017,0.04,3.15,17490581.79,,,42.9343,3.204,4.2001,-15.6478,1200583520,,,,,,,
2012-02-20,1362648,3.9355,4.0187,3.8693,4.0187,0.1375,3.54,5.58,31836200.89,,,44.455,3.3175,4.3489,-16.202,1243105280,,,,,,,
2012-02-21,978322,4.0187,4.1476,3.9542,4.1239,0.1052,2.62,4,23243833.1,,,45.6189,3.4044,4.4627,-16.6263,1275652800,,,,,,,
2012-02-22,1199363,4.112,4.1816,4.0781,4.168,0.0441,1.07,4.91,29142246.94,,,46.107,3.4408,4.5105,-16.8042,1289301760,,,,,,,
2012-02-23,962260,4.1714,4.2087,4.0984,4.1561,-0.0119,-0.29,3.94,23540517.48,,,45.9756,3.431,4.4976,-16.7563,1285627040,,,,,,,
2012-02-24,1226030,4.1612,4.3021,4.1459,4.2953,0.1392,3.35,5.02,30701450.75,,,47.515,3.5459,4.6482,-17.3173,1328673760,,,,,,,
2012-02-27,1933928,4.3258,4.5651,4.3258,4.3767,0.0814,1.9,7.92,50451628.06,,,48.4161,3.6131,4.7364,-17.6457,1353871840,,,,,,,
2012-02-28,2324054,4.3377,4.4209,4.1069,4.3767,0,0,9.51,58643976,,,48.4161,3.6131,4.7364,-17.6457,1353871840,,,,,,,
2012-02-29,1709269,4.1765,4.224,4.0526,4.0696,-0.3071,-7.02,7,41469589.53,,,45.0182,3.3595,4.404,-16.4073,1258854080,,,,,,,
2012-03-01,1181924,4.1239,4.2002,4.0645,4.0747,0.0051,0.13,4.84,28730066.55,,,45.0745,3.3637,4.4095,-16.4278,1260428960,,,,,,,
2012-03-02,1321817,4.0781,4.1714,4.0764,4.1493,0.0746,1.83,5.41,32056188.32,,,45.9005,3.4254,4.4903,-16.7289,1283527200,,,,,,,
2012-03-05,1022948,4.1816,4.2053,4.1222,4.1307,-0.0186,-0.45,4.19,25055960.97,,,45.694,3.41,4.4701,-16.6536,1277752640,,,,,,,
2012-03-06,1041195,4.0967,4.1154,3.9643,3.9915,-0.1392,-3.37,4.26,24649561.58,,,44.1546,3.2951,4.3195,-16.0926,1234705920,,,,,,,
2012-03-07,789994,3.927,4.0611,3.927,3.9694,-0.0221,-0.55,3.23,18634712.39,,,43.9106,3.2769,4.2956,-16.0036,1227881440,,,,,,,
2012-03-08,1382451,3.9728,4.022,3.9711,3.9898,0.0204,0.51,5.66,32566280.24,,,44.1358,3.2937,4.3176,-16.0857,1234180960,,,,,,,
2012-03-09,1440384,4.0271,4.0645,4,4.0526,0.0628,1.57,5.9,34246749.61,,,44.8304,3.3455,4.3856,-16.3389,1253604480,,,,,,,
2012-03-12,1112484,4.0424,4.1341,4.039,4.1103,0.0577,1.42,4.55,26799381.1,,,45.4687,3.3931,4.448,-16.5715,1271453120,,,,,,,
2012-03-13,1106016,4.1205,4.1748,4.0899,4.1646,0.0543,1.32,4.53,26909674.93,,,46.0695,3.438,4.5068,-16.7905,1288251840,,,,,,,
2012-03-14,2955498,4.1663,4.1901,3.8082,3.8184,-0.3462,-8.31,12.1,70643656.38,,,42.2397,3.1522,4.1322,-15.3947,1181160000,,,,,,,
2012-03-15,1401192,3.8473,3.8574,3.7251,3.7879,-0.0305,-0.8,5.74,31263083.42,,,41.9018,3.127,4.0991,-15.2715,1171710720,,,,,,,
2012-03-16,1012676,3.8048,3.8812,3.7726,3.8625,0.0746,1.97,4.15,22860041.03,,,42.7278,3.1886,4.1799,-15.5726,1194808960,,,,,,,
2012-03-19,871509,3.8659,3.9168,3.8252,3.9151,0.0526,1.36,3.57,19890630.41,,,43.3098,3.232,4.2368,-15.7847,1211082720,,,,,,,
2012-03-20,851503,3.905,3.9321,3.7709,3.776,-0.1391,-3.55,3.49,19182184.42,,,41.7704,3.1172,4.0862,-15.2236,1168036000,,,,,,,
2012-03-21,1054548,3.7896,3.8065,3.6657,3.7471,-0.0289,-0.77,4.32,23176564.41,,,41.4513,3.0933,4.055,-15.1073,1159111680,,,,,,,
2012-03-22,574846,3.7166,3.7777,3.7132,3.7641,0.017,0.45,2.35,12694788.42,,,41.639,3.1073,4.0734,-15.1757,1164361280,,,,,,,
2012-03-23,820415,3.7488,3.7539,3.6623,3.6792,-0.0849,-2.26,3.36,17895709.99,,,40.7003,3.0373,3.9816,-14.8336,1138113280,,,,,,,
2012-03-26,325433,3.6843,3.7302,3.6792,3.7013,0.0221,0.6,1.33,7107783.09,,,40.9444,3.0555,4.0054,-14.9226,1144937760,,,,,,,
2012-03-28,681439,3.6572,3.7098,3.4722,3.479,-0.2223,-6.01,2.79,14237016.42,,,38.4851,2.872,3.7648,-14.0263,1076168000,,,,,,,
2012-03-29,501654,3.479,3.518,3.3958,3.4518,-0.0272,-0.78,2.05,10234459.62,,,38.1847,2.8496,3.7355,-13.9168,1067768640,,,,,,,
2012-03-30,565267,3.4943,3.4943,3.3772,3.4111,-0.0407,-1.18,2.31,11387675.81,,,37.7342,2.8159,3.6914,-13.7526,1055169600,,,,,,,
2012-04-05,736140,3.4247,3.5638,3.4128,3.5469,0.1358,3.98,3.01,15200522.72,,,37.9169,2.9293,3.7045,-12.3316,1097166400,,,,,,,
2012-04-06,545580,3.5435,3.5893,3.4977,3.5469,0,0,2.23,11402460.38,,,37.9169,2.9293,3.7045,-12.3316,1097166400,,,,,,,
2012-04-09,365985,3.5384,3.5554,3.4858,3.4943,-0.0526,-1.48,1.5,7570407.56,,,37.3545,2.8858,3.6496,-12.1487,1080892640,,,,,,,
2012-04-10,533883,3.4722,3.5163,3.3856,3.496,0.0017,0.05,2.19,10829520.36,,,37.3727,2.8872,3.6513,-12.1546,1081417600,,,,,,,
2012-04-11,457544,3.4247,3.5299,3.4247,3.5044,0.0084,0.24,1.87,9405836.98,,,37.4634,2.8943,3.6602,-12.1841,1084042400,,,,,,,
2012-04-12,618169,3.5129,3.5978,3.5095,3.591,0.0866,2.47,2.53,12965572.62,,,38.3886,2.9657,3.7506,-12.485,1110815360,,,,,,,
2012-04-13,483954,3.608,3.6385,3.5757,3.5961,0.0051,0.14,1.98,10282215.17,,,38.443,2.9699,3.7559,-12.5027,1112390240,,,,,,,
2012-04-16,394604,3.5604,3.6114,3.5469,3.5893,-0.0068,-0.19,1.62,8320084.28,,,38.3705,2.9643,3.7488,-12.4791,1110290400,,,,,,,
2012-04-17,386372,3.5655,3.6046,3.5197,3.5401,-0.0492,-1.37,1.58,8091944.62,,,37.8443,2.9237,3.6974,-12.308,1095066560,,,,,,,
2012-04-18,503115,3.5401,3.6453,3.4603,3.6351,0.095,2.68,2.06,10660391.14,,,38.8603,3.0022,3.7967,-12.6384,1124464320,,,,,,,
2012-04-19,495636,3.6317,3.6572,3.6097,3.6419,0.0068,0.19,2.03,10624119.05,,,38.9329,3.0078,3.8038,-12.662,1126564160,,,,,,,
2012-04-20,527141,3.6572,3.6758,3.6198,3.6742,0.0323,0.89,2.16,11359169.95,,,39.2776,3.0344,3.8374,-12.7741,1136538400,,,,,,,
2012-04-23,972698,3.6012,3.6232,3.4128,3.4433,-0.2309,-6.28,3.98,20071061.39,,,36.8102,2.8438,3.5964,-11.9717,1065143840,,,,,,,
2012-04-24,586565,3.3941,3.4722,3.3636,3.4332,-0.0101,-0.29,2.4,11792123.59,,,36.7014,2.8354,3.5858,-11.9363,1061994080,,,,,,,
2012-04-25,291677,3.445,3.5027,3.4349,3.4637,0.0305,0.89,1.19,5978192.83,,,37.028,2.8606,3.6177,-12.0425,1071443360,,,,,,,
2012-04-26,388695,3.4926,3.4943,3.4128,3.4366,-0.0271,-0.78,1.59,7886313.28,,,36.7377,2.8382,3.5893,-11.9481,1063044000,,,,,,,
2012-04-27,714177,3.4111,3.4773,3.4111,3.4773,0.0407,1.18,2.92,14502686.13,,,37.1731,2.8718,3.6318,-12.0897,1075643040,,,,,,,
2012-05-02,570721,3.5027,3.5621,3.496,3.5418,0.0645,1.85,2.34,11859620.59,,,37.8625,2.9251,3.6992,-12.3139,1095591520,,,,,,,
2012-05-03,496078,3.5299,3.5299,3.4624,3.5023,-0.0395,-1.12,1.13,5648466.59,,,37.2602,2.9195,3.6403,-12.118,1078162848,,,,,,,
2012-05-04,1518193,3.5453,3.6711,3.5176,3.5944,0.0921,2.63,3.45,17923553.94,,,38.2398,2.9962,3.7361,-12.4366,1106510688,,,,,,,
2012-05-07,1925538,3.5606,3.7294,3.5545,3.711,0.1166,3.24,4.38,23043164.04,,,39.4808,3.0935,3.8573,-12.8402,1142417952,,,,,,,
2012-05-08,1781223,3.7294,3.7632,3.6527,3.6987,-0.0123,-0.33,4.05,21471727.61,,,39.3501,3.0832,3.8445,-12.7977,1138638240,,,,,,,
2012-05-09,1400693,3.6527,3.7141,3.5944,3.6159,-0.0828,-2.24,3.19,16632140.02,,,38.4684,3.0141,3.7584,-12.511,1113125184,,,,,,,
2012-05-10,1070909,3.6343,3.668,3.576,3.6159,0,0,2.44,12623075.47,,,38.4684,3.0141,3.7584,-12.511,1113125184,,,,,,,
2012-05-11,907865,3.6159,3.6465,3.576,3.5913,-0.0246,-0.68,2.06,10687021.76,,,38.2072,2.9937,3.7329,-12.426,1105565760,,,,,,,
2012-05-14,1375953,3.6159,3.7079,3.5637,3.622,0.0307,0.85,3.13,16280082.22,,,38.5337,3.0193,3.7648,-12.5322,1115015040,,,,,,,
2012-05-15,926699,3.6159,3.6159,3.4992,3.5422,-0.0798,-2.2,2.11,10713026.75,,,37.6847,2.9527,3.6818,-12.2561,1090446912,,,,,,,
2012-05-16,863720,3.5054,3.5606,3.444,3.444,-0.0982,-2.77,1.96,9879985.76,,,36.6397,2.8709,3.5797,-11.9162,1060209216,,,,,,,
2012-05-17,484327,3.4839,3.5084,3.4378,3.4931,0.0491,1.43,1.1,5490473.49,,,37.1622,2.9118,3.6308,-12.0862,1075328064,,,,,,,
2012-05-18,3472299,3.4685,3.7877,3.4409,3.6251,0.132,3.78,7.9,41415519.08,,,38.5664,3.0218,3.768,-12.5429,1115959968,,,,,,,
2012-05-21,1828201,3.5944,3.665,3.4716,3.5023,-0.1228,-3.39,4.16,21034475.65,,,37.2602,2.9195,3.6403,-12.118,1078162848,,,,,,,
2012-05-22,732904,3.5115,3.5483,3.4992,3.5422,0.0399,1.14,1.67,8418960.57,,,37.6847,2.9527,3.6818,-12.2561,1090446912,,,,,,,
2012-05-23,917552,3.5391,3.5514,3.4532,3.4532,-0.089,-2.51,2.09,10465354.31,,,36.7377,2.8785,3.5893,-11.9481,1063044000,,,,,,,
2012-05-24,522180,3.4378,3.4992,3.4378,3.4685,0.0153,0.44,1.19,5900896.42,,,36.901,2.8913,3.6053,-12.0012,1067768640,,,,,,,
2012-05-25,787018,3.4747,3.5453,3.4071,3.4133,-0.0552,-1.59,1.79,8891913.71,,,36.3132,2.8453,3.5478,-11.81,1050759936,,,,,,,
2012-05-28,684136,3.4133,3.4777,3.3918,3.4716,0.0583,1.71,1.56,7668181.87,,,36.9336,2.8939,3.6084,-12.0118,1068713568,,,,,,,
2012-05-29,787703,3.4716,3.5729,3.4654,3.5268,0.0552,1.59,1.79,9036369.49,,,37.5214,2.9399,3.6659,-12.203,1085722272,,,,,,,
2012-05-30,3166816,3.5299,3.7386,3.5084,3.6373,0.1105,3.13,7.2,37853861.31,,,38.697,3.0321,3.7807,-12.5853,1119739680,,,,,,,
2012-05-31,7692804,3.6772,4.0026,3.6373,3.9044,0.2671,7.34,17.5,97124389.47,,,41.5381,3.2547,4.0583,-13.5093,1201948416,,,,,,,
2012-06-01,4986360,3.843,3.8737,3.6987,3.7663,-0.1381,-3.54,11.34,61236897.33,,,40.0686,3.1395,3.9147,-13.0314,1159426656,,,,,,,
2012-06-04,3462969,3.6527,3.8614,3.6404,3.6895,-0.0768,-2.04,7.88,42392670.23,,,39.2522,3.0756,3.835,-12.7659,1135803456,,,,,,,
2012-06-05,4701671,3.7233,3.8982,3.7233,3.8982,0.2087,5.66,10.69,58695059.79,,,41.4728,3.2495,4.0519,-13.4881,1200058560,,,,,,,
2012-06-06,5509550,3.9596,4.0456,3.886,3.9412,0.043,1.1,12.53,71254244.04,,,41.9299,3.2854,4.0966,-13.6368,1213287552,,,,,,,
2012-06-07,4693254,3.9811,4.1377,3.9167,3.9351,-0.0061,-0.15,10.67,61421115.9,,,41.8646,3.2802,4.0902,-13.6155,1211397696,,,,,,,
2012-06-08,4864705,3.9351,3.9443,3.7141,3.7601,-0.175,-4.45,11.06,60440885.69,,,40.0033,3.1344,3.9083,-13.0102,1157536800,,,,,,,
2012-06-11,7179112,3.7325,4.1377,3.6834,4.1377,0.3776,10.04,16.33,92493911.1,,,44.0199,3.4491,4.3008,-14.3165,1273762944,,,,,,,
2012-06-12,12450195,4.2973,4.3525,4.0517,4.0855,-0.0522,-1.26,28.32,171491655.55,,,43.4648,3.4056,4.2465,-14.1359,1257699168,,,,,,,
2012-06-13,8532809,4.0978,4.328,4.0087,4.2328,0.1473,3.61,19.41,116347794.16,,,45.0322,2.7858,4.3997,-14.6457,1303055712,,,,,,,
2012-06-14,4877354,4.2021,4.242,4.1131,4.1193,-0.1135,-2.68,11.09,66138344.49,,,43.824,2.711,4.2816,-14.2528,1268093376,,,,,,,
2012-06-15,6530140,4.1162,4.3126,4.021,4.2359,0.1166,2.83,14.85,88516607.27,,,45.0649,2.7878,4.4029,-14.6563,1304000640,,,,,,,
2012-06-18,6293868,4.2359,4.3894,4.1592,4.3034,0.0675,1.59,14.31,87888291.12,,,45.7833,2.8322,4.4731,-14.89,1324789056,,,,,,,
2012-06-19,4930453,4.2942,4.2942,4.1285,4.1346,-0.1688,-3.92,11.21,67490535.22,,,43.9873,2.7211,4.2976,-14.3059,1272818016,,,,,,,
2012-06-20,4605091,4.1407,4.3832,4.1131,4.196,0.0614,1.49,10.47,64051459.72,,,44.6404,2.7615,4.3614,-14.5183,1291716576,,,,,,,
2012-06-21,3957251,4.1438,4.1438,3.9688,4.0057,-0.1903,-4.54,9,51945011.14,,,42.6157,2.6363,4.1636,-13.8598,1233131040,,,,,,,
2012-06-25,2107563,3.9443,4.0394,3.8399,3.8461,-0.1596,-3.98,4.79,27046905.21,,,40.9176,2.5312,3.9977,-13.3075,1183994784,,,,,,,
2012-06-26,1898511,3.8645,3.8676,3.6895,3.8369,-0.0092,-0.24,4.32,23435770.12,,,40.8196,2.5252,3.9881,-13.2757,1181160000,,,,,,,
2012-06-27,2190848,3.8369,3.9197,3.7847,3.843,0.0061,0.16,4.98,27488812.86,,,40.885,2.5292,3.9945,-13.2969,1183049856,,,,,,,
2012-06-28,2003165,3.8246,3.8952,3.7478,3.7571,-0.0859,-2.24,4.56,24949186.56,,,39.9706,2.4727,3.9052,-12.9995,1156591872,,,,,,,
2012-06-29,1602924,3.6987,3.8369,3.668,3.8062,0.0491,1.31,3.65,19627300.49,,,40.4931,2.505,3.9562,-13.1695,1171710720,,,,,,,
2012-07-02,2494136,3.8399,3.9781,3.8369,3.9197,0.1135,2.98,5.67,31789133.99,,,83.7939,3.1745,4.0069,-20.7122,1206673056,,,,,,,
2012-07-03,2054003,3.9259,3.9596,3.8614,3.9105,-0.0092,-0.23,4.67,26204942.66,,,83.5971,3.1671,3.9975,-20.6635,1203838272,,,,,,,
2012-07-04,2060329,3.9167,3.9412,3.7509,3.8276,-0.0829,-2.12,4.69,25802210.24,,,81.8254,3.1,3.9128,-20.2256,1178325216,,,,,,,
2012-07-05,1955743,3.8522,3.8676,3.7079,3.7294,-0.0982,-2.57,4.45,24062424.22,,,79.7256,3.0204,3.8123,-19.7066,1148087520,,,,,,,
2012-07-06,3187730,3.7478,3.7601,3.5054,3.6435,-0.0859,-2.3,7.25,37621664.96,,,77.8883,2.9508,3.7245,-19.2524,1121629536,,,,,,,
2012-07-09,2233848,3.5852,3.6435,3.4532,3.4532,-0.1903,-5.22,5.08,25799366.51,,,73.82,2.7967,3.53,-18.2468,1063044000,,,,,,,
2012-07-10,1207453,3.447,3.5115,3.4163,3.4777,0.0245,0.71,2.75,13637713.18,,,74.345,2.8166,3.5551,-18.3766,1070603424,,,,,,,
2012-07-11,828587,3.4685,3.5483,3.444,3.5391,0.0614,1.77,1.88,9416671.51,,,75.6573,2.8663,3.6178,-18.701,1089501984,,,,,,,
2012-07-12,1554312,3.5422,3.6373,3.5146,3.5913,0.0522,1.47,3.54,18195506.29,,,76.7728,2.9085,3.6712,-18.9767,1105565760,,,,,,,
2012-07-13,3338127,3.2782,3.3457,3.2322,3.2322,-0.3591,-10,7.59,35344607.3,,,69.0956,2.6177,3.304,-17.079,995009184,,,,,,,
2012-07-16,4050282,3.0419,3.1769,2.9099,2.9436,-0.2886,-8.93,9.21,39891157.46,,,62.9275,2.384,3.0091,-15.5544,906185952,,,,,,,
2012-07-17,843642,2.9406,2.9927,2.8853,2.9621,0.0185,0.63,1.92,8108890.85,,,63.3212,2.3989,3.0279,-15.6517,911855520,,,,,,,
2012-07-18,1205899,2.9621,2.9621,2.8638,2.9406,-0.0215,-0.73,2.74,11397956.87,,,62.8619,2.3815,3.006,-15.5382,905241024,,,,,,,
2012-07-19,1383607,2.9252,2.9989,2.8884,2.9651,0.0245,0.83,3.15,13332856.92,,,63.3868,2.4014,3.0311,-15.668,912800448,,,,,,,
2012-07-20,972124,2.9467,2.9713,2.8976,2.9007,-0.0644,-2.17,2.21,9303210.35,,,62.0088,2.3492,2.9652,-15.3273,892956960,,,,,,,
2012-07-23,751050,2.8976,2.9467,2.8638,2.9007,0,0,1.71,7150879.1,,,62.0088,2.3492,2.9652,-15.3273,892956960,,,,,,,
2012-07-24,700614,2.873,2.959,2.87,2.9252,0.0245,0.84,1.59,6648615.65,,,62.5338,2.3691,2.9903,-15.4571,900516384,,,,,,,
2012-07-25,1094428,2.9191,3.0081,2.8884,2.9467,0.0215,0.73,2.49,10526731.88,,,62.9931,2.3865,3.0122,-15.5706,907130880,,,,,,,
2012-07-26,768860,2.9406,2.9927,2.8761,2.8915,-0.0552,-1.87,1.75,7371831.1,,,61.812,2.3417,2.9557,-15.2787,890122176,,,,,,,
2012-07-27,607958,2.9129,2.9252,2.87,2.8792,-0.0123,-0.43,1.38,5730126.5,,,61.5495,2.3318,2.9432,-15.2138,886342464,,,,,,,
2012-07-30,1266712,2.87,2.916,2.7104,2.7349,-0.1443,-5.01,2.88,11383355.64,,,58.4655,2.215,2.7957,-14.4515,841930848,,,,,,,
2012-07-31,603810,2.7226,2.7748,2.6766,2.7134,-0.0215,-0.79,1.37,5334645.89,,,58.0061,2.1976,2.7738,-14.338,835316352,,,,,,,
2012-08-01,387463,2.7165,2.784,2.7011,2.7441,0.0307,1.13,0.88,3482672.89,,,58.6623,2.2224,2.8051,-14.5002,844765632,,,,,,,
2012-08-02,447780,2.7717,2.7902,2.7011,2.7625,0.0184,0.67,1.02,4017819.24,,,59.056,2.2373,2.824,-14.5975,850435200,,,,,,,
2012-08-03,553330,2.7871,2.8147,2.7257,2.8024,0.0399,1.44,1.26,5009913.41,,,59.9091,2.2697,2.8648,-14.8083,862719264,,,,,,,
2012-08-06,740891,2.7779,2.9068,2.7625,2.9007,0.0983,3.51,1.68,6895241.92,,,62.0088,2.3492,2.9652,-15.3273,892956960,,,,,,,
2012-08-07,781077,2.916,2.9436,2.8853,2.9314,0.0307,1.06,1.78,7418804.33,,,62.665,2.3741,2.9965,-15.4895,902406240,,,,,,,
2012-08-08,1360949,2.9099,3.0664,2.8884,2.9621,0.0307,1.05,3.1,13237253.97,,,63.3212,2.3989,3.0279,-15.6517,911855520,,,,,,,
2012-08-09,1164847,2.9283,3.0357,2.9007,3.0327,0.0706,2.38,2.65,11333361.73,,,64.8304,2.4561,3.1001,-16.0248,933588864,,,,,,,
2012-08-10,1006075,3.0173,3.0204,2.9559,2.9897,-0.043,-1.42,2.29,9777254.58,,,63.9117,2.4213,3.0562,-15.7977,920359872,,,,,,,
2012-08-13,655380,2.9713,2.9958,2.9099,2.916,-0.0737,-2.47,1.49,6302189.1,,,62.3369,2.3616,2.9808,-15.4084,897681600,,,,,,,
2012-08-14,701062,2.916,2.9406,2.8331,2.9344,0.0184,0.63,1.59,6620746.5,,,62.7306,2.3765,2.9997,-15.5058,903351168,,,,,,,
2012-08-15,453449,2.9467,2.9467,2.8915,2.9007,-0.0337,-1.15,1.03,4302349.3,,,62.0088,2.3492,2.9652,-15.3273,892956960,,,,,,,
2012-08-16,470116,2.8853,2.9068,2.8362,2.87,-0.0307,-1.06,1.07,4390054.4,,,61.3527,2.3243,2.9338,-15.1652,883507680,,,,,,,
2012-08-17,266926,2.8485,2.9037,2.8485,2.8761,0.0061,0.21,0.61,2502088.85,,,61.4839,2.3293,2.9401,-15.1976,885397536,,,,,,,
2012-08-20,348131,2.8608,2.916,2.8178,2.8853,0.0092,0.32,0.79,3238614.08,,,61.6807,2.3368,2.9495,-15.2462,888232320,,,,,,,
2012-08-21,666198,2.9007,2.9897,2.87,2.9835,0.0982,3.4,1.52,6400868.56,,,63.7805,2.4163,3.0499,-15.7653,918470016,,,,,,,
2012-08-22,1609395,3.0142,3.2199,2.9958,3.0419,0.0584,1.96,3.66,16153165.06,,,65.0273,2.4636,3.1095,-16.0734,936423648,,,,,,,
2012-08-23,705527,3.0112,3.0664,2.9835,3.0541,0.0122,0.4,1.6,6943761.41,,,65.2897,2.4735,3.122,-16.1383,940203360,,,,,,,
2012-08-24,875145,3.0357,3.0603,3.005,3.0603,0.0062,0.2,1.99,8640309.34,,,65.421,2.4785,3.1283,-16.1708,942093216,,,,,,,
2012-08-27,2213222,3.0296,3.1585,3.0081,3.0971,0.0368,1.2,5.03,22441909.33,,,65.5828,2.4846,3.1361,-16.2108,944424000,,,,,,,
2012-08-28,953121,3.0726,3.1217,3.0142,3.1002,0.0031,0.1,2.17,9525899.75,,,65.6478,2.4871,3.1392,-16.2268,945360000,,,,,,,
2012-08-29,1372426,3.0879,3.1339,3.0142,3.0541,-0.0461,-1.49,3.12,13751133.88,,,64.6728,2.4501,3.0925,-15.9858,931320000,,,,,,,
2012-08-30,1102269,3.0633,3.0633,2.8239,2.8915,-0.1626,-5.32,2.51,10545884.72,,,61.228,2.3196,2.9278,-15.1343,881712000,,,,,,,
2012-08-31,380865,2.8822,2.9314,2.87,2.8915,0,0,0.87,3581022.51,,,61.228,2.3196,2.9278,-15.1343,881712000,,,,,,,
2012-09-03,739162,2.8822,2.9406,2.8301,2.9283,0.0368,1.27,1.68,6994882.04,,,62.0079,2.3492,2.9651,-15.3271,892944000,,,,,,,
2012-09-04,691869,2.9283,2.959,2.8853,2.9007,-0.0276,-0.94,1.57,6585465.75,,,61.423,2.327,2.9371,-15.1825,884520000,,,,,,,
2012-09-05,760031,2.9007,2.9897,2.8638,2.9743,0.0736,2.54,1.73,7280774.72,,,62.9829,2.3861,3.0117,-15.5681,906984000,,,,,,,
2012-09-06,949205,2.9835,3.0818,2.9774,3.0695,0.0952,3.2,2.16,9403944.4,,,64.9978,2.4624,3.1081,-16.0662,936000000,,,,,,,
2012-09-07,2454082,3.0971,3.1953,3.0603,3.1186,0.0491,1.6,5.58,25018706.46,,,66.0378,2.5018,3.1578,-16.3232,950976000,,,,,,,
2012-09-10,1829047,3.1033,3.223,3.0787,3.1831,0.0645,2.07,4.16,18827484.32,,,67.4028,2.5535,3.2231,-16.6606,970632000,,,,,,,
2012-09-11,8757983,3.5023,3.5023,3.3243,3.3918,0.2087,6.56,19.92,98721475.45,,,71.8226,2.721,3.4344,-17.7531,1034280000,,,,,,,
2012-09-12,3964890,3.315,3.3703,3.2444,3.315,-0.0768,-2.26,9.02,42643082.63,,,70.1977,2.6594,3.3567,-17.3515,1010880000,,,,,,,
2012-09-13,3199555,3.3181,3.4654,3.1923,3.1984,-0.1166,-3.52,7.28,34361223.98,,,67.7277,2.5659,3.2386,-16.7409,975312000,,,,,,,
2012-09-14,1971812,3.2138,3.2843,3.1554,3.1892,-0.0092,-0.29,4.48,20618194.76,,,67.5327,2.5585,3.2293,-16.6927,972504000,,,,,,,
2012-09-17,1686852,3.1892,3.2168,2.9927,3.002,-0.1872,-5.87,3.84,16956005.66,,,63.5679,2.4083,3.0397,-15.7127,915408000,,,,,,,
2012-09-18,766201,2.9958,3.0234,2.9314,2.959,-0.043,-1.43,1.74,7444607.27,,,62.6579,2.3738,2.9962,-15.4878,902304000,,,,,,,
2012-09-19,1032870,2.9651,3.0357,2.9129,2.9805,0.0215,0.73,2.35,9978966.19,,,63.1129,2.391,3.018,-15.6002,908856000,,,,,,,
2012-09-20,1297360,2.9774,2.9835,2.7932,2.8024,-0.1781,-5.98,2.95,12099455.1,,,59.343,2.2482,2.8377,-14.6684,854568000,,,,,,,
2012-09-21,1413346,2.7932,3.0296,2.7871,2.8116,0.0092,0.33,3.21,13144017.57,,,59.538,2.2556,2.847,-14.7166,857376000,,,,,,,
2012-09-24,669078,2.7656,2.8853,2.7165,2.8116,0,0,1.52,6076108.99,,,59.538,2.2556,2.847,-14.7166,857376000,,,,,,,
2012-09-25,337658,2.8086,2.8209,2.7625,2.784,-0.0276,-0.98,0.77,3069118.3,,,58.953,2.2334,2.819,-14.572,848952000,,,,,,,
2012-09-26,727622,2.738,2.7932,2.6213,2.6213,-0.1627,-5.84,1.65,6381218.98,,,55.5081,2.1029,2.6543,-13.7205,799344000,,,,,,,
2012-09-27,1007799,2.6244,2.7871,2.6152,2.7011,0.0798,3.04,2.29,8854174.93,,,57.1981,2.1669,2.7351,-14.1382,823680000,,,,,,,
2012-09-28,768331,2.6827,2.7533,2.6705,2.738,0.0369,1.37,1.75,6815439.78,,,57.9781,2.1965,2.7724,-14.331,834912000,,,,,,,
2012-10-08,725931,2.7196,2.784,2.7011,2.7472,0.0092,0.34,1.65,6496875.2,,,73.4544,2.2345,2.8471,-32.0663,837720000,,,,,,,
2012-10-09,1243267,2.7472,2.9375,2.7104,2.8516,0.1044,3.8,2.83,11422828.28,,,76.2449,2.3194,2.9552,-33.2845,869544000,,,,,,,
2012-10-10,1036883,2.9037,2.9099,2.8393,2.873,0.0214,0.75,2.36,9673832.52,,,76.8194,2.3369,2.9775,-33.5353,876096000,,,,,,,
2012-10-11,760951,2.8638,2.8945,2.7932,2.8055,-0.0675,-2.35,1.73,7037144.3,,,75.0138,2.2819,2.9075,-32.7471,855504000,,,,,,,
2012-10-12,647625,2.8055,2.8454,2.7349,2.8116,0.0061,0.22,1.47,5898433.19,,,75.178,2.2869,2.9139,-32.8187,857376000,,,,,,,
2012-10-15,1092418,2.7564,2.8546,2.6858,2.7318,-0.0798,-2.84,2.48,9721507.83,,,73.0441,2.222,2.8312,-31.8872,833040000,,,,,,,
2012-10-16,1010449,2.781,2.8055,2.7011,2.7318,0,0,2.3,9053680.48,,,73.0441,2.222,2.8312,-31.8872,833040000,,,,,,,
2012-10-17,342520,2.7165,2.7503,2.7134,2.7503,0.0185,0.68,0.78,3051750.73,,,73.5365,2.237,2.8503,-32.1022,838656000,,,,,,,
2012-10-18,751463,2.7472,2.8024,2.7472,2.7994,0.0491,1.79,1.71,6821350.1,,,74.8497,2.2769,2.9012,-32.6754,853632000,,,,,,,
2012-10-19,603961,2.7963,2.8178,2.7687,2.7932,-0.0062,-0.22,1.37,5490804.8,,,74.6855,2.272,2.8948,-32.6038,851760000,,,,,,,
2012-10-22,746363,2.7779,2.7902,2.738,2.7656,-0.0276,-0.99,1.7,6723467.61,,,73.9469,2.2495,2.8662,-32.2813,843336000,,,,,,,
2012-10-23,868745,2.7717,2.8116,2.7441,2.7533,-0.0123,-0.44,1.98,7859459.18,,,73.6186,2.2395,2.8534,-32.138,839592000,,,,,,,
2012-10-24,493080,2.7318,2.7564,2.7134,2.7134,-0.0399,-1.45,1.12,4381212.2,,,72.5517,2.207,2.8121,-31.6722,827424000,,,,,,,
2012-10-25,606303,2.7318,2.7472,2.6643,2.6797,-0.0337,-1.24,1.38,5358326.37,,,71.6489,2.1796,2.7771,-31.2781,817128000,,,,,,,
2012-10-26,847283,2.6705,2.6919,2.5968,2.6121,-0.0676,-2.52,1.93,7273704.44,,,69.8433,2.1247,2.7071,-30.4899,796536000,,,,,,,
2012-10-29,506045,2.6121,2.6336,2.5477,2.5692,-0.0429,-1.64,1.15,4269982.05,,,68.6943,2.0897,2.6626,-29.9883,783432000,,,,,,,
2012-10-30,301815,2.6029,2.606,2.5692,2.5784,0.0092,0.36,0.69,2545011.01,,,68.9405,2.0972,2.6721,-30.0958,786240000,,,,,,,
2012-10-31,2382996,2.5999,2.7932,2.5999,2.6674,0.089,3.45,5.42,21004120.85,,,71.3206,2.1696,2.7644,-31.1348,813384000,,,,,,,
2012-11-01,1467945,2.6336,2.6919,2.6029,2.6674,0,0,3.34,12727991.52,,,71.3206,2.1696,2.7644,-31.1348,813384000,,,,,,,
2012-11-02,760578,2.6705,2.6797,2.6398,2.6551,-0.0123,-0.46,1.73,6587478.26,,,70.9923,2.1596,2.7516,-30.9915,809640000,,,,,,,
2012-11-05,442349,2.652,2.6643,2.6152,2.6367,-0.0184,-0.69,1.01,3796823,,,70.4999,2.1446,2.7326,-30.7765,804024000,,,,,,,
2012-11-06,1290800,2.6459,2.6459,2.517,2.5569,-0.0798,-3.03,2.94,10775107.78,,,68.366,2.0797,2.6498,-29.845,779688000,,,,,,,
2012-11-07,648825,2.5661,2.5876,2.5047,2.5569,0,0,1.48,5397695.42,,,68.366,2.0797,2.6498,-29.845,779688000,,,,,,,
2012-11-08,701259,2.5354,2.5354,2.4709,2.4832,-0.0737,-2.88,1.59,5736220.62,,,66.3963,2.0198,2.5735,-28.9851,757224000,,,,,,,
2012-11-09,415019,2.4648,2.4986,2.4556,2.4556,-0.0276,-1.11,0.94,3346833.71,,,65.6576,1.9973,2.5449,-28.6626,748800000,,,,,,,
2012-11-12,1803440,2.4863,2.7011,2.4863,2.563,0.1074,4.37,4.1,15210963.27,,,68.5301,2.0847,2.6562,-29.9166,781560000,,,,,,,
2012-11-13,1175106,2.5753,2.6029,2.5016,2.5047,-0.0583,-2.27,2.67,9787659.74,,,66.9708,2.0373,2.5958,-29.2359,763776000,,,,,,,
2012-11-14,1245280,2.5047,2.5692,2.4433,2.563,0.0583,2.33,2.83,10188524.22,,,68.5301,2.0847,2.6562,-29.9166,781560000,,,,,,,
2012-11-15,1599032,2.5323,2.649,2.5108,2.5446,-0.0184,-0.72,3.64,13409103.45,,,68.0377,2.0697,2.6371,-29.7017,775944000,,,,,,,
2012-11-16,6948739,2.5906,2.7994,2.5906,2.7994,0.2548,10.01,15.8,63012784.4,,,74.8497,2.2769,2.9012,-32.6754,853632000,,,,,,,
2012-11-19,10310731,2.7871,2.9651,2.6705,2.8761,0.0767,2.74,23.45,95195876.83,,,76.9015,2.3394,2.9807,-33.5711,877032000,,,,,,,
2012-11-20,10108186,2.827,3.1063,2.7871,2.9406,0.0645,2.24,22.99,95359878.04,,,78.625,2.3918,3.0475,-34.3235,896688000,,,,,,,
2012-11-21,6552804,2.873,2.8976,2.738,2.8423,-0.0983,-3.34,14.9,60335606.04,,,75.9987,2.3119,2.9457,-33.177,866736000,,,,,,,
2012-11-22,5073749,2.8178,2.9068,2.7871,2.8178,-0.0245,-0.86,11.54,46954605.79,,,75.3421,2.2919,2.9202,-32.8904,859248000,,,,,,,
2012-11-23,3706503,2.7994,2.8086,2.7165,2.7564,-0.0614,-2.18,8.43,33209963.83,,,73.7007,2.242,2.8566,-32.1738,840528000,,,,,,,
2012-11-26,4896170,2.7318,2.8393,2.6827,2.7779,0.0215,0.78,11.14,44081076.01,,,74.2752,2.2595,2.8789,-32.4246,847080000,,,,,,,
2012-11-27,3966209,2.7226,2.7226,2.5016,2.5016,-0.2763,-9.95,9.02,33142346.03,,,66.8887,2.0348,2.5926,-29.2001,762840000,,,,,,,
2012-11-28,3029828,2.4372,2.4372,2.3328,2.3512,-0.1504,-6.01,6.89,23481775.44,,,62.8672,1.9124,2.4367,-27.4445,716976000,,,,,,,
2012-11-29,1930073,2.3512,2.4095,2.3267,2.3451,-0.0061,-0.26,4.39,14922467.32,,,62.703,1.9074,2.4304,-27.3728,715104000,,,,,,,
2012-11-30,1195006,2.3113,2.3727,2.3113,2.3512,0.0061,0.26,2.72,9139727.06,,,62.8672,1.9124,2.4367,-27.4445,716976000,,,,,,,
2012-12-03,1888591,2.3482,2.3543,2.1793,2.1885,-0.1627,-6.92,4.3,14129094.74,,,58.5173,1.7801,2.2681,-25.5456,667368000,,,,,,,
2012-12-04,2043307,2.1793,2.2561,2.1609,2.2561,0.0676,3.09,4.65,14679600.14,,,60.3229,1.835,2.3381,-26.3338,687960000,,,,,,,
2012-12-05,2825182,2.2499,2.3789,2.2284,2.3696,0.1135,5.03,6.43,21387126.37,,,63.3596,1.9274,2.4558,-27.6595,722592000,,,,,,,
2012-12-06,2608513,2.606,2.606,2.5016,2.606,0.2364,9.98,5.93,22143549.57,,,69.6791,2.1197,2.7007,-30.4182,794664000,,,,,,,
2012-12-07,9003626,2.7165,2.7902,2.5876,2.7318,0.1258,4.83,20.48,78285851.02,,,73.0441,2.222,2.8312,-31.8872,833040000,,,,,,,
2012-12-10,7255103,2.6766,2.8669,2.6705,2.7902,0.0584,2.14,16.5,65931551.69,,,74.6035,2.2695,2.8916,-32.5679,850824000,,,,,,,
2012-12-11,4815967,2.7318,2.8086,2.6705,2.7226,-0.0676,-2.42,10.95,42688914.71,,,72.7979,2.2145,2.8216,-31.7797,830232000,,,,,,,
2012-12-12,6919129,2.695,2.873,2.6797,2.8147,0.0921,3.38,15.74,62761959.98,,,75.26,2.2894,2.9171,-32.8546,858312000,,,,,,,
2012-12-13,4296417,2.8086,2.8086,2.6582,2.6582,-0.1565,-5.56,9.77,37938022.54,,,71.0744,2.1621,2.7548,-31.0273,810576000,,,,,,,
2012-12-14,4936059,2.6244,2.7963,2.6244,2.7472,0.089,3.35,11.23,44028972.67,,,73.4544,2.2345,2.8471,-32.0663,837720000,,,,,,,
2012-12-17,4485979,2.7441,2.8393,2.695,2.7932,0.046,1.67,10.2,40475238.94,,,74.6855,2.272,2.8948,-32.6038,851760000,,,,,,,
2012-12-18,3881148,2.7748,2.8423,2.7196,2.7503,-0.0429,-1.54,8.83,35177899.4,,,73.5365,2.237,2.8503,-32.1022,838656000,,,,,,,
2012-12-19,3676863,2.738,2.87,2.7165,2.7779,0.0276,1,8.36,33578027.12,,,74.2752,2.2595,2.8789,-32.4246,847080000,,,,,,,
2012-12-20,5546823,2.7625,2.9375,2.7073,2.8362,0.0583,2.1,12.62,51155235.59,,,75.8345,2.3069,2.9393,-33.1054,864864000,,,,,,,
2012-12-21,3419763,2.8516,2.8516,2.7564,2.8178,-0.0184,-0.65,7.78,31160015.64,,,75.3421,2.2919,2.9202,-32.8904,859248000,,,,,,,
2012-12-24,2200026,2.781,2.827,2.7503,2.781,-0.0368,-1.31,5,19946182.01,,,74.3572,2.262,2.8821,-32.4604,848016000,,,,,,,
2012-12-25,3976797,2.7748,2.8792,2.7472,2.8608,0.0798,2.87,9.04,36732473.65,,,76.4911,2.3269,2.9648,-33.392,872352000,,,,,,,
2012-12-26,7063180,2.8546,3.0388,2.8178,3.0234,0.1626,5.68,16.06,67266320.58,,,80.8409,2.4592,3.1334,-35.2909,921960000,,,,,,,
2012-12-27,5259128,3.0142,3.0173,2.8546,2.8577,-0.1657,-5.48,11.96,50031636.01,,,76.409,2.3244,2.9616,-33.3562,871416000,,,,,,,
2012-12-28,3693737,2.827,2.9007,2.738,2.8454,-0.0123,-0.43,8.4,33974890.83,,,76.0807,2.3144,2.9489,-33.2128,867672000,,,,,,,
2012-12-31,2102413,2.8086,2.916,2.7963,2.8485,0.0031,0.11,4.78,19614830.55,,,108.9201,2.2991,2.8975,15.0011,868608000,,,,,,,
2013-01-04,1854617,2.8577,2.8853,2.7871,2.8116,-0.0369,-1.3,4.22,17112928.55,,,107.5116,2.2694,2.86,14.8071,857376000,,,,,,,
2013-01-07,2863492,2.7717,2.9099,2.7717,2.9007,0.0891,3.17,6.51,26778194.4,,,110.9154,2.3413,2.9505,15.2759,884520000,,,,,,,
2013-01-08,4657615,2.8853,3.005,2.827,2.9927,0.092,3.17,10.59,44472302.1,,,114.4365,2.4156,3.0442,15.7609,912600000,,,,,,,
2013-01-09,4038994,2.9498,3.0296,2.916,2.9498,-0.0429,-1.43,9.19,39157227.39,,,112.7933,2.3809,3.0005,15.5345,899496000,,,,,,,
2013-01-10,3509719,2.9713,3.0633,2.9375,2.9774,0.0276,0.94,7.98,34129132.55,,,113.8497,2.4032,3.0286,15.68,907920000,,,,,,,
2013-01-11,2797709,2.9774,2.9927,2.87,2.87,-0.1074,-3.61,6.36,26706523.5,,,109.7417,2.3165,2.9193,15.1143,875160000,,,,,,,
2013-01-14,3399700,3.1585,3.1585,3.1585,3.1585,0.2885,10.05,7.73,34982913,,,120.7745,2.5494,3.2128,16.6338,963144000,,,,,,,
2013-01-15,1183608,3.4747,3.4747,3.4747,3.4747,0.3162,10.01,2.69,13398442.56,,,132.8637,2.8046,3.5344,18.2988,1059552000,,,,,,,
2013-01-16,1840530,3.8215,3.8215,3.8215,3.8215,0.3468,9.98,4.19,22914598.5,,,146.1266,3.0845,3.8872,20.1254,1165320000,,,,,,,
2013-01-17,24218189,4.2052,4.2052,4.0364,4.1039,0.2824,7.39,55.08,328502315.04,,,156.9247,3.3124,4.1745,21.6126,1251432000,,,,,,,
2013-01-18,16426957,3.9903,4.3894,3.9105,4.021,-0.0829,-2.02,37.36,221759629.75,,,153.7557,3.2456,4.0902,21.1761,1226160000,,,,,,,
2013-01-21,10195221,3.9873,4.4231,3.9811,4.4231,0.4021,10,23.19,140759355.33,,,169.1313,3.5701,4.4992,23.2937,1348776000,,,,,,,
2013-01-22,17980681,4.6042,4.7546,4.1684,4.2758,-0.1473,-3.33,40.89,262996690.05,,,163.4975,3.4512,4.3493,22.5178,1303848000,,,,,,,
2013-01-23,15530640,4.3525,4.6595,4.1837,4.4814,0.2056,4.81,35.32,223347534.9,,,171.3614,3.6172,4.5585,23.6009,1366560000,,,,,,,
2013-01-24,12585342,4.3034,4.5121,4.1499,4.3249,-0.1565,-3.49,28.62,176537341.63,,,165.3754,3.4908,4.3993,22.7765,1318824000,,,,,,,
2013-01-25,15466789,4.2819,4.6963,4.242,4.4047,0.0798,1.85,35.18,224864152.49,,,168.4271,3.5552,4.4805,23.1967,1343160000,,,,,,,
2013-01-28,11744972,4.3341,4.5705,4.2512,4.5152,0.1105,2.51,26.71,168713037.45,,,172.6524,3.6444,4.5929,23.7787,1376856000,,,,,,,
2013-01-29,20873028,4.5797,4.9664,4.3924,4.727,0.2118,4.69,47.47,318151010.27,,,180.751,3.8154,4.8083,24.8941,1441440000,,,,,,,
2013-01-30,13605788,4.5889,4.7086,4.506,4.5674,-0.1596,-3.38,30.94,202999169.84,,,174.6477,3.6865,4.6459,24.0535,1392768000,,,,,,,
2013-01-31,12232276,4.6073,4.6503,4.2697,4.4139,-0.1535,-3.36,27.82,177537195.75,,,168.7792,3.5627,4.4898,23.2452,1345968000,,,,,,,
2013-02-01,8705381,4.2942,4.4415,4.1469,4.3126,-0.1013,-2.3,19.8,122259404.59,,,164.906,3.4809,4.3868,22.7118,1315080000,,,,,,,
2013-02-04,6921907,4.2789,4.3556,4.1285,4.1991,-0.1135,-2.63,15.74,94765656.72,,,160.5632,3.3892,4.2713,22.1137,1280448000,,,,,,,
2013-02-05,5136213,4.1499,4.2881,4.1131,4.2205,0.0214,0.51,11.68,70249118.09,,,161.3848,3.4066,4.2931,22.2268,1287000000,,,,,,,
2013-02-06,5362494,4.2052,4.3495,4.1806,4.2267,0.0062,0.15,12.2,74473119.14,,,161.6196,3.4115,4.2994,22.2592,1288872000,,,,,,,
2013-02-07,4785537,4.2789,4.3065,4.2175,4.2267,0,0,10.88,66365453.33,,,161.6196,3.4115,4.2994,22.2592,1288872000,,,,,,,
2013-02-08,7771230,4.2267,4.3802,4.1499,4.331,0.1043,2.47,17.67,108523769.37,,,165.6102,3.4958,4.4055,22.8088,1320696000,,,,,,,
2013-02-18,8999258,4.3894,4.5275,4.3433,4.463,0.132,3.05,20.47,130292369.94,,,170.6571,3.6023,4.5398,23.5039,1360944000,,,,,,,
2013-02-19,5887280,4.4508,4.4508,4.2543,4.2666,-0.1964,-4.4,13.39,82960082.95,,,163.1454,3.4438,4.34,22.4693,1301040000,,,,,,,
2013-02-20,6870423,4.2543,4.4385,4.2512,4.3587,0.0921,2.16,15.63,97971069.1,,,166.6665,3.5181,4.4336,22.9543,1329120000,,,,,,,
2013-02-21,4906916,4.3587,4.3587,4.1499,4.1776,-0.1811,-4.15,11.16,68056738.44,,,159.7416,3.3719,4.2494,22.0005,1273896000,,,,,,,
2013-02-22,4887887,4.1285,4.2359,4.0609,4.1898,0.0122,0.29,11.12,65772597.48,,,160.2111,3.3818,4.2619,22.0652,1277640000,,,,,,,
2013-02-25,13562802,4.2727,4.6104,4.2451,4.6104,0.4206,10.04,30.85,199004318.17,,,176.2909,3.7212,4.6897,24.2798,1405872000,,,,,,,
2013-02-26,18559799,4.6349,4.9787,4.5121,4.727,0.1166,2.53,21.48,285098579.02,,,180.751,3.8154,4.8083,24.8941,1441440000,,,,,,,
2013-02-27,8892247,4.7086,4.8222,4.5183,4.6656,-0.0614,-1.3,10.29,134585636.38,,,178.4036,3.7658,4.7459,24.5708,1422720000,,,,,,,
2013-02-28,13817644,4.6288,4.8037,4.4446,4.7362,0.0706,1.51,15.99,207102723.64,,,181.1031,3.8228,4.8177,24.9426,1444248000,,,,,,,
2013-03-01,15023110,4.6349,4.9419,4.6042,4.8866,0.1504,3.18,17.39,235351208.15,,,186.8543,3.9442,4.9707,25.7346,1490112000,,,,,,,
2013-03-04,13091225,4.8651,5.0953,4.638,4.7331,-0.1535,-3.14,15.15,208124165.94,,,180.9858,3.8203,4.8145,24.9264,1443312000,,,,,,,
2013-03-05,7350936,4.7731,4.7731,4.4753,4.7086,-0.0245,-0.52,8.51,111250738.06,,,180.0468,3.8005,4.7896,24.7971,1435824000,,,,,,,
2013-03-06,5994747,4.7393,4.813,4.6104,4.6595,-0.0491,-1.04,6.94,91231969.26,,,178.1689,3.7609,4.7396,24.5384,1420848000,,,,,,,
2013-03-07,6569992,4.6564,4.6871,4.3709,4.3924,-0.2671,-5.73,7.6,96598191.78,,,167.9576,3.5453,4.468,23.1321,1339416000,,,,,,,
2013-03-08,5745396,4.3832,4.3832,4.1684,4.1745,-0.2179,-4.96,6.47,79467062.16,,,159.6243,3.3694,4.2463,21.9844,1272960000,,,,,,,
2013-03-11,3354548,4.1653,4.2942,4.1653,4.2175,0.043,1.03,3.78,46392771.28,,,161.2675,3.4041,4.29,22.2107,1286064000,,,,,,,
2013-03-12,6315574,4.2359,4.2512,3.843,3.9934,-0.2241,-5.31,7.12,82735378.31,,,152.6994,3.2233,4.0621,21.0306,1217736000,,,,,,,
2013-03-13,5933574,3.9596,3.9596,3.7693,3.8338,-0.1596,-4,6.69,74199742.83,,,146.5961,3.0944,3.8997,20.1901,1169064000,,,,,,,
2013-03-14,5074706,3.7601,3.8952,3.7448,3.7632,-0.0706,-1.84,5.72,62826067.16,,,143.8966,3.0374,3.8279,19.8183,1147536000,,,,,,,
2013-03-15,5920477,3.7448,3.8768,3.6895,3.7571,-0.0061,-0.16,6.67,73016208.14,,,143.6618,3.0325,3.8217,19.7859,1145664000,,,,,,,
2013-03-18,5539425,3.7571,3.9075,3.7448,3.8307,0.0736,1.96,6.24,69107236.61,,,146.4787,3.0919,3.8966,20.1739,1168128000,,,,,,,
2013-03-19,4707613,3.8338,3.8553,3.579,3.7356,-0.0951,-2.48,5.3,56792402.41,,,142.8403,3.0151,3.7998,19.6728,1139112000,,,,,,,
2013-03-20,5579051,3.7571,3.8829,3.7049,3.8706,0.135,3.61,6.29,69227013.83,,,148.0046,3.1242,3.9372,20.384,1180296000,,,,,,,
2013-03-21,9919222,3.8706,4.1377,3.8246,4.021,0.1504,3.89,11.18,129846191.85,,,153.7557,3.2456,4.0902,21.1761,1226160000,,,,,,,
2013-03-22,4997013,3.9873,4.0333,3.9197,3.9995,-0.0215,-0.53,5.63,64579890.32,,,152.9341,3.2282,4.0683,21.063,1219608000,,,,,,,
2013-03-25,3796781,4.018,4.0517,3.9167,3.9259,-0.0736,-1.84,4.28,48979145.75,,,150.1172,3.1687,3.9934,20.675,1197144000,,,,,,,
2013-03-26,4577113,3.8676,3.9136,3.7202,3.7294,-0.1965,-5.01,5.16,56071942.23,,,142.6055,3.0102,3.7936,19.6404,1137240000,,,,,,,
2013-03-27,3296117,3.7325,3.7908,3.6496,3.6926,-0.0368,-0.99,3.71,39953449.65,,,141.1971,2.9805,3.7561,19.4465,1126008000,,,,,,,
2013-03-28,3001583,3.6834,3.6834,3.5299,3.5391,-0.1535,-4.16,3.38,35093229.34,,,135.3285,2.8566,3.6,18.6382,1079208000,,,,,,,
2013-03-29,1966284,3.576,3.6128,3.5391,3.5606,0.0215,0.61,2.22,22893978.35,,,136.1501,2.8739,3.6218,18.7514,1085760000,,,,,,,
2013-04-01,2986498,3.5913,3.7202,3.579,3.6772,0.1166,3.27,3.37,35550160.51,,,176.2047,2.943,3.5337,14.0065,1121328000,,,,,,,
2013-04-02,5272056,3.6527,3.8768,3.6527,3.7079,0.0307,0.83,5.94,64635569.24,,,177.6755,2.9675,3.5632,14.1234,1130688000,,,,,,,
2013-04-03,4081242,3.5852,3.6404,3.4102,3.5176,-0.1903,-5.13,4.6,46687079.09,,,168.5564,2.8152,3.3803,13.3985,1072656000,,,,,,,
2013-04-08,3486353,3.4378,3.4869,3.2567,3.4654,-0.0522,-1.48,3.93,38412590.79,,,166.056,2.7735,3.3302,13.1998,1056744000,,,,,,,
2013-04-09,2560688,3.4409,3.5422,3.4378,3.5054,0.04,1.15,2.89,29250029.52,,,167.9681,2.8054,3.3685,13.3517,1068912000,,,,,,,
2013-04-10,2654819,3.4685,3.5299,3.3979,3.5299,0.0245,0.7,2.99,30015943.72,,,169.1448,2.8251,3.3921,13.4453,1076400000,,,,,,,
2013-04-11,4316534,3.533,3.668,3.5084,3.5606,0.0307,0.87,4.86,50423997.25,,,170.6156,2.8496,3.4216,13.5622,1085760000,,,,,,,
2013-04-12,2274287,3.5268,3.5545,3.4378,3.4378,-0.1228,-3.45,2.56,25846445.3,,,164.7323,2.7514,3.3036,13.0945,1048320000,,,,,,,
2013-04-15,1804865,3.3856,3.4839,3.3611,3.4041,-0.0337,-0.98,2.03,20118847.44,,,163.1144,2.7243,3.2712,12.9659,1038024000,,,,,,,
2013-04-16,2691573,3.3672,3.5146,3.3304,3.5146,0.1105,3.25,3.03,30262376.77,,,168.4094,2.8128,3.3774,13.3868,1071720000,,,,,,,
2013-04-17,2569892,3.5146,3.5575,3.4777,3.5391,0.0245,0.7,2.9,29459285.65,,,169.586,2.8324,3.401,13.4804,1079208000,,,,,,,
2013-04-18,5684740,3.5115,3.7448,3.5023,3.6711,0.132,3.73,6.41,67354031.4,,,175.9106,2.9381,3.5278,13.9831,1119456000,,,,,,,
2013-04-19,4471370,3.6558,3.7233,3.6159,3.6865,0.0154,0.42,5.04,53602343.33,,,176.646,2.9503,3.5425,14.0415,1124136000,,,,,,,
2013-04-22,4184127,3.6558,3.7632,3.6312,3.7509,0.0644,1.75,4.71,50253759.91,,,179.7347,3.0019,3.6045,14.2871,1143792000,,,,,,,
2013-04-23,4084690,3.7478,3.7785,3.3764,3.579,-0.1719,-4.58,4.6,48357244.45,,,171.4981,2.8644,3.4393,13.6323,1091376000,,,,,,,
2013-04-24,3192446,3.5606,3.711,3.5453,3.6865,0.1075,3,3.6,37912533.32,,,176.646,2.9503,3.5425,14.0415,1124136000,,,,,,,
2013-04-25,2745605,3.6895,3.6926,3.5238,3.536,-0.1505,-4.08,3.09,32397261.38,,,169.4389,2.83,3.398,13.4687,1078272000,,,,,,,
2013-04-26,2949665,3.5115,3.579,3.3304,3.4777,-0.0583,-1.65,3.32,32986293.96,,,166.6444,2.7833,3.342,13.2465,1060488000,,,,,,,
2013-05-02,2126365,3.4378,3.5729,3.4163,3.5483,0.0706,2.03,2.4,24228455.09,,,170.0273,2.8398,3.4098,13.5154,1082016000,,,,,,,
2013-05-03,2971743,3.5483,3.6957,3.5268,3.6343,0.086,2.42,3.35,35311303,,,174.1456,2.9086,3.4924,13.8428,1108224000,,,,,,,
2013-05-06,7648555,3.6373,3.9596,3.6373,3.8798,0.2455,6.76,8.62,96110694.37,,,185.9122,3.1051,3.7284,14.7781,1183104000,,,,,,,
2013-05-07,13413392,3.8614,4.2666,3.8583,4.0947,0.2149,5.54,15.11,179536387.38,,,196.2079,3.2771,3.9348,15.5965,1248624000,,,,,,,
2013-05-08,11989706,4.2205,4.2911,4.0057,4.2052,0.1105,2.7,13.51,162150950.62,,,201.5029,3.3655,4.041,16.0174,1282320000,,,,,,,
2013-05-09,15119322,4.2205,4.5674,4.1653,4.4814,0.2762,6.57,17.04,215469343.48,,,214.7403,3.5866,4.3065,17.0697,1366560000,,,,,,,
2013-07-11,18054530,4.9306,4.9306,4.3089,4.5059,0.0245,0.55,20.34,268761287.44,,,81.5897,3.6064,4.0293,15.6556,1370304000,,,,,,,
2013-07-12,11846129,4.3089,4.6105,4.2781,4.4104,-0.0955,-2.12,13.35,170878532.16,,,79.8621,3.53,3.9439,15.3241,1341288000,,,,,,,
2013-07-15,8681070,4.5305,4.5766,4.3981,4.4351,0.0247,0.56,9.78,125932685.14,,,80.3079,3.5497,3.966,15.4096,1348776000,,,,,,,
2013-07-16,6976937,4.4043,4.5305,4.3243,4.3858,-0.0493,-1.11,7.86,100054465.8,,,79.4162,3.5103,3.9219,15.2385,1333800000,,,,,,,
2013-07-17,7803034,4.3858,4.4012,4.0965,4.115,-0.2708,-6.17,8.79,107466148.45,,,74.5119,3.2935,3.6797,14.2975,1251432000,,,,,,,
2013-07-18,6139940,4.1057,4.2935,4.0965,4.2258,0.1108,2.69,6.92,83809328.11,,,76.5182,3.3822,3.7788,14.6825,1285128000,,,,,,,
2013-07-19,16291167,4.1858,4.5859,4.1735,4.4566,0.2308,5.46,18.36,233373180.7,,,80.698,3.567,3.9852,15.4845,1355328000,,,,,,,
2013-07-22,15171429,4.4012,4.8844,4.3181,4.8752,0.4186,9.39,17.09,228149692.01,,,88.2774,3.902,4.3595,16.9388,1482624000,,,,,,,
2013-07-23,13073119,4.8167,4.9398,4.6751,4.8136,-0.0616,-1.26,14.73,203121354.89,,,87.1628,3.8527,4.3045,16.725,1463904000,,,,,,,
2013-07-24,14355636,4.7736,5.2938,4.6936,5.2938,0.4802,9.98,16.18,231349049.24,,,95.8568,4.237,4.7338,18.3932,1609920000,,,,,,,
2013-07-25,15674725,5.3861,5.4261,4.8629,4.8875,-0.4063,-7.68,17.66,261271201.88,,,88.5003,3.9118,4.3705,16.9816,1486368000,,,,,,,
2013-07-26,12968926,4.8352,5.3769,4.6813,5.1214,0.2339,4.79,14.61,210877405.21,,,92.7358,4.0991,4.5797,17.7943,1557504000,,,,,,,
2013-07-29,8394586,4.8044,5.0137,4.7644,4.7921,-0.3293,-6.43,9.46,132898790.15,,,86.7727,3.8355,4.2852,16.6501,1457352000,,,,,,,
2013-07-30,6777200,4.7675,4.8875,4.4351,4.6105,-0.1816,-3.79,7.64,102356956.12,,,83.4845,3.6901,4.1228,16.0192,1402128000,,,,,,,
2013-07-31,7570997,4.6628,4.986,4.6167,4.7398,0.1293,2.8,8.53,118325040.06,,,85.8252,3.7936,4.2384,16.4683,1441440000,,,,,,,
2013-08-01,8096428,4.7121,4.9768,4.6998,4.9152,0.1754,3.7,9.12,127959859.93,,,89.0019,3.934,4.3953,17.0779,1494792000,,,,,,,
2013-08-02,8973954,4.9244,5.0568,4.8013,4.8198,-0.0954,-1.94,10.11,142905040.94,,,87.2742,3.8577,4.31,16.7464,1465776000,,,,,,,
2013-08-05,5602015,4.7798,4.9152,4.7121,4.8475,0.0277,0.57,6.31,87475406.47,,,87.7758,3.8798,4.3348,16.8426,1474200000,,,,,,,
2013-08-06,5500486,4.8259,4.8937,4.7705,4.8136,-0.0339,-0.7,6.2,86211357.93,,,87.1628,3.8527,4.3045,16.725,1463904000,,,,,,,
2013-08-07,6973666,4.8013,4.8013,4.4935,4.5643,-0.2493,-5.18,7.86,104688260.27,,,82.6486,3.6532,4.0816,15.8588,1388088000,,,,,,,
2013-08-08,4031239,4.5582,4.7059,4.4905,4.6013,0.037,0.81,4.54,60492736.78,,,83.3174,3.6828,4.1146,15.9871,1399320000,,,,,,,
2013-08-09,4157671,4.5859,4.6351,4.4381,4.5243,-0.077,-1.67,4.68,61114898.58,,,81.9241,3.6212,4.0458,15.7198,1375920000,,,,,,,
2013-08-12,6077847,4.6936,4.7644,4.5582,4.6074,0.0831,1.84,6.85,92241994.68,,,83.4288,3.6877,4.1201,16.0085,1401192000,,,,,,,
2013-08-13,4094098,4.5674,4.7151,4.5366,4.6413,0.0339,0.74,4.61,61588258.06,,,84.0419,3.7148,4.1504,16.1261,1411488000,,,,,,,
2013-08-14,3413769,4.6259,4.6505,4.5397,4.5736,-0.0677,-1.46,3.85,50803193.43,,,82.8158,3.6606,4.0898,15.8909,1390896000,,,,,,,
2013-08-15,3123574,4.5489,4.6167,4.4689,4.4874,-0.0862,-1.88,3.52,46209215.46,,,81.2553,3.5916,4.0127,15.5914,1364688000,,,,,,,
2013-08-16,3775004,4.4135,4.5674,4.3181,4.3397,-0.1477,-3.29,4.25,54803301.24,,,78.5803,3.4734,3.8806,15.0781,1319760000,,,,,,,
2013-08-19,2956212,4.2812,4.4874,4.2812,4.4812,0.1415,3.26,3.33,42673593.64,,,81.1439,3.5867,4.0072,15.5701,1362816000,,,,,,,
2013-08-20,2824494,4.4689,4.5736,4.4689,4.552,0.0708,1.58,3.18,41610552.19,,,82.4257,3.6433,4.0705,15.816,1384344000,,,,,,,
2013-08-21,6275454,4.5551,4.7675,4.5212,4.6936,0.1416,3.11,7.07,95675340.77,,,84.9893,3.7567,4.1971,16.3079,1427400000,,,,,,,
2013-08-22,6552111,4.7121,4.8198,4.6782,4.6936,0,0,7.38,101055088.96,,,84.9893,3.7567,4.1971,16.3079,1427400000,,,,,,,
2013-08-23,6751181,4.709,4.7859,4.4843,4.7552,0.0616,1.31,7.61,102355344.11,,,86.1039,3.8059,4.2522,16.5218,1446120000,,,,,,,
2013-08-26,7514541,4.8229,4.8475,4.709,4.8229,0.0677,1.42,8.47,116959731.4,,,87.33,3.8601,4.3127,16.7571,1466712000,,,,,,,
2013-08-27,4872511,4.8229,4.8229,4.7275,4.7675,-0.0554,-1.15,5.49,75501954.03,,,86.3268,3.8158,4.2632,16.5646,1449864000,,,,,,,
2013-08-28,5290979,4.7398,4.7398,4.589,4.589,-0.1785,-3.74,5.96,80294926.91,,,83.0944,3.6729,4.1036,15.9443,1395576000,,,,,,,
2013-08-29,3504638,4.5397,4.7059,4.5305,4.5459,-0.0431,-0.94,3.95,52496526.89,,,82.3142,3.6384,4.065,15.7946,1382472000,,,,,,,
2013-08-30,4889576,4.5551,4.6136,4.2781,4.3273,-0.2186,-4.81,5.51,70156073.31,,,78.3573,3.4635,3.8696,15.0354,1316016000,,,,,,,
2013-09-02,3095551,4.3458,4.5028,4.2658,4.4935,0.1662,3.84,3.49,44301897.02,,,81.3668,3.5965,4.0183,15.6128,1366560000,,,,,,,
2013-09-03,2521431,4.4566,4.5489,4.4351,4.5305,0.037,0.82,2.84,36858462.09,,,82.0356,3.6261,4.0513,15.7412,1377792000,,,,,,,
2013-09-04,2894336,4.5366,4.5766,4.4628,4.4782,-0.0523,-1.15,3.26,42366333.09,,,81.0881,3.5842,4.0045,15.5594,1361880000,,,,,,,
2013-09-05,13094323,4.4874,4.9275,4.4812,4.9275,0.4493,10.03,14.75,205208561.42,,,89.2248,3.9439,4.4063,17.1206,1498536000,,,,,,,
2013-09-06,12477214,5.0137,5.0137,4.7859,4.9552,0.0277,0.56,14.06,199371549.56,,,89.7264,3.966,4.4311,17.2169,1506960000,,,,,,,
2013-09-09,14338207,4.9275,5.3984,4.8721,5.3769,0.4217,8.51,16.16,238589305.53,,,97.3615,4.3035,4.8081,18.6819,1635192000,,,,,,,
2013-09-10,15779228,5.4046,5.6816,5.2815,5.5031,0.1262,2.35,17.78,283167398.88,,,99.6464,4.4045,4.921,19.1204,1673568000,,,,,,,
2013-09-11,10731340,5.4015,5.4415,5.0722,5.2968,-0.2063,-3.75,12.09,183827638.54,,,95.9125,4.2395,4.7366,18.4039,1610856000,,,,,,,
2013-09-12,7357992,5.2353,5.4446,5.1122,5.1337,-0.1631,-3.08,8.29,125176318.93,,,92.9588,4.1089,4.5907,17.8371,1561248000,,,,,,,
2013-09-13,8600558,5.3245,5.3861,5.1707,5.2476,0.1139,2.22,9.69,147618245.41,,,95.0208,4.2001,4.6925,18.2328,1595880000,,,,,,,
2013-09-16,5627738,5.1553,5.2938,5.0876,5.1891,-0.0585,-1.11,6.34,94696104.32,,,93.9619,4.1533,4.6403,18.0296,1578096000,,,,,,,
2013-09-17,5634338,5.1583,5.2845,4.9921,5.0014,-0.1877,-3.62,6.35,94065224.84,,,90.5623,4.003,4.4724,17.3773,1521000000,,,,,,,
2013-09-18,8643674,5.0137,5.4046,4.9737,5.3953,0.3939,7.88,9.74,147397911.22,,,97.6959,4.3183,4.8247,18.7461,1640808000,,,,,,,
2013-09-23,10343306,5.3615,5.6323,5.3092,5.4353,0.04,0.74,11.65,183809774.28,,,98.4204,4.3503,4.8604,18.8851,1652976000,,,,,,,
2013-09-24,9090504,5.4353,5.6416,5.3646,5.5031,0.0678,1.25,10.24,163414357,,,99.6464,4.4045,4.921,19.1204,1673568000,,,,,,,
2013-09-25,7604846,5.4846,5.4846,5.2322,5.263,-0.2401,-4.36,8.57,131950933.51,,,95.2995,4.2124,4.7063,18.2863,1600560000,,,,,,,
2013-09-26,4159980,5.2322,5.3461,5.1553,5.1707,-0.0923,-1.75,4.69,71155707.57,,,93.6275,4.1385,4.6237,17.9654,1572480000,,,,,,,
2013-09-27,3932560,5.1737,5.3646,5.1707,5.2599,0.0892,1.73,4.43,67397476.15,,,95.2437,4.2099,4.7036,18.2756,1599624000,,,,,,,
2013-09-30,7952560,5.3861,5.6262,5.3399,5.5769,0.317,6.03,8.96,142627878.25,,,65.7801,4.2655,4.5206,20.6915,1696032000,,,,,,,
2013-10-08,15785764,5.8909,6.134,5.8324,5.8385,0.2616,4.69,17.79,308624345.41,,,68.8658,4.4656,4.7327,21.6622,1775592000,,,,,,,
2013-10-09,21986302,5.7093,6.4233,5.7093,6.4233,0.5848,10.02,24.77,438065218.51,,,75.7633,4.9129,5.2067,23.8318,1953432000,,,,,,,
2013-10-10,18458275,6.2171,6.7034,6.0909,6.4879,0.0646,1.01,20.8,381268620.93,,,76.5256,4.9623,5.2591,24.0716,1973088000,,,,,,,
2013-10-11,10529434,6.3741,6.7095,6.3587,6.4048,-0.0831,-1.28,11.86,221944835.58,,,75.5455,4.8988,5.1917,23.7633,1947816000,,,,,,,
2013-10-14,12044535,6.4048,7.045,6.3094,7.045,0.6402,10,13.57,261297165.67,,,83.0964,5.3884,5.7107,26.1385,2142504000,,,,,,,
2013-10-15,18637380,7.2205,7.7498,6.9342,7.7498,0.7048,10,21,453996109.89,,,91.4097,5.9275,6.282,28.7535,2356848000,,,,,,,
2013-10-16,19288601,7.7252,8.4947,7.4882,8.033,0.2832,3.65,21.73,499166943.96,,,94.7495,6.1441,6.5115,29.804,2442960000,,,,,,,
2013-10-17,16013906,7.9437,8.8363,7.9253,8.8363,0.8033,10,18.04,442714586.55,,,104.2244,6.7585,7.1627,32.7844,2687256000,,,,,,,
2013-10-18,19824766,9.0179,9.4734,8.31,8.9779,0.1416,1.6,22.34,571524647.95,,,105.8944,6.8668,7.2774,33.3097,2730312000,,,,,,,
2013-10-21,11491363,8.8609,9.8766,8.7409,9.8766,0.8987,10.01,12.95,352517166.48,,,116.4947,7.5541,8.0059,36.6441,3003624000,,,,,,,
2013-10-22,20886749,10.3598,10.8645,10.1597,10.2613,0.3847,3.9,23.53,718603779.24,,,121.0325,7.8484,8.3178,38.0715,3120624000,,,,,,,
2013-10-23,19939209,10.2921,11.0369,9.5473,10.5845,0.3232,3.15,22.47,671639235.37,,,124.8443,8.0956,8.5797,39.2705,3218904000,,,,,,,
2013-10-24,17818451,10.0612,10.0612,9.5257,9.5349,-1.0496,-9.92,20.08,558856703.3,,,112.4651,7.2928,7.729,35.3766,2899728000,,,,,,,
2013-10-25,20876609,9.4488,10.4891,9.4457,10.1567,0.6218,6.52,23.52,689368665.91,,,119.7982,7.7684,8.2329,37.6833,3088800000,,,,,,,
2013-10-28,13713009,10.1874,10.3998,9.4026,9.9689,-0.1878,-1.85,15.45,446283471.73,,,117.5838,7.6248,8.0808,36.9867,3031704000,,,,,,,
2013-10-29,14049122,9.538,9.6919,8.9717,8.9717,-0.9972,-10,15.83,422883042.5,,,105.8217,6.8621,7.2724,33.2869,2728440000,,,,,,,
2013-10-30,16508795,8.6516,9.2641,8.4208,8.9563,-0.0154,-0.17,17.64,474851318.71,,,105.6402,6.8503,7.26,33.2298,2723760000,,,,,,,
2013-10-31,12622837,8.8024,9.0148,8.4916,8.4916,-0.4647,-5.19,13.49,358166431.27,,,100.1586,6.4948,6.8832,31.5055,2582424000,,,,,,,
2013-11-01,14398176,8.31,8.547,7.8052,7.8422,-0.6494,-7.65,15.38,379999199.36,,,92.4987,5.9981,6.3568,29.096,2384928000,,,,,,,
2013-11-04,16187559,8.0576,8.5839,8.0576,8.31,0.4678,5.97,17.29,435575225.83,,,98.0167,6.3559,6.736,30.8318,2527200000,,,,,,,
2013-11-05,17207838,8.0484,9.0794,7.993,8.9194,0.6094,7.33,18.38,468256056.58,,,105.2046,6.822,7.23,33.0928,2712528000,,,,,,,
2013-11-06,20943701,8.7132,9.6334,8.6947,9.0487,0.1293,1.45,22.38,627305745.31,,,106.7293,6.9209,7.3348,33.5724,2751840000,,,,,,,
2013-11-07,13825094,9.0487,9.4642,8.8548,9.2302,0.1815,2.01,14.77,414324252.17,,,108.8712,7.0598,7.482,34.2461,2807064000,,,,,,,
2013-11-08,12925868,9.0425,9.3226,8.7901,9.1164,-0.1138,-1.23,13.81,381865417.37,,,107.528,6.9727,7.3897,33.8236,2772432000,,,,,,,
2013-11-11,12058199,9.2025,9.2118,8.3131,8.4054,-0.711,-7.8,12.88,342851426.31,,,99.1421,6.4289,6.8134,31.1857,2556216000,,,,,,,
2013-11-12,12730063,8.3992,8.9286,8.1746,8.9286,0.5232,6.22,13.6,353870596.42,,,105.3135,6.8291,7.2375,33.127,2715336000,,,,,,,
2013-11-13,13448618,8.7101,9.3349,8.6793,8.8024,-0.1262,-1.41,14.37,392455496.45,,,103.8251,6.7326,7.1352,32.6588,2676960000,,,,,,,
2013-11-14,13889549,8.7994,9.2795,8.6947,9.0179,0.2155,2.45,14.84,407156482,,,106.3663,6.8974,7.3099,33.4582,2742480000,,,,,,,
2013-11-15,16665497,8.9502,9.6027,8.944,9.538,0.5201,5.77,17.8,506666525.68,,,112.5014,7.2952,7.7315,35.388,2900664000,,,,,,,
2013-11-18,13792419,9.6027,9.695,9.3872,9.6519,0.1139,1.19,14.74,428158812.47,,,113.8446,7.3823,7.8238,35.8105,2935296000,,,,,,,
2013-11-19,15040144,9.7196,10.2213,9.4211,9.8489,0.197,2.04,16.07,480867418.15,,,116.168,7.533,7.9835,36.5413,2995200000,,,,,,,
2013-11-20,9184226,9.8489,9.8489,9.5473,9.775,-0.0739,-0.75,9.81,289147730.3,,,115.2967,7.4765,7.9236,36.2673,2972736000,,,,,,,
2013-11-21,12262020,9.6765,9.6796,9.2856,9.6119,-0.1631,-1.67,13.1,376270048.72,,,113.3727,7.3517,7.7914,35.6621,2923128000,,,,,,,
2013-11-22,9192034,9.5719,9.615,9.2333,9.2333,-0.3786,-3.94,9.82,280843232.01,,,108.9075,7.0621,7.4845,34.2575,2808000000,,,,,,,
2013-11-25,7594500,9.1348,9.221,8.9286,8.9871,-0.2462,-2.67,8.11,223889575.44,,,106.0033,6.8738,7.2849,33.344,2733120000,,,,,,,
2013-11-26,6571867,8.9902,9.2056,8.9871,9.0671,0.08,0.89,7.02,194287495.59,,,106.9471,6.935,7.3498,33.6409,2757456000,,,,,,,
2013-11-27,14120819,9.1595,9.6273,8.8394,9.5719,0.5048,5.57,15.09,426042562.63,,,112.9007,7.3211,7.7589,35.5136,2910960000,,,,,,,
2013-11-28,9222155,9.5719,9.5719,9.261,9.2764,-0.2955,-3.09,9.85,280981876.05,,,109.4157,7.0951,7.5194,34.4174,2821104000,,,,,,,
2013-11-29,10976501,9.2641,9.655,9.2641,9.5657,0.2893,3.12,11.73,337981620.42,,,112.8281,7.3164,7.7539,35.4908,2909088000,,,,,,,
2013-12-02,8545881,8.7101,8.9102,8.6085,8.6085,-0.9572,-10.01,9.13,241393716.35,,,101.5381,6.5843,6.978,31.9394,2617992000,,,,,,,
2013-12-03,12150465,7.8545,8.3038,7.7468,8.1469,-0.4616,-5.36,12.98,315444631.07,,,96.0927,6.2312,6.6038,30.2265,2477592000,,,,,,,
2013-12-04,10272330,8.1499,8.4793,7.8822,7.8976,-0.2493,-3.06,10.97,274817867.44,,,93.1522,6.0405,6.4017,29.3016,2401776000,,,,,,,
2013-12-05,10903193,7.9037,8.5377,7.9037,8.2146,0.317,4.01,11.65,292614244.02,,,96.8913,6.283,6.6587,30.4778,2498184000,,,,,,,
2013-12-06,6973684,8.2946,8.4485,8.0207,8.1776,-0.037,-0.45,7.45,186494455.62,,,96.4557,6.2547,6.6288,30.3407,2486952000,,,,,,,
2013-12-09,8456131,8.39,8.4885,8.2177,8.4639,0.2863,3.5,9.03,230105418.29,,,99.8318,6.4736,6.8608,31.4027,2574000000,,,,,,,
2013-12-10,7064757,8.3685,8.3715,8.0484,8.1099,-0.354,-4.18,7.55,187402169.09,,,95.6571,6.2029,6.5739,30.0895,2466360000,,,,,,,
2013-12-11,4885263,8.033,8.2607,8.033,8.1438,0.0339,0.42,5.22,129479230.79,,,96.0564,6.2288,6.6013,30.2151,2476656000,,,,,,,
2013-12-12,5124211,8.1253,8.2915,8.0053,8.1961,0.0523,0.64,5.47,136372393.67,,,96.6735,6.2688,6.6437,30.4092,2492568000,,,,,,,
2013-12-13,4159472,8.0576,8.1653,8.0022,8.073,-0.1231,-1.5,4.44,108974565.01,,,95.2214,6.1747,6.5439,29.9525,2455128000,,,,,,,
2013-12-16,12948409,8.0268,8.6793,8.0176,8.6085,0.5355,6.63,13.83,352503838.19,,,101.5381,6.5843,6.978,31.9394,2617992000,,,,,,,
2013-12-17,7160876,8.587,8.6024,8.1715,8.2177,-0.3908,-4.54,7.65,193832358.49,,,96.9276,6.2853,6.6612,30.4892,2499120000,,,,,,,
2013-12-18,5033721,8.1869,8.2761,7.8483,7.9253,-0.2924,-3.56,5.38,130618288.46,,,93.4789,6.0617,6.4242,29.4044,2410200000,,,,,,,
2013-12-19,3594626,8.0022,8.1869,7.8729,7.9099,-0.0154,-0.19,3.84,93749247.89,,,93.2974,6.0499,6.4117,29.3473,2405520000,,,,,,,
2013-12-20,3017701,7.9499,8.0792,7.8145,7.956,0.0461,0.58,3.22,77796540.65,,,93.8419,6.0852,6.4491,29.5186,2419560000,,,,,,,
2013-12-23,4971733,7.9714,7.9714,7.5344,7.5375,-0.4185,-5.26,5.31,123891739.54,,,88.9048,5.7651,6.1098,27.9655,2292264000,,,,,,,
2013-12-24,3925382,7.4574,7.7406,7.3867,7.5713,0.0338,0.45,4.19,96708531.84,,,89.3041,5.791,6.1373,28.0912,2302560000,,,,,,,
2013-12-25,6810271,7.5652,8.0084,7.5652,7.9591,0.3878,5.12,7.28,173636792.43,,,93.8782,6.0876,6.4516,29.53,2420496000,,,,,,,
2013-12-26,5715344,7.9068,7.9622,7.6021,7.6175,-0.3416,-4.29,6.11,144075337.18,,,89.8487,5.8263,6.1747,28.2624,2316600000,,,,,,,
2013-12-27,3695068,7.5713,7.8083,7.4636,7.6975,0.08,1.05,3.95,92493129.14,,,90.7925,5.8875,6.2396,28.5593,2340936000,,,,,,,
2014-02-13,579750,8.467,8.467,8.467,8.467,0.7695,10,0.62,15948922.5,,,51.9795,6.0788,5.9336,49.5857,2574936000,,,,,,,
2014-02-14,18901212,9.2918,9.3133,8.9102,9.3133,0.8463,10,20.19,564113554.09,,,57.1756,6.6865,6.5268,54.5425,2832336000,,,,,,,
2014-02-17,15601524,9.4488,9.9074,9.3595,9.6642,0.3509,3.77,16.67,489385455.57,,,59.3296,6.9384,6.7726,56.5973,2939040000,,,,,,,
2014-02-18,10661666,9.6734,9.6734,9.298,9.4026,-0.2616,-2.71,11.39,326717997.32,,,57.7235,6.7506,6.5893,55.0652,2859480000,,,,,,,
2014-02-19,8940375,9.4088,9.5411,9.1748,9.2272,-0.1754,-1.87,9.55,272021369.52,,,56.6465,6.6246,6.4664,54.0378,2806128000,,,,,,,
2014-02-20,7837452,9.1564,9.2179,8.7593,8.8948,-0.3324,-3.6,8.37,227172969.28,,,54.6059,6.386,6.2334,52.0911,2705040000,,,,,,,
2014-02-21,16150560,8.9594,9.7842,8.9594,9.695,0.8002,9,17.25,497516738.19,,,59.5185,6.9605,6.7942,56.7775,2948400000,,,,,,,
2014-02-24,16482678,10.1259,10.4644,9.8181,10.2582,0.5632,5.81,17.61,544136331.22,,,62.9763,7.3649,7.1889,60.076,3119688000,,,,,,,
2014-02-25,12904708,10.0028,10.1813,9.2641,9.4672,-0.791,-7.71,13.79,409998495.36,,,58.1203,6.797,6.6346,55.4437,2879136000,,,,,,,
2014-02-26,11332374,9.2333,9.9504,9.0179,9.9504,0.4832,5.1,12.11,354771675.01,,,61.0868,7.1439,6.9732,58.2736,3026088000,,,,,,,
2014-02-27,10542777,10.0182,10.0951,9.1348,9.1471,-0.8033,-8.07,11.26,329558023.39,,,56.1552,6.5672,6.4103,53.5691,2781792000,,,,,,,
2014-02-28,6538328,8.9255,9.4488,8.864,9.3718,0.2247,2.46,6.99,195480414.57,,,57.5346,6.7285,6.5677,54.8849,2850120000,,,,,,,
2014-03-03,10192593,9.2333,10.3105,9.2333,10.3105,0.9387,10.02,10.89,327016846.88,,,63.2975,7.4024,7.2256,60.3824,3135600000,,,,,,,
2014-03-04,17345799,10.4644,10.8645,10.2736,10.5414,0.2309,2.24,18.53,595959893.7,,,64.7146,7.5682,7.3874,61.7343,3205800000,,,,,,,
2014-03-05,8698600,10.5598,10.6276,10.1013,10.1997,-0.3417,-3.24,9.29,291362529.74,,,62.6173,7.3229,7.1479,59.7336,3101904000,,,,,,,
2014-03-06,7318472,10.2182,10.3075,9.7165,10.0305,-0.1692,-1.66,7.82,238182599.83,,,61.578,7.2013,7.0293,58.7422,3050424000,,,,,,,
2014-03-07,6656204,9.9566,10.0335,9.5657,9.9966,-0.0339,-0.34,7.11,213541182.45,,,61.3702,7.177,7.0056,58.5439,3040128000,,,,,,,
2014-03-10,8734409,9.9781,10.4583,9.5903,9.7565,-0.2401,-2.4,9.33,286532638.58,,,59.8964,7.0047,6.8373,57.138,2967120000,,,,,,,
2014-03-11,7041290,9.3872,9.5165,9.0794,9.2118,-0.5447,-5.58,7.52,211652890.28,,,56.552,6.6136,6.4556,53.9477,2801448000,,,,,,,
2014-03-12,4333542,9.141,9.3226,8.9317,9.1225,-0.0893,-0.97,4.63,128574067.3,,,56.0041,6.5495,6.393,53.4249,2774304000,,,,,,,
2014-03-13,5663634,9.1718,9.695,9.1256,9.6365,0.514,5.63,6.05,172940763.39,,,59.1595,6.9185,6.7532,56.4351,2930616000,,,,,,,
2014-03-14,4500162,9.4857,9.5103,9.1718,9.2641,-0.3724,-3.86,4.81,136517072.67,,,56.8732,6.6511,6.4922,54.2541,2817360000,,,,,,,
2014-03-17,3634276,9.2118,9.5319,9.1872,9.4642,0.2001,2.16,3.88,111067799.73,,,58.1014,6.7948,6.6324,55.4257,2878200000,,,,,,,
2014-03-18,8964315,9.4642,10.2151,9.3872,10.0736,0.6094,6.44,9.58,286615315.96,,,61.8426,7.2323,7.0595,58.9945,3063528000,,,,,,,
2014-03-19,5888176,9.8797,9.9566,9.6488,9.7196,-0.354,-3.51,6.29,187058068.75,,,59.6697,6.9782,6.8115,56.9217,2955888000,,,,,,,
2014-03-20,6518446,9.6581,9.8366,8.747,8.9255,-0.7941,-8.17,6.96,196919873.98,,,54.7948,6.4081,6.255,52.2714,2714400000,,,,,,,
2014-03-21,4217858,8.7101,9.141,8.5562,9.024,0.0985,1.1,4.51,121397868.66,,,55.3995,6.4788,6.324,52.8482,2744352000,,,,,,,
2014-03-24,3206286,9.0333,9.2795,8.944,8.9809,-0.0431,-0.48,3.43,94620356.05,,,55.1349,6.4478,6.2938,52.5958,2731248000,,,,,,,
2014-03-25,2880876,8.8948,9.0764,8.7286,8.8794,-0.1015,-1.13,3.08,83031446.73,,,54.5114,6.3749,6.2226,52.001,2700360000,,,,,,,
2014-03-26,3901895,8.9255,9.2056,8.9132,9.1687,0.2893,3.26,4.17,114977122.36,,,56.2875,6.5826,6.4254,53.6953,2788344000,,,,,,,
2014-03-27,4994495,9.1718,9.1779,8.6362,8.7655,-0.4032,-4.4,5.34,144164505.66,,,53.8123,6.2932,6.1428,51.3341,2665728000,,,,,,,
2014-03-28,5121916,8.6393,8.7347,8.0022,8.1038,-0.6617,-7.55,5.47,138603865.18,,,49.7499,5.8181,5.6791,47.4588,2464488000,,,,,,,
2014-03-31,2521786,8.0668,8.3346,7.9714,8.2053,0.1015,1.25,2.69,66885718.48,,,49.8619,5.8386,5.8486,49.6622,2495376000,,,,,,,
2014-04-01,2989846,8.3746,8.5193,8.3254,8.4023,0.197,2.4,3.19,81729283.74,,,51.0589,5.9788,5.989,50.8544,2555280000,,,,,,,
2014-04-02,4777958,8.4023,8.4177,7.8791,7.9868,-0.4155,-4.95,5.1,125033492.42,,,48.534,5.6831,5.6928,48.3396,2428920000,,,,,,,
2014-04-03,2960168,7.9407,8.1099,7.7652,7.9499,-0.0369,-0.46,3.16,76545155.88,,,48.3096,5.6568,5.6665,48.1161,2417688000,,,,,,,
2014-04-04,2854836,7.953,8.1099,7.9099,8.0915,0.1416,1.78,3.05,74652862.57,,,49.1699,5.7576,5.7674,48.973,2460744000,,,,,,,
2014-04-08,5396268,7.8083,7.956,7.3867,7.9037,-0.1878,-2.32,5.77,134306368.44,,,48.0291,5.624,5.6336,47.8367,2403648000,,,,,,,
2014-04-09,3979296,7.8175,8.0576,7.796,7.9684,0.0647,0.82,4.25,102937371.03,,,48.4218,5.67,5.6796,48.2279,2423304000,,,,,,,
2014-04-10,5701141,8.1961,8.3038,8.0176,8.0268,0.0584,0.73,6.09,151918194.38,,,48.7772,5.7116,5.7213,48.5818,2441088000,,,,,,,
2014-04-11,4439834,7.8329,7.8391,7.6513,7.7283,-0.2985,-3.72,4.74,111662566.7,,,46.963,5.4991,5.5085,46.7749,2350296000,,,,,,,
2014-04-14,2756580,7.6975,7.9499,7.6944,7.8514,0.1231,1.59,2.95,70072819.32,,,47.7111,5.5867,5.5963,47.52,2387736000,,,,,,,
2014-04-15,2489496,7.8791,7.8791,7.6944,7.7037,-0.1477,-1.88,2.66,63034650.19,,,46.8134,5.4816,5.491,46.6259,2342808000,,,,,,,
2014-04-16,1935146,7.7252,7.8145,7.6637,7.7037,0,0,2.07,48647800.54,,,46.8134,5.4816,5.491,46.6259,2342808000,,,,,,,
2014-04-17,1988692,7.7591,7.8114,7.7191,7.7683,0.0646,0.84,2.12,50193746.09,,,47.2061,5.5276,5.537,47.017,2362464000,,,,,,,
2014-04-18,2314689,7.7129,7.8576,7.7129,7.8576,0.0893,1.15,2.47,58755284.1,,,47.7485,5.5911,5.6007,47.5573,2389608000,,,,,,,
2014-04-21,2484544,7.7898,7.8729,7.6944,7.7129,-0.1447,-1.84,2.65,62693176.96,,,46.8695,5.4882,5.4976,46.6817,2345616000,,,,,,,
2014-04-22,4041475,7.6637,7.756,7.082,7.3713,-0.3416,-4.43,4.32,97839396.88,,,44.7935,5.2451,5.254,44.614,2241720000,,,,,,,
2014-04-23,4280594,7.3559,7.5959,7.0789,7.5929,0.2216,3.01,4.57,101995000.34,,,46.1401,5.4028,5.412,45.9553,2309112000,,,,,,,
2014-04-24,3096797,7.5405,7.5744,7.3466,7.3959,-0.197,-2.59,3.31,75080379.51,,,44.9431,5.2626,5.2716,44.7631,2249208000,,,,,,,
2014-04-25,3046984,7.6113,7.6175,7.0912,7.202,-0.1939,-2.62,3.26,73686084.68,,,43.7648,5.1247,5.1334,43.5895,2190240000,,,,,,,
2014-04-28,4542495,7.0789,7.0789,6.4818,6.4818,-0.7202,-10,4.85,98861715.12,,,39.3883,4.6122,4.62,39.2305,1971216000,,,,,,,
2014-04-29,3483544,6.4295,6.5372,6.3433,6.5249,0.0431,0.66,3.72,73217743.97,,,39.6502,4.6428,4.6508,39.4913,1984320000,,,,,,,
2014-04-30,2380744,6.5218,6.6449,6.4695,6.5433,0.0184,0.28,2.54,50818965.99,,,39.7624,4.656,4.6639,39.6031,1989936000,,,,,,,
2014-05-05,2086069,6.4756,6.6511,6.4756,6.6449,0.1016,1.55,2.23,44714479.11,,,40.3796,4.7283,4.7363,40.2178,2020824000,,,,,,,
2014-05-06,3672267,6.6788,6.8542,6.6757,6.7465,0.1016,1.53,3.92,80725563.79,,,40.9968,4.8005,4.8087,40.8326,2051712000,,,,,,,
2014-05-07,2532313,6.6234,6.7434,6.4787,6.491,-0.2555,-3.79,2.71,54064530.82,,,39.4444,4.6188,4.6266,39.2864,1974024000,,,,,,,
2014-05-08,2739731,6.4172,6.6018,6.3464,6.3895,-0.1015,-1.56,2.93,57563461.9,,,38.8272,4.5465,4.5542,38.6717,1943136000,,,,,,,
2014-05-09,2825600,6.4572,6.531,6.2109,6.4172,0.0277,0.43,3.02,58644352.83,,,38.9956,4.5662,4.574,38.8394,1951560000,,,,,,,
2014-05-12,2702261,6.4387,6.6326,6.4202,6.608,0.1908,2.97,2.89,57484768.51,,,40.1551,4.702,4.71,39.9943,2009592000,,,,,,,
2014-05-13,2381871,6.6111,6.7249,6.528,6.5895,-0.0185,-0.28,2.54,51260825.98,,,40.0429,4.6888,4.6968,39.8825,2003976000,,,,,,,
2014-05-14,2404685,6.5249,6.5249,6.3648,6.4479,-0.1416,-2.15,2.57,50258116.53,,,39.1826,4.5881,4.5959,39.0256,1960920000,,,,,,,
2014-05-15,2804759,6.4387,6.5187,6.1586,6.1586,-0.2893,-4.49,3,57450320.93,,,37.4245,4.3822,4.3897,37.2746,1872936000,,,,,,,
2014-05-16,2997685,6.1217,6.1525,5.9062,6.1094,-0.0492,-0.8,3.2,58751882.57,,,37.1253,4.3472,4.3546,36.9766,1857960000,,,,,,,
2014-05-19,2369883,6.1679,6.2756,6.0878,6.1832,0.0738,1.21,2.53,47683138.06,,,37.5741,4.3998,4.4073,37.4236,1880424000,,,,,,,
2014-05-20,3050967,6.2787,6.4233,6.2171,6.2448,0.0616,1,3.26,62605971.04,,,37.9482,4.4436,4.4511,37.7962,1899144000,,,,,,,
2014-05-21,2541860,6.1894,6.3618,6.0971,6.3525,0.1077,1.72,2.72,51781892.16,,,38.6028,4.5202,4.5279,38.4482,1931904000,,,,,,,
2014-05-22,3326741,6.3433,6.528,6.2663,6.2787,-0.0738,-1.16,3.55,69297309.77,,,38.1539,4.4676,4.4753,38.0011,1909440000,,,,,,,
2014-05-23,9407833,6.3371,6.9065,6.3371,6.9065,0.6278,10,10.05,206284735.65,,,41.9693,4.9144,4.9228,41.8012,2100384000,,,,,,,
2014-05-26,12031285,6.9865,7.5405,6.9065,7.4421,0.5356,7.76,12.85,282326663.8,,,45.2236,5.2955,5.3045,45.0425,2263248000,,,,,,,
2014-05-27,6816967,7.2943,7.5713,7.2635,7.3959,-0.0462,-0.62,7.28,164230025.27,,,44.9431,5.2626,5.2716,44.7631,2249208000,,,,,,,
2014-05-28,7791791,7.4082,7.756,7.4082,7.7252,0.3293,4.45,8.32,192079328.55,,,46.9443,5.497,5.5063,46.7563,2349360000,,,,,,,
2014-05-29,6302436,7.7221,7.7221,7.3897,7.439,-0.2862,-3.7,6.73,153821979.95,,,45.2049,5.2933,5.3023,45.0239,2262312000,,,,,,,
2014-05-30,6788251,7.3442,7.5826,7.2002,7.3989,-0.0401,-0.54,4.53,101040332.26,,,44.5877,5.4602,5.2299,44.4091,2231424000,,,,,,,
2014-06-03,5380722,7.3144,7.3939,7.1655,7.1754,-0.2235,-3.02,3.59,78770125.6,,,43.2411,5.2953,5.072,43.0679,2164032000,,,,,,,
2014-06-04,24698064,7.2499,7.8954,7.23,7.8954,0.72,10.03,16.49,382146400.32,,,47.5802,5.8266,5.5809,47.3896,2381184000,,,,,,,
2014-06-05,27277830,7.9451,8.4814,7.672,8.1437,0.2483,3.14,18.21,442835288.18,,,49.0764,6.0099,5.7564,48.8798,2456064000,,,,,,,
2014-06-06,14084806,8.0444,8.2579,7.9004,8.0444,-0.0993,-1.22,9.4,229337839.69,,,48.4779,5.9366,5.6862,48.2838,2426112000,,,,,,,
2014-06-09,10831218,7.9501,8.104,7.7316,7.8011,-0.2433,-3.02,7.23,171920859.78,,,47.0116,5.757,5.5142,46.8233,2352729600,,,,,,,
2014-06-10,13639643,7.7514,8.2182,7.6521,8.1487,0.3476,4.46,9.11,218134753.13,,,49.1063,6.0135,5.7599,48.9097,2457561600,,,,,,,
2014-06-11,15181566,8.0593,8.4268,7.9997,8.0593,-0.0894,-1.1,10.14,251624615.56,,,48.5677,5.9476,5.6967,48.3732,2430604800,,,,,,,
2014-06-12,8759723,7.9451,7.9997,7.7862,7.9302,-0.1291,-1.6,5.85,139000511.56,,,47.7897,5.8523,5.6055,47.5982,2391667200,,,,,,,
2014-06-13,8872822,7.9451,8.1437,7.8607,7.9997,0.0695,0.88,5.92,142977818.72,,,48.2086,5.9036,5.6546,48.0155,2412633600,,,,,,,
2014-06-16,9170601,7.9947,8.2083,7.9501,8.0593,0.0596,0.75,6.12,148943067.98,,,48.5677,5.9476,5.6967,48.3732,2430604800,,,,,,,
2014-06-17,7967223,8.0593,8.0593,7.7713,7.8855,-0.1738,-2.16,5.32,126300916.73,,,47.5203,5.8193,5.5739,47.33,2378188800,,,,,,,
2014-06-18,6923873,7.96,7.965,7.5776,7.5876,-0.2979,-3.78,4.62,107996044.28,,,45.7249,5.5994,5.3633,45.5417,2288332800,,,,,,,
2014-06-19,8642924,7.5776,7.7912,6.9023,7.2052,-0.3824,-5.04,5.77,128920455.87,,,43.4207,5.3173,5.093,43.2467,2173017600,,,,,,,
2014-06-20,5209480,7.24,7.2896,7.0761,7.2847,0.0795,1.1,3.48,75439895.96,,,43.8995,5.3759,5.1492,43.7236,2196979200,,,,,,,
2014-06-23,5851620,7.2946,7.5826,7.2946,7.4982,0.2135,2.93,3.91,87722110.07,,,45.1862,5.5335,5.3001,45.0052,2261376000,,,,,,,
2014-06-24,4964647,7.4982,7.6819,7.4088,7.5478,0.0496,0.66,3.32,75721647.18,,,45.4855,5.5701,5.3352,45.3033,2276352000,,,,,,,
2014-06-25,8418202,7.4982,7.8656,7.374,7.7961,0.2483,3.29,5.62,129567863.38,,,46.9817,5.7533,5.5107,46.7935,2351232000,,,,,,,
2014-06-26,8966030,7.8805,7.8855,7.7514,7.806,0.0099,0.13,5.99,141349004.07,,,47.0415,5.7607,5.5177,46.8531,2354227200,,,,,,,
2014-06-27,8324543,7.7763,7.9451,7.6471,7.806,0,0,5.56,130762272.11,,,47.0415,5.7607,5.5177,46.8531,2354227200,,,,,,,
2014-06-30,5551782,7.8209,7.8209,7.6769,7.7465,-0.0595,-0.76,3.71,86612885.02,,,42.6479,5.5656,5.2817,57.0783,2336256000,,,,,,,
2014-07-01,6917866,7.7564,7.8954,7.6521,7.8259,0.0794,1.02,4.62,108563485.31,,,43.0853,5.6226,5.3359,57.6637,2360217600,,,,,,,
2014-07-02,6028699,7.7961,7.9054,7.6571,7.7415,-0.0844,-1.08,4.03,94036949.64,,,42.6206,5.562,5.2784,57.0417,2334758400,,,,,,,
2014-07-03,13331397,7.7614,8.1189,7.6769,8.0394,0.2979,3.85,8.9,213290480.55,,,44.2609,5.7761,5.4815,59.237,2424614400,,,,,,,
2014-07-04,7638574,7.9898,8.0692,7.8209,7.8507,-0.1887,-2.35,5.1,121668935.06,,,43.222,5.6405,5.3528,57.8467,2367705600,,,,,,,
2014-07-07,5336055,7.8209,7.8905,7.6422,7.6769,-0.1738,-2.21,3.56,82867727.24,,,42.2652,5.5156,5.2343,56.5661,2315289600,,,,,,,
2014-07-08,6310564,7.6819,7.8855,7.6223,7.8408,0.1639,2.13,4.21,98734005.26,,,43.1673,5.6333,5.3461,57.7735,2364710400,,,,,,,
2014-07-09,16184928,7.8458,8.3225,7.7713,7.9898,0.149,1.9,10.81,262717340.27,,,43.9875,5.7404,5.4476,58.8712,2409638400,,,,,,,
2014-07-10,13156150,7.9004,8.243,7.7763,8.0047,0.0149,0.19,8.78,212793602.94,,,44.0695,5.7511,5.4578,58.9809,2414131200,,,,,,,
2014-07-11,8337119,7.9203,8.1884,7.8458,7.9501,-0.0546,-0.68,5.57,134409116.39,,,43.7688,5.7118,5.4206,58.5784,2397657600,,,,,,,
2014-07-14,19531131,7.9997,8.7446,7.9947,8.7446,0.7945,9.99,13.04,328980892.95,,,48.1429,6.2827,5.9623,64.4326,2637273600,,,,,,,
2014-07-15,18553717,8.6701,8.7446,8.3423,8.5062,-0.2384,-2.73,12.39,317724866.04,,,46.8307,6.1114,5.7998,62.6764,2565388800,,,,,,,
2014-07-16,13389060,8.4764,8.6651,8.2579,8.392,-0.1142,-1.34,8.94,229193501.43,,,46.2019,6.0294,5.7219,61.8348,2530944000,,,,,,,
2014-07-17,8978943,8.2977,8.4913,8.1685,8.4119,0.0199,0.24,6,150323753.1,,,46.3113,6.0436,5.7354,61.9812,2536934400,,,,,,,
2014-07-18,6970084,8.387,8.5012,8.243,8.248,-0.1639,-1.95,4.65,117381016.59,,,45.4091,5.9259,5.6237,60.7738,2487513600,,,,,,,
2014-07-21,6462677,8.248,8.3175,8.0643,8.2679,0.0199,0.24,4.32,106542110.67,,,45.5184,5.9402,5.6373,60.9201,2493504000,,,,,,,
2014-07-22,6711695,8.1983,8.4913,8.1983,8.3175,0.0496,0.6,4.48,112750310.38,,,45.7918,5.9758,5.6711,61.286,2508480000,,,,,,,
2014-07-23,9144296,8.2579,8.3324,7.8954,7.9004,-0.4171,-5.01,6.11,148824621.15,,,43.4954,5.6762,5.3867,58.2126,2382681600,,,,,,,
2014-07-24,7932082,7.8458,7.8458,7.4485,7.5876,-0.3128,-3.96,5.3,121737754.06,,,41.7731,5.4514,5.1734,55.9075,2288332800,,,,,,,
2014-07-25,6711862,7.6372,7.9848,7.6074,7.8756,0.288,3.8,4.48,106070961.25,,,43.3587,5.6583,5.3698,58.0296,2375193600,,,,,,,
2014-07-28,6553731,7.8954,8.0345,7.7465,7.9997,0.1241,1.58,4.38,104408163.03,,,44.0422,5.7475,5.4544,58.9443,2412633600,,,,,,,
2014-07-29,7804156,8.0047,8.3423,7.96,8.248,0.2483,3.1,5.21,128795087.03,,,45.4091,5.9259,5.6237,60.7738,2487513600,,,,,,,
2014-07-30,7606718,8.3175,8.4317,8.1785,8.2877,0.0397,0.48,5.08,127092029.8,,,45.6278,5.9544,5.6508,61.0665,2499494400,,,,,,,
2014-07-31,6250039,8.2977,8.4119,8.2232,8.3225,0.0348,0.42,4.17,104750701.57,,,45.8192,5.9794,5.6745,61.3226,2509977600,,,,,,,
2014-08-01,13517020,8.2877,8.8886,8.2083,8.4317,0.1092,1.31,9.03,233670676.73,,,46.4206,6.0579,5.749,62.1275,2542924800,,,,,,,
2014-08-04,8528366,8.6403,8.7346,8.4566,8.5559,0.1242,1.47,5.69,147292294.92,,,47.1041,6.1471,5.8336,63.0423,2580364800,,,,,,,
2014-08-05,9767769,8.4764,8.6899,8.2778,8.6353,0.0794,0.93,6.52,167766390,,,47.5415,6.2042,5.8878,63.6277,2604326400,,,,,,,
2014-08-06,5922505,8.541,8.6899,8.4913,8.5857,-0.0496,-0.57,3.95,102347510.98,,,47.2681,6.1685,5.8539,63.2618,2589350400,,,,,,,
2014-08-07,7819045,8.6155,8.824,8.5012,8.5062,-0.0795,-0.93,5.22,136185578.63,,,46.8307,6.1114,5.7998,62.6764,2565388800,,,,,,,
2014-08-08,7086807,8.5062,8.531,8.3026,8.3721,-0.1341,-1.58,4.73,119753212.37,,,46.0925,6.0151,5.7084,61.6885,2524953600,,,,,,,
2014-08-11,14257118,8.2977,8.8339,8.2977,8.8339,0.4618,5.52,9.52,248769856.25,,,48.635,6.3469,6.0232,65.0912,2664230400,,,,,,,
2014-08-12,9484976,8.7992,8.8737,8.6949,8.8389,0.005,0.06,6.33,167705849.45,,,48.6624,6.3504,6.0266,65.1278,2665728000,,,,,,,
2014-08-13,8009449,8.7744,9.0375,8.6899,8.7595,-0.0794,-0.9,5.35,142677756.36,,,48.2249,6.2934,5.9724,64.5424,2641766400,,,,,,,
2014-08-14,11272874,8.7148,9.122,8.7098,8.8637,0.1042,1.19,7.53,203870266.89,,,48.7991,6.3683,6.0435,65.3108,2673216000,,,,,,,
2014-08-15,7225732,8.8091,8.973,8.7942,8.9233,0.0596,0.67,4.82,129420006.41,,,49.1271,6.4111,6.0842,65.7498,2691187200,,,,,,,
2014-12-02,94903,9.8171,9.8171,9.8171,9.8171,0.8938,10.02,0.06,1876232.31,,,51.3451,6.7873,6.749,59.903,2960755200,,,,,,,
2014-12-03,444344,10.8004,10.8004,10.8004,10.8004,0.9833,10.02,0.3,9664482,,,56.4874,7.467,7.425,65.9024,3257280000,,,,,,,
2014-12-04,25044786,11.6942,11.6942,10.8252,11.1281,0.3277,3.03,16.72,565316190.22,,,58.2015,7.6936,7.6503,67.9022,3356121600,,,,,,,
2014-12-05,16846552,10.8748,11.0139,10.2293,10.3584,-0.7697,-6.92,11.25,357954434.24,,,54.176,7.1615,7.1211,63.2057,3123993600,,,,,,,
2014-12-08,11882228,10.125,10.2939,9.842,9.981,-0.3774,-3.64,7.93,240764949.7,,,52.2021,6.9006,6.8617,60.9029,3010176000,,,,,,,
2014-12-09,15475086,9.9065,9.9065,9.1369,9.4298,-0.5512,-5.52,10.33,296659573.01,,,49.3193,6.5195,6.4828,57.5396,2843942400,,,,,,,
2014-12-10,14044406,9.5391,10.3733,9.3355,10.3733,0.9435,10.01,9.38,283108643.5,,,54.2539,7.1718,7.1314,63.2966,3128486400,,,,,,,
2014-12-11,19819838,10.7159,11.1728,10.4826,10.5968,0.2235,2.15,13.23,432966801.41,,,55.4226,7.3263,7.285,64.6601,3195878400,,,,,,,
2014-12-12,19961263,10.3783,11.5601,10.2094,11.2125,0.6157,5.81,13.33,440851025.64,,,58.643,7.752,7.7083,68.4173,3381580800,,,,,,,
2014-12-15,11480495,10.9394,11.3863,10.8252,11.0536,-0.1589,-1.42,7.67,256877967.06,,,57.8119,7.6421,7.5991,67.4477,3333657600,,,,,,,
2014-12-16,10127339,10.9692,11.0884,10.6266,10.7706,-0.283,-2.56,6.76,221116688.65,,,56.3316,7.4464,7.4045,65.7206,3248294400,,,,,,,
2014-12-17,9158326,10.7755,10.7755,10.2541,10.2839,-0.4867,-4.52,6.12,191870970.96,,,53.7864,7.11,7.0699,62.7512,3101529600,,,,,,,
2014-12-18,11244490,10.0853,11.148,10.0853,10.6315,0.3476,3.38,7.51,244811569.22,,,55.6044,7.3503,7.3089,64.8722,3206361600,,,,,,,
2014-12-19,7192609,10.567,10.6266,10.0803,10.3683,-0.2632,-2.48,4.8,148848345.48,,,54.2279,7.1683,7.128,63.2663,3126988800,,,,,,,
2014-12-22,19814255,10.3683,11.4062,9.9711,11.1529,0.7846,7.57,13.23,441259197.61,,,58.3313,7.7108,7.6673,68.0537,3363609600,,,,,,,
2014-12-23,14825528,10.9245,11.6693,10.7755,10.9096,-0.2433,-2.18,9.9,335153816.75,,,57.0588,7.5425,7.5001,66.569,3290227200,,,,,,,
2014-12-24,16944395,10.6861,11.8978,10.6812,11.7935,0.8839,8.1,11.31,388884616.54,,,61.6816,8.1536,8.1077,71.9624,3556800000,,,,,,,
2014-12-25,14195112,11.6346,12.3546,11.3714,12.156,0.3625,3.07,9.48,339350936.94,,,63.5775,8.4043,8.3569,74.1743,3666124800,,,,,,,
2014-12-26,10265337,12.0765,12.3596,11.7438,11.7587,-0.3973,-3.27,6.85,247744142.91,,,61.4998,8.1296,8.0838,71.7503,3546316800,,,,,,,
2014-12-29,9888715,11.7438,12.0368,11.1877,11.4211,-0.3376,-2.87,6.6,231137446.87,,,59.7338,7.8962,7.8517,69.6899,3444480000,,,,,,,
2014-12-30,9628155,11.4658,11.5452,10.6067,10.7507,-0.6704,-5.87,6.43,214163637.99,,,56.2277,7.4327,7.3908,65.5994,3242304000,,,,,,,
2014-12-31,7129657,10.7507,11.143,10.6911,10.9146,0.1639,1.52,4.76,155895843.76,,,56.1225,7.1015,7.2421,44.2377,3291724800,,,,,,,
2015-01-05,7783096,10.9295,11.0089,10.3088,10.5769,-0.3377,-3.09,5.2,165095680.1,,,54.3862,6.8818,7.018,42.8692,3189888000,,,,,,,
2015-01-06,9903762,10.4428,11.1926,10.3385,11.143,0.5661,5.35,6.61,215258721.31,,,57.297,7.2502,7.3936,45.1636,3360614400,,,,,,,
2015-01-07,6502327,11.0784,11.0784,10.6812,10.7159,-0.4271,-3.83,4.34,141636800.53,,,55.1011,6.9723,7.1103,43.4327,3231820800,,,,,,,
2015-01-08,4862269,10.6911,10.994,10.6216,10.6315,-0.0844,-0.79,3.25,105816634.51,,,54.6671,6.9174,7.0543,43.0905,3206361600,,,,,,,
2015-01-09,5251063,10.5024,10.7805,10.4031,10.4875,-0.144,-1.35,3.51,111902370.61,,,53.9266,6.8237,6.9587,42.5069,3162931200,,,,,,,
2015-01-12,5265041,10.413,10.6017,10.0803,10.0952,-0.3923,-3.74,3.52,109746485.79,,,51.9094,6.5684,6.6984,40.9169,3044620800,,,,,,,
2015-01-13,4731407,10.3088,10.4528,10.135,10.3981,0.3029,3,3.16,98244516.35,,,53.467,6.7655,6.8994,42.1446,3135974400,,,,,,,
2015-01-14,5129140,10.2988,10.3932,9.8867,9.9612,-0.4369,-4.2,3.42,104293458.88,,,51.22,6.4812,6.6095,40.3735,3004185600,,,,,,,
2015-01-15,12158961,10.0803,10.9593,10.0555,10.6017,0.6405,6.43,8.12,263248031.27,,,54.5139,6.898,7.0345,42.9698,3197376000,,,,,,,
2015-01-16,9930029,10.4726,10.8103,10.3336,10.7159,0.1142,1.08,6.63,211133072.19,,,55.1011,6.9723,7.1103,43.4327,3231820800,,,,,,,
2015-01-19,8845105,10.2293,10.9195,10.0903,10.3683,-0.3476,-3.24,5.91,188013682.81,,,53.3138,6.7461,6.8796,42.0238,3126988800,,,,,,,
2015-01-20,8111887,10.413,10.8798,10.413,10.845,0.4767,4.6,5.42,175084207.42,,,55.765,7.0563,7.1959,43.956,3270758400,,,,,,,
2015-01-21,10059953,11.0387,11.2969,10.8649,11.0337,0.1887,1.74,6.72,223622568.95,,,56.7353,7.1791,7.3211,44.7208,3327667200,,,,,,,
2015-01-22,11145865,11.0387,11.3913,10.9493,11.3913,0.3576,3.24,7.44,252536033.9,,,58.5737,7.4117,7.5584,46.1699,3435494400,,,,,,,
2015-01-23,7556890,11.5204,11.5601,10.9493,11.0039,-0.3874,-3.4,5.05,170340873.17,,,56.5821,7.1597,7.3014,44.6,3318681600,,,,,,,
2015-01-26,6272945,10.9046,11.4111,10.8649,11.3217,0.3178,2.89,4.19,142315345.01,,,58.2162,7.3665,7.5122,45.8881,3414528000,,,,,,,
2015-01-27,8677326,11.3962,11.5104,10.989,11.3813,0.0596,0.53,5.79,196598044.61,,,58.5226,7.4052,7.5518,46.1296,3432499200,,,,,,,
2015-01-28,4510903,11.2721,11.3962,11.1281,11.2324,-0.1489,-1.31,3.01,102323228.1,,,57.7566,7.3083,7.4529,45.5258,3387571200,,,,,,,
2015-01-29,3588742,11.2224,11.2473,10.9295,11.2026,-0.0298,-0.27,2.4,80313920.31,,,57.6034,7.2889,7.4332,45.4051,3378585600,,,,,,,
2015-01-30,10967349,11.1728,11.8034,11.1529,11.3466,0.144,1.29,7.32,254508240.88,,,58.3439,7.3826,7.5287,45.9887,3422016000,,,,,,,
2015-02-02,7764914,11.0486,11.7687,11.0288,11.5055,0.1589,1.4,5.18,178157659.71,,,59.1609,7.486,7.6341,46.6328,3469939200,,,,,,,
2015-02-03,8872292,11.6296,11.9077,11.426,11.719,0.2135,1.86,5.92,208378230.47,,,60.2589,7.6249,7.7758,47.4982,3534336000,,,,,,,
2015-02-04,14146316,11.7488,12.5532,11.6693,12.151,0.432,3.69,9.45,344728677.56,,,62.4803,7.906,8.0625,49.2492,3664627200,,,,,,,
2015-02-05,12592475,12.2106,12.6625,12.0418,12.4092,0.2582,2.12,8.41,315291064.32,,,63.808,8.074,8.2338,50.2958,3742502400,,,,,,,
2015-02-06,9332540,12.2702,12.439,11.6693,11.6793,-0.7299,-5.88,6.23,224199166.07,,,60.0546,7.5991,7.7495,47.3372,3522355200,,,,,,,
2015-02-09,6528327,11.4707,11.9673,11.1777,11.3168,-0.3625,-3.1,4.36,152060895.95,,,58.1907,7.3632,7.5089,45.868,3413030400,,,,,,,
2015-02-10,4880425,11.3217,11.6098,11.1231,11.6048,0.288,2.54,3.26,112063457.2,,,59.6716,7.5506,7.7,47.0353,3499891200,,,,,,,
2015-02-11,6067849,11.6445,12.2404,11.57,12.0169,0.4121,3.55,4.05,146535168.57,,,61.7909,7.8188,7.9735,48.7058,3624192000,,,,,,,
2015-02-12,4734756,11.8183,12.0616,11.7935,11.8134,-0.2035,-1.69,3.16,113529994,,,60.744,7.6863,7.8384,47.8806,3562790400,,,,,,,
2015-02-13,15526598,11.868,12.9753,11.858,12.727,0.9136,7.73,10.37,390831329.71,,,65.4422,8.2808,8.4447,51.5839,3838348800,,,,,,,
2015-02-16,11935200,12.7717,13.0895,12.4788,12.9157,0.1887,1.48,7.97,309176828.02,,,66.4124,8.4036,8.5699,52.3487,3895257600,,,,,,,
2015-02-17,7563029,12.9902,13.0448,12.6228,12.881,-0.0347,-0.27,5.05,195398097.16,,,66.2337,8.381,8.5468,52.2078,3884774400,,,,,,,
2015-02-25,12809780,13.1541,14.1671,13.0001,13.606,0.725,5.63,8.55,354238797.77,,,69.9616,8.8527,9.0279,55.1462,4103424000,,,,,,,
2015-02-26,9150717,13.8046,13.9436,13.0697,13.5215,-0.0845,-0.62,6.11,248241884.92,,,69.5275,8.7978,8.9719,54.8041,4077964800,,,,,,,
2015-02-27,6081920,13.3875,13.8443,13.2832,13.6258,0.1043,0.77,4.06,165917903.07,,,70.0637,8.8656,9.041,55.2267,4109414400,,,,,,,
2015-03-02,27002247,14.9864,14.9864,14.6488,14.9864,1.3606,9.99,18.03,814302134.45,,,77.0599,9.7509,9.9438,60.7414,4519756800,,,,,,,
2015-03-03,22559136,16.2874,16.4861,15.7462,16.4861,1.4997,10.01,15.06,739960638.11,,,84.771,10.7266,10.9389,66.8195,4972032000,,,,,,,
2015-03-04,24320040,15.8504,16.3818,15.5972,15.9597,-0.5264,-3.19,16.24,778331262.35,,,82.0644,10.3841,10.5896,64.6861,4813286400,,,,,,,
2015-03-05,22997701,15.8902,16.4513,15.3191,15.483,-0.4767,-2.99,15.36,734057268.02,,,79.6132,10.074,10.2733,62.754,4669516800,,,,,,,
2015-03-06,13765432,15.2844,15.478,14.5097,14.5892,-0.8938,-5.77,9.19,413119122.91,,,75.0172,9.4924,9.6802,59.1313,4399948800,,,,,,,
2015-03-09,9330590,14.4799,15.0212,14.4154,14.8772,0.288,1.97,6.23,278233383.24,,,76.4981,9.6798,9.8713,60.2986,4486809600,,,,,,,
2015-03-10,8599162,14.8523,15.2049,14.5991,14.7977,-0.0795,-0.53,5.74,259229329.1,,,76.0896,9.6281,9.8186,59.9766,4462848000,,,,,,,
2015-03-11,9299016,14.6488,14.6885,14.2515,14.5345,-0.2632,-1.78,6.21,269729408.41,,,74.7363,9.4569,9.644,58.9099,4383475200,,,,,,,
2015-03-12,8422558,14.4104,14.5345,13.9039,14.2018,-0.3327,-2.29,5.62,240670469.66,,,73.0256,9.2404,9.4232,57.5614,4283136000,,,,,,,
2015-03-13,9725909,14.1969,14.7481,14.0529,14.7481,0.5463,3.85,6.49,281648490.89,,,75.8343,9.5958,9.7857,59.7753,4447872000,,,,,,,
2015-03-16,14007154,14.8474,15.1304,14.4501,14.9964,0.2483,1.68,9.35,419374128.54,,,77.1109,9.7573,9.9504,60.7816,4522752000,,,,,,,
2015-03-17,11800723,14.9964,15.1702,14.6537,14.8176,-0.1788,-1.19,7.88,353144891.41,,,76.1917,9.641,9.8318,60.0571,4468838400,,,,,,,
2015-03-18,12619006,14.8226,15.339,14.8226,15.2099,0.3923,2.65,8.43,385406293.32,,,78.2089,9.8963,10.0921,61.647,4587148800,,,,,,,
2015-03-19,11286615,15.1205,15.1205,14.6984,14.8821,-0.3278,-2.16,7.54,337079044.86,,,76.5237,9.683,9.8746,60.3187,4488307200,,,,,,,
2015-03-20,9339863,14.8474,15.0361,14.7083,14.8623,-0.0198,-0.13,6.24,279012779.21,,,76.4215,9.6701,9.8615,60.2382,4482316800,,,,,,,
2015-03-23,13030232,15.046,15.2794,14.7928,15.046,0.1837,1.24,8.7,394135234.16,,,77.3663,9.7896,9.9834,60.9829,4537728000,,,,,,,
2015-03-24,21322468,15.0708,15.8902,14.2018,15.7263,0.6803,4.52,14.24,656788944.27,,,80.8643,10.2323,10.4348,63.7402,4742899200,,,,,,,
2015-03-25,15915475,15.4035,16.064,15.3936,15.5376,-0.1887,-1.2,10.63,504279620.57,,,79.8941,10.1095,10.3096,62.9754,4685990400,,,,,,,
2015-03-26,13019870,15.3837,15.3886,14.1671,14.4849,-1.0527,-6.78,8.69,386566870.84,,,74.481,9.4246,9.6111,58.7086,4368499200,,,,,,,
2015-03-27,7189094,14.331,15.046,14.3061,14.6388,0.1539,1.06,4.8,213303367.76,,,75.2725,9.5247,9.7132,59.3325,4414924800,,,,,,,
2015-03-30,5398940,14.465,14.7779,14.465,14.6736,0.0348,0.24,3.61,159032936.03,,,75.4513,9.5473,9.7363,59.4734,4425408000,,,,,,,
2015-03-31,7869297,14.6785,15.0857,14.5445,14.9169,0.2433,1.66,5.25,236092036.82,,,64.7306,9.715,8.8109,71.7374,4498790400,,,,,,,
2015-04-01,9747495,15.0162,15.5624,14.9219,15.3588,0.4419,2.96,6.51,301238367.67,,,66.6484,10.0028,9.0719,73.8628,4632076800,,,,,,,
2015-04-02,15874092,15.5823,16.5159,15.3191,15.8902,0.5314,3.46,10.6,509110342.31,,,68.954,10.3489,9.3857,76.418,4792320000,,,,,,,
2015-04-03,11117858,15.5922,16.0342,15.4333,15.627,-0.2632,-1.66,7.42,351870599.43,,,67.812,10.1775,9.2303,75.1523,4712947200,,,,,,,
2015-04-07,10852157,16.0391,16.3123,15.7313,15.8107,0.1837,1.18,7.25,347335337.21,,,68.6092,10.2971,9.3388,76.0359,4768358400,,,,,,,
2015-04-08,12520153,15.8107,15.8107,14.897,15.1453,-0.6654,-4.21,8.36,384932238.28,,,65.7218,9.8638,8.9458,72.8359,4567680000,,,,,,,
2015-04-09,8221194,15.0013,15.1255,13.9138,14.7034,-0.4419,-2.92,5.49,241147788.15,,,63.804,9.5759,8.6847,70.7105,4434393600,,,,,,,
2015-04-10,5793989,14.5494,14.9417,14.3012,14.8921,0.1887,1.28,3.87,173167353.51,,,64.6228,9.6988,8.7962,71.618,4491302400,,,,,,,
2015-04-13,11796859,14.9914,15.766,14.9914,15.483,0.5909,3.97,7.88,368876597.45,,,67.1871,10.0837,9.1452,74.4598,4669516800,,,,,,,
2015-04-14,8306634,15.483,15.7313,15.185,15.344,-0.139,-0.9,5.55,258183197.69,,,66.5837,9.9931,9.0631,73.7911,4627584000,,,,,,,
2015-04-15,7702814,15.3936,15.4234,14.2515,14.2515,-1.0925,-7.12,5.14,227269489.15,,,61.8431,9.2817,8.4178,68.5374,4298112000,,,,,,,
2015-04-16,5209167,14.2565,14.9765,14.2565,14.5097,0.2582,1.81,3.48,153921055.79,,,62.9636,9.4498,8.5704,69.7792,4375987200,,,,,,,
2015-04-17,5617050,14.6736,14.8375,14.4253,14.5594,0.0497,0.34,3.75,165561306.2,,,63.1791,9.4822,8.5997,70.018,4390963200,,,,,,,
2015-04-20,6204767,14.4303,14.8275,14.0529,14.2118,-0.3476,-2.39,4.14,180158973.8,,,61.6707,9.2558,8.3944,68.3463,4286131200,,,,,,,
2015-04-21,6423773,14.2167,14.9715,14.2167,14.9517,0.7399,5.21,4.29,190532207.55,,,64.8814,9.7376,8.8314,71.9046,4509273600,,,,,,,
2015-04-22,8002240,15.2049,15.6568,15.1602,15.19,0.2383,1.59,5.34,246810262,,,65.9157,9.8929,8.9722,73.0508,4581158400,,,,,,,
2015-04-23,8240660,15.2198,15.5922,15.185,15.4035,0.2135,1.41,5.5,255626747.01,,,66.8423,10.0319,9.0983,74.0777,4645555200,,,,,,,
2015-04-24,14514560,15.1255,16.2676,15.046,16.1236,0.7201,4.67,9.69,461604247.27,,,69.9668,10.5009,9.5236,77.5404,4862707200,,,,,,,
2015-04-27,14814889,16.8883,17.4792,15.9895,16.0193,-0.1043,-0.65,9.89,493763294.83,,,69.5143,10.433,9.462,77.0389,4831257600,,,,,,,
2015-04-28,8141136,15.7809,16.1633,15.0957,15.2844,-0.7349,-4.59,5.44,251930618.37,,,66.3251,9.9543,9.0279,73.5046,4609612800,,,,,,,
2015-05-11,13384047,16.8138,16.8138,15.9398,16.3917,1.1073,7.24,8.94,438446626.16,,,71.1304,10.6755,9.682,78.8299,4943577600,,,,,,,
2015-05-12,17601249,16.4364,18.0304,16.0789,18.0304,1.6387,10,11.75,603589425.29,,,78.2412,11.7427,10.6499,86.7105,5437785600,,,,,,,
2015-05-13,15426610,17.5281,18.5639,17.2294,17.5032,-0.5272,-2.92,10.3,557504804.25,,,75.7417,11.7475,10.3097,83.9404,5264064000,,,,,,,
2015-05-14,8369681,17.4435,17.7672,17.2294,17.3688,-0.1344,-0.77,5.59,293428513.72,,,75.1599,11.6573,10.2305,83.2956,5223628800,,,,,,,
2015-05-15,8666751,17.2493,17.2493,16.338,16.582,-0.7868,-4.53,5.79,289922750.3,,,71.7553,11.1292,9.767,79.5225,4987008000,,,,,,,
2015-05-18,8804639,16.8011,17.5481,16.8011,16.9306,0.3486,2.1,5.88,303252486.22,,,73.2636,11.3632,9.9724,81.1941,5091840000,,,,,,,
2015-05-19,9658760,16.9306,17.817,16.831,17.6526,0.722,4.26,6.45,338627089.44,,,76.3881,11.8478,10.3976,84.6568,5308992000,,,,,,,
2015-05-20,11353794,17.7771,18.9224,17.553,17.6128,-0.0398,-0.23,7.58,416900174.91,,,76.2157,11.821,10.3742,84.4658,5297011200,,,,,,,
2015-05-21,11838938,17.6676,18.7631,17.6676,18.4245,0.8117,4.61,7.91,433183018.04,,,79.7281,12.3658,10.8523,88.3583,5541120000,,,,,,,
2015-05-22,18045310,18.773,20.2669,18.6535,20.242,1.8175,9.86,12.05,705015258.72,,,87.5931,13.5857,11.9228,97.0747,6087744000,,,,,,,
2015-05-25,17973865,19.4254,22.2687,19.3208,22.0645,1.8225,9,12,758704847.81,,,95.4798,14.8089,12.9963,105.815,6635865600,,,,,,,
2015-05-26,10497403,22.0745,23.5534,21.6612,22.7318,0.6673,3.02,7.01,481939393.99,,,98.3672,15.2567,13.3894,109.0151,6836544000,,,,,,,
2015-05-27,10549357,22.7368,22.9011,21.6014,22.2687,-0.4631,-2.04,7.04,468894935.8,,,96.3632,14.9459,13.1166,106.7942,6697267200,,,,,,,
2015-05-28,9508156,22.1293,22.8513,20.1225,20.3366,-1.9321,-8.68,6.35,417291739.26,,,88.0026,13.6492,11.9786,97.5285,6116198400,,,,,,,
2015-05-29,11838699,20.3366,22.1342,18.3249,21.701,1.3644,6.71,7.91,498904710.24,,,93.9067,14.5649,12.7822,104.0718,6526540800,,,,,,,
2015-06-01,9026195,22.9061,23.8721,21.9102,23.8721,2.1711,10,6.03,419015848.51,,,103.3017,16.0221,14.061,114.4837,7179494400,,,,,,,
2015-06-02,11975090,23.7775,26.2573,23.7775,24.5942,0.7221,3.02,8,600073855.04,,,106.4262,16.5067,14.4863,117.9464,7396646400,,,,,,,
2015-06-03,8412164,24.7983,24.8282,23.1102,23.404,-1.1902,-4.84,5.62,402690760.57,,,101.2762,15.7079,13.7853,112.2389,7038720000,,,,,,,
2015-06-04,9512544,23.3841,23.404,21.1035,23.18,-0.224,-0.96,6.35,428391215.91,,,100.3065,15.5575,13.6533,111.1643,6971328000,,,,,,,
2015-10-14,358900,20.8645,20.8645,20.8645,20.8645,-2.3155,-9.99,0.12,7518955,,,88.4752,9.5276,9.6474,14571.4418,6899314545.5,,,,,,,
2015-10-15,1205300,18.783,18.783,18.783,18.783,-2.0815,-9.98,0.4,22731958,,,79.6488,8.5771,8.6849,13117.7753,6211029705.4,,,,,,,
2015-10-16,72988120,17.1298,18.7133,17.1298,18.4842,-0.2988,-1.59,24.37,1301543271.11,,,78.3819,8.4407,8.5468,12909.1151,6112232838.4,,,,,,,
2015-10-19,47312506,17.9165,19.8187,17.8269,19.5698,1.0856,5.87,15.8,902473084.88,,,82.9851,8.9364,9.0487,13667.2473,6471194788.5,,,,,,,
2015-10-20,30821017,19.3108,19.8187,18.8029,19.4303,-0.1395,-0.71,10.29,598960785.65,,,82.3939,8.8727,8.9843,13569.8726,6425089583.9,,,,,,,
2015-10-21,34903447,19.5797,20.2072,17.6277,18.0858,-1.3445,-6.92,11.65,668271476.12,,,76.6926,8.2588,8.3626,12630.9014,5980503682.4,,,,,,,
2015-10-22,22267164,18.3747,19.0021,17.9265,19.0021,0.9163,5.07,7.43,416874063.49,,,80.5779,8.6772,8.7862,13270.7928,6283480741.2,,,,,,,
2015-10-23,35196441,19.0021,20.9043,19.0021,20.7848,1.7827,9.38,11.75,703423878.63,,,88.1374,9.4912,9.6105,14515.7991,6872968714.3,,,,,,,
2015-10-26,36652732,21.2329,22.1591,20.1275,20.725,-0.0598,-0.29,12.24,778827873.28,,,87.884,9.4639,9.5829,14474.067,6853209340.9,,,,,,,
2015-10-27,26284852,19.9183,20.6653,19.0121,20.3167,-0.4083,-1.97,8.78,523639824.15,,,86.1525,9.2775,9.3941,14188.898,6718186956,,,,,,,
2015-10-28,18776572,19.9183,20.7649,19.022,19.271,-1.0457,-5.15,6.27,375210372.43,,,81.7182,8.8,8.9106,13458.5871,6372397921.5,,,,,,,
2015-10-29,13670002,19.8486,20.0677,19.2511,19.5299,0.2589,1.34,4.56,269615585.37,,,82.8162,8.9182,9.0303,13639.426,6458021872.9,,,,,,,
2015-10-30,14175144,19.3805,19.52,18.8228,18.9324,-0.5975,-3.06,4.73,272348828.33,,,80.2823,8.6453,8.754,13222.1054,6260428138.9,,,,,,,
2015-11-02,11846622,18.6236,19.2909,18.295,18.773,-0.1594,-0.84,3.96,225259372.74,,,79.6066,8.5726,8.6803,13110.82,6207736476.5,,,,,,,
2015-11-03,8907929,18.5838,19.0419,18.534,18.8228,0.0498,0.27,2.97,168349388.23,,,79.8178,8.5953,8.7034,13145.5967,6224202621,,,,,,,
2015-11-04,18372238,18.9921,20.2669,18.9921,20.0876,1.2648,6.72,6.13,362356366.98,,,85.1812,9.1729,9.2882,14028.9251,6642442691.3,,,,,,,
2015-11-05,21614168,20.4063,20.4163,19.4503,19.8885,-0.1991,-0.99,7.22,432114729.38,,,84.3365,9.0819,9.1961,13889.8183,6576578113.3,,,,,,,
2015-11-06,19484579,19.8885,20.4163,19.5996,20.237,0.3485,1.75,6.51,393202522.07,,,85.8147,9.2411,9.3573,14133.2553,6691841124.8,,,,,,,
2015-11-09,23273303,19.9084,20.4063,19.4901,20.1474,-0.0896,-0.44,7.77,467131280.53,,,85.4346,9.2002,9.3158,14070.6572,6662202064.7,,,,,,,
2015-11-10,24753374,20.4661,22.1591,20.4661,22.1591,2.0117,9.98,8.26,545568674.63,,,93.9654,10.1188,10.246,15475.6363,7327434302.5,,,,,,,
2015-11-11,49970428,22.5575,23.1053,21.6911,22.936,0.7769,3.51,16.68,1128562726.17,,,97.2594,10.4735,10.6052,16018.153,7584306156.7,,,,,,,
2015-11-12,36274020,22.6073,23.8422,22.0894,23.0057,0.0697,0.3,12.11,833205641.73,,,97.555,10.5054,10.6374,16066.8404,7607358759,,,,,,,
2015-11-13,24516940,22.5874,23.0156,21.7807,22.0894,-0.9163,-3.98,8.19,550625704.58,,,93.6697,10.087,10.2138,15426.9489,7304381700.2,,,,,,,
2015-11-16,21244607,21.5716,22.9858,21.4122,22.9758,0.8864,4.01,7.09,473488169.56,,,97.4284,10.4917,10.6236,16045.9744,7597479072.3,,,,,,,
2015-11-17,42370626,23.5634,25.1967,23.404,23.6132,0.6374,2.77,14.15,1028189158.39,,,100.1312,10.7828,10.9183,16491.1163,7808245721.9,,,,,,,
2015-11-18,21553555,23.3841,23.7526,22.3185,22.448,-1.1652,-4.93,7.2,498791531.91,,,95.1901,10.2507,10.3796,15677.3412,7422937940.6,,,,,,,
2015-11-19,19263125,22.3982,23.3941,22.2089,23.1849,0.7369,3.28,6.43,438458287.13,,,98.3152,10.5872,10.7203,16192.0366,7666636879.2,,,,,,,
2015-11-20,21941062,23.4638,24.0813,23.2049,23.6032,0.4183,1.8,7.33,519634627.47,,,100.0889,10.7782,10.9137,16484.1609,7804952493,,,,,,,
2015-11-23,19809033,23.414,23.5634,22.4081,22.5077,-1.0955,-4.64,6.61,457785822.15,,,95.4435,10.278,10.4072,15719.0733,7442697314,,,,,,,
2015-11-24,12794594,22.5177,22.8662,22.2289,22.8662,0.3585,1.59,4.27,290080331.71,,,96.9638,10.4417,10.573,15969.4656,7561253554.4,,,,,,,
2015-11-25,20218516,22.7567,23.7925,22.4081,23.6431,0.7769,3.4,6.75,470130353.59,,,100.2579,10.7964,10.9321,16511.9823,7818125408.6,,,,,,,
2015-11-26,19711020,23.8223,23.9518,22.6272,22.7169,-0.9262,-3.92,6.58,460459730.88,,,96.3303,10.3735,10.5039,15865.1355,7511855120.9,,,,,,,
2015-11-27,18661791,22.4081,23.0057,20.4462,20.6155,-2.1014,-9.25,6.23,409369640.45,,,87.4195,9.4139,9.5322,14397.5583,6816983823,,,,,,,
2015-11-30,18604320,21.0338,21.7608,19.6992,21.7608,1.1453,5.56,6.21,393162340.93,,,92.2761,9.9369,10.0618,15197.4226,7195705146.5,,,,,,,
2015-12-01,30672949,21.7907,23.5833,21.5915,22.8662,1.1054,5.08,10.24,698471854.44,,,96.9638,10.4417,10.573,15969.4656,7561253554.4,,,,,,,
2015-12-02,20319934,22.2089,22.7069,20.6155,21.3923,-1.4739,-6.45,6.78,441254317.61,,,90.7135,9.7686,9.8914,14940.075,7073855677.2,,,,,,,
2015-12-03,13839525,21.4023,21.8006,21.1234,21.711,0.3187,1.49,4.62,299252556.88,,,92.0649,9.9142,10.0388,15162.6459,7179239002,,,,,,,
2015-12-04,15187250,21.7309,22.2587,21.3624,21.6014,-0.1096,-0.5,5.07,334121636,,,91.6004,9.8641,9.9881,15086.1371,7143013484.1,,,,,,,
2015-12-07,13062890,22.1094,22.3782,21.7309,22.1591,0.5577,2.58,4.36,289449250.02,,,93.9654,10.1188,10.246,15475.6363,7327434302.5,,,,,,,
2015-12-08,22520191,22.9559,23.3045,21.711,21.8305,-0.3286,-1.48,7.52,510457393.79,,,92.5717,9.9687,10.094,15246.11,7218757748.8,,,,,,,
2015-12-09,16738895,21.213,21.3027,20.496,20.7748,-1.0557,-4.84,5.59,350494538.81,,,88.0952,9.4867,9.6059,14508.8437,6869675485.4,,,,,,,
2015-12-10,11271351,20.5856,20.9939,20.237,20.3765,-0.3983,-1.92,3.76,232690211.52,,,86.4059,9.3048,9.4217,14230.6301,6737946329.4,,,,,,,
2015-12-11,9755026,20.3964,20.5159,19.8187,19.8785,-0.498,-2.44,3.26,195748162.48,,,84.2943,9.0774,9.1915,13882.863,6573284884.4,,,,,,,
2015-12-14,7543342,19.5797,20.2868,19.5,20.2171,0.3386,1.7,2.52,151369085.19,,,85.7302,9.232,9.348,14119.3446,6685254667,,,,,,,
2015-12-15,8006589,20.1872,20.5159,20.1076,20.237,0.0199,0.1,2.67,163339662.53,,,85.8147,9.2411,9.3573,14133.2553,6691841124.8,,,,,,,
2015-12-16,9664783,20.2669,20.6752,20.2171,20.4263,0.1893,0.94,3.23,198165788.46,,,86.6171,9.3275,9.4447,14265.4068,6754412473.9,,,,,,,
2015-12-17,14028232,20.4561,21.0138,20.3765,20.9939,0.5676,2.78,4.68,292309506.14,,,89.0243,9.5867,9.7072,14661.8613,6942126521.2,,,,,,,
2015-12-18,13406009,21.1134,21.3923,20.5657,20.8147,-0.1792,-0.85,4.48,282175546.41,,,88.2641,9.5049,9.6243,14536.6651,6882848401,,,,,,,
2015-12-21,10368898,20.8545,21.0935,20.5557,20.9143,0.0996,0.48,3.46,216367427.11,,,88.6864,9.5503,9.6704,14606.2185,6915780690,,,,,,,
2015-12-22,9293964,20.8246,21.1931,20.7449,21.0736,0.1593,0.76,3.1,195760428.72,,,89.3621,9.6231,9.7441,14717.504,6968472352.4,,,,,,,
2015-12-23,11073928,21.213,21.2329,20.1474,20.2569,-0.8167,-3.88,3.7,230464876.71,,,85.8991,9.2502,9.3665,14147.166,6698427582.6,,,,,,,
2015-12-24,7583198,20.3067,20.5159,19.9482,20.4462,0.1893,0.93,2.53,153523126.7,,,86.7015,9.3366,9.454,14279.3175,6760998931.7,,,,,,,
2015-12-25,9378213,20.5159,21.0836,20.4163,20.7947,0.3485,1.7,3.13,195999299.9,,,88.1796,9.4958,9.6151,14522.7544,6876261943.2,,,,,,,
2015-12-28,9430570,20.7549,20.9541,20.247,20.247,-0.5477,-2.63,3.15,195296823.26,,,85.8569,9.2456,9.3619,14140.2106,6695134353.7,,,,,,,
2015-12-29,6879003,20.2072,20.486,19.9084,20.3765,0.1295,0.64,2.3,138914312.67,,,86.4059,9.3048,9.4217,14230.6301,6737946329.4,,,,,,,
2015-12-30,12250736,20.247,21.2927,20.247,21.1632,0.7867,3.86,4.09,256196137.22,,,89.7422,9.664,9.7855,14780.1021,6998111412.5,,,,,,,
2015-12-31,19185984,21.4023,21.8604,21.0138,21.4819,0.3187,1.51,6.41,413262768.23,,,103.1387,9.5691,10.3217,-62.2131,7103494737.3,,,,,,,
2016-01-04,10559341,21.3126,21.8106,19.4204,19.5,-1.9819,-9.23,3.53,222991024.95,,,93.6233,8.6863,9.3695,-56.4734,6448142186.2,,,,,,,
2016-01-05,11577719,18.2253,20.4163,18.2253,19.9183,0.4183,2.15,3.87,227377985.85,,,95.6316,8.8726,9.5705,-57.6848,6586457800,,,,,,,
2016-01-06,9117451,19.9183,20.2171,19.3108,20.1972,0.2789,1.4,3.04,182012068.07,,,96.9704,8.9969,9.7045,-58.4924,6678668209.2,,,,,,,
2016-01-21,1984500,18.1755,18.1755,18.1755,18.1755,-2.0217,-10.01,0.66,36217125,,,87.2638,8.0963,8.733,-52.6374,6010142742.5,,,,,,,
2016-01-22,16606079,16.9306,17.7771,16.821,17.1098,-1.0657,-5.86,5.54,287381835.08,,,82.1475,7.6216,8.221,-49.5513,5657767250.2,,,,,,,
2016-01-25,6728595,17.1298,17.807,17.0999,17.329,0.2192,1.28,2.25,117983497.09,,,83.1995,7.7192,8.3263,-50.1858,5730218286,,,,,,,
2016-01-26,8562670,17.8468,17.8767,15.5961,15.5961,-1.7329,-10,2.86,144258970.9,,,74.8795,6.9473,7.4937,-45.1672,5157196457.4,,,,,,,
2016-01-27,10282972,15.2375,15.6259,14.0424,14.7595,-0.8366,-5.36,3.43,151714005.55,,,70.863,6.5746,7.0917,-42.7444,4880565229.8,,,,,,,
2016-01-28,9969584,14.2416,14.5205,13.2855,13.2855,-1.474,-9.99,3.33,138118674.83,,,63.7863,5.9181,6.3835,-38.4758,4393167352.6,,,,,,,
2016-01-29,10521020,13.2855,13.6839,12.3095,13.4449,0.1594,1.2,3.51,138440096.57,,,64.5513,5.989,6.4601,-38.9372,4445859015,,,,,,,
2016-02-01,7544749,13.3254,13.7437,13.0565,13.4847,0.0398,0.3,2.52,101733054.84,,,64.7426,6.0068,6.4792,-39.0526,4459031930.6,,,,,,,
2016-02-02,9846938,13.4847,14.1221,13.4449,13.9329,0.4482,3.32,3.29,136736865.64,,,66.8943,6.2064,6.6945,-40.3505,4607227231.1,,,,,,,
2016-02-03,6301293,13.6441,13.903,13.5046,13.7636,-0.1693,-1.22,2.1,86605653.61,,,66.0814,6.131,6.6132,-39.8602,4551242339.8,,,,,,,
2016-02-04,7019007,13.8333,14.3412,13.7735,14.1918,0.4282,3.11,2.34,99549912.38,,,68.1375,6.3218,6.819,-41.1004,4692851182.5,,,,,,,
2016-02-05,6244983,14.2317,14.4707,14.2317,14.401,0.2092,1.47,2.08,90039775.28,,,69.1416,6.4149,6.9194,-41.7061,4762008989.4,,,,,,,
2016-02-15,5461426,13.8233,14.2416,13.1461,14.1221,-0.2789,-1.94,1.82,75582579.54,,,67.8028,6.2907,6.7855,-40.8985,4669798580.2,,,,,,,
2016-02-16,9011813,14.142,14.9089,13.9926,14.7097,0.5876,4.16,3.01,132185197.7,,,70.6239,6.5524,7.0678,-42.6002,4864099085.3,,,,,,,
2016-02-17,12041045,14.64,15.3869,14.4408,15.3371,0.6274,4.27,4.02,178005396.58,,,73.6363,6.8319,7.3693,-44.4173,5071572506,,,,,,,
2016-02-18,15926004,15.2475,15.9247,15.2475,15.2973,-0.0398,-0.26,5.32,249059861.51,,,73.4451,6.8142,7.3501,-44.3019,5058399590.4,,,,,,,
2016-02-19,7356226,15.3371,15.5861,15.118,15.3072,0.0099,0.06,2.46,113286705.3,,,73.4929,6.8186,7.3549,-44.3308,5061692819.3,,,,,,,
2016-02-22,10076269,15.5463,16.2036,15.5463,15.8849,0.5777,3.77,3.36,160600020.27,,,76.2662,7.0759,7.6324,-46.0036,5252700095.5,,,,,,,
2016-02-23,6572811,15.8152,15.9845,15.4566,15.6757,-0.2092,-1.32,2.19,103621122.84,,,75.2621,6.9828,7.532,-45.3979,5183542288.6,,,,,,,
2016-02-24,9225346,15.6857,16.1438,15.5164,16.0243,0.3486,2.22,3.08,146103716.32,,,76.9356,7.138,7.6994,-46.4074,5298805300.1,,,,,,,
2016-02-25,10046589,15.9347,15.9944,14.4209,14.4209,-1.6034,-10.01,3.35,153663886.96,,,69.2373,6.4238,6.929,-41.7638,4768595447.2,,,,,,,
2016-02-26,7280237,14.5404,14.889,13.9628,14.64,0.2191,1.52,2.43,105558170.03,,,70.2892,6.5214,7.0343,-42.3983,4841046483,,,,,,,
2016-02-29,7890388,14.6201,14.6599,13.176,13.176,-1.464,-10,2.63,106106117.58,,,63.2603,5.8693,6.3309,-38.1585,4356941834.7,,,,,,,
2016-03-01,10536623,13.1959,13.5345,11.951,13.3453,0.1693,1.28,3.52,137086083.06,,,64.0732,5.9447,6.4122,-38.6488,4412926726,,,,,,,
2016-03-02,9607755,13.2457,14.3611,13.2258,14.1619,0.8166,6.12,3.21,132960392.84,,,67.9941,6.3085,6.8046,-41.0139,4682971495.8,,,,,,,
2016-03-03,14930226,14.3512,15.5761,14.0325,15.0284,0.8665,6.12,4.98,224099647.32,,,72.154,6.6944,7.2209,-43.5232,4969482410.1,,,,,,,
2016-03-04,9548206,14.7396,15.0184,13.5644,13.7437,-1.2847,-8.55,3.19,137542126.76,,,65.9858,6.1221,6.6036,-39.8025,4544655882,,,,,,,
2016-03-07,5696613,13.903,14.63,13.903,14.2416,0.4979,3.62,1.9,81790648.42,,,68.3766,6.3439,6.8429,-41.2446,4709317327,,,,,,,
2016-03-08,6309230,14.0922,14.4308,13.2258,14.3213,0.0797,0.56,2.11,88686856.78,,,68.7591,6.3794,6.8812,-41.4754,4735663158.2,,,,,,,
2016-03-09,4718360,13.7437,14.3611,13.7437,13.913,-0.4083,-2.85,1.58,66495914.49,,,66.7987,6.1975,6.685,-40.2928,4600640773.3,,,,,,,
2016-03-10,3904425,13.913,14.2317,13.5445,13.5943,-0.3187,-2.29,1.3,53949548.38,,,65.2686,6.0556,6.5318,-39.3699,4495257448.5,,,,,,,
2016-03-11,2994589,13.5943,13.6441,13.2457,13.3851,-0.2092,-1.54,1,40317750.78,,,64.2644,5.9624,6.4314,-38.7642,4426099641.6,,,,,,,
2016-03-14,6006800,13.7038,14.2416,13.5743,14.0225,0.6374,4.76,2.01,84563565.71,,,67.3246,6.2463,6.7376,-40.6101,4636866291.2,,,,,,,
2016-03-15,5830635,14.0424,14.391,13.9727,14.0125,-0.01,-0.07,1.95,82996672.28,,,67.2768,6.2419,6.7328,-40.5813,4633573062.3,,,,,,,
2016-03-16,4876745,14.4806,14.4906,13.6441,13.7038,-0.3087,-2.2,1.63,68369950.38,,,65.7945,6.1044,6.5845,-39.6871,4531482966.4,,,,,,,
2016-03-17,8824738,13.8731,14.3512,13.5544,14.2914,0.5876,4.29,2.95,124790008.95,,,68.6157,6.3661,6.8668,-41.3888,4725783471.5,,,,,,,
2016-03-18,13246155,14.3711,15.118,14.2914,14.8591,0.5677,3.97,4.42,196109167.51,,,81.0623,4.2401,8.1124,-48.8967,5583025043.88,,,,,,,
2016-03-21,17877573,15.0782,15.5363,14.7694,15.1579,0.2988,2.01,5.97,270374357.72,,,82.6923,4.3253,8.2755,-49.8798,5695284260.58,,,,,,,
2016-03-22,14083134,14.9288,15.5861,14.7196,15.3471,0.1892,1.25,4.7,214266260.59,,,83.7246,4.3793,8.3789,-50.5025,5766381764.49,,,,,,,
2016-03-23,11592176,14.9885,15.3172,14.9188,15.1579,-0.1892,-1.23,3.87,175422028.99,,,82.6923,4.3253,8.2755,-49.8798,5695284260.58,,,,,,,
2016-03-24,10700913,14.9388,15.3371,14.7196,14.879,-0.2789,-1.84,3.57,161362221.92,,,81.171,4.2458,8.1233,-48.9622,5590508991.66,,,,,,,
2016-03-25,6491413,14.8192,14.9487,14.6499,14.8192,-0.0598,-0.4,2.17,96548180.4,,,80.845,4.2287,8.0907,-48.7656,5568057148.32,,,,,,,
2016-03-28,12119021,14.8192,15.0782,14.6201,14.64,-0.1792,-1.21,4.05,180775325.56,,,79.867,4.1776,7.9928,-48.1757,5500701618.3,,,,,,,
2016-03-29,9222106,14.6898,14.7894,13.7536,13.8831,-0.7569,-5.17,3.08,131128523.4,,,75.7379,3.9616,7.5796,-45.6849,5216311602.66,,,,,,,
2016-03-30,11302497,14.0225,14.3512,13.8731,14.3213,0.4382,3.16,3.77,160095788.74,,,78.1284,4.0866,7.8188,-47.1269,5380958453.82,,,,,,,
2016-03-31,8634306,14.3213,14.6997,14.2416,14.3711,0.0498,0.35,2.88,125073355.71,,,31.9863,3.855,7.8111,-33.864,5399668323.27,,,,,,,
2016-04-01,5933500,14.3611,14.3611,13.8532,14.1121,-0.259,-1.8,1.98,83761076.67,,,31.4099,3.7855,7.6703,-33.2539,5302377002.13,,,,,,,
2016-04-05,8573552,14.1619,14.6001,14.0125,14.5603,0.4482,3.18,2.86,124103761.19,,,32.4074,3.9057,7.9139,-34.3099,5470765827.18,,,,,,,
2016-04-06,11788532,14.5902,14.9188,14.4508,14.869,0.3087,2.12,3.94,175176823.44,,,33.0946,3.9885,8.0817,-35.0374,5586767017.77,,,,,,,
2016-04-07,15654556,14.9388,15.2375,14.889,14.8989,0.0299,0.2,5.23,236686841.63,,,33.1611,3.9966,8.098,-35.1078,5597992939.44,,,,,,,
2016-04-08,7461868,14.7396,14.7396,14.3113,14.5005,-0.3984,-2.67,2.49,108865905.95,,,32.2744,3.8897,7.8815,-34.1691,5448313983.84,,,,,,,
2016-04-11,8920639,14.5404,15.0383,14.5105,14.8192,0.3187,2.2,2.98,133248371.45,,,32.9838,3.9752,8.0547,-34.9201,5568057148.32,,,,,,,
2016-04-12,7765592,14.8392,15.0881,14.5105,14.6599,-0.1593,-1.07,2.59,114596097.18,,,32.6291,3.9324,7.9681,-34.5446,5508185566.08,,,,,,,
2016-04-13,27230077,14.7396,16.1239,14.6898,16.1239,1.464,9.99,9.09,428517525.1,,,35.8876,4.3252,8.7638,-37.9944,6058255727.91,,,,,,,
2016-04-14,22869275,16.353,16.4027,15.6857,16.094,-0.0299,-0.19,7.64,366045205.32,,,35.8211,4.3171,8.7475,-37.924,6047029806.24,,,,,,,
2016-04-15,15699666,16.1239,16.2932,15.9347,16.1836,0.0896,0.56,5.24,253958309.62,,,36.0206,4.3412,8.7963,-38.1352,6080707571.25,,,,,,,
2016-04-18,23123487,15.9745,17.1895,15.8351,16.7513,0.5677,3.51,7.72,384262115.29,,,37.2841,4.4935,9.1048,-39.4728,6294000082.98,,,,,,,
2016-04-19,10640785,16.6119,16.9505,16.2733,16.4924,-0.2589,-1.55,3.55,176417314.66,,,36.7077,4.424,8.9641,-38.8627,6196708761.84,,,,,,,
2016-04-20,19739728,16.5023,16.6716,14.8392,14.8491,-1.6433,-9.96,6.59,306377301.99,,,33.0503,3.9832,8.0709,-34.9905,5579283069.99,,,,,,,
2016-04-21,11172261,14.8093,14.9388,14.1221,14.152,-0.6971,-4.69,3.73,163873175.99,,,31.4986,3.7962,7.692,-33.3477,5317344897.69,,,,,,,
2016-04-22,7915183,14.0723,14.6898,14.0424,14.6101,0.4581,3.24,2.64,115037068.56,,,32.5183,3.9191,7.941,-34.4273,5489475696.63,,,,,,,
2016-04-25,6181969,14.6001,14.6001,13.8731,14.2516,-0.3585,-2.45,2.06,88002011.96,,,31.7203,3.8229,7.7461,-33.5824,5354764636.59,,,,,,,
2016-04-26,10074824,14.0922,15.2873,14.0922,14.9288,0.6772,4.75,3.36,149512053.16,,,33.2276,4.0046,8.1142,-35.1782,5609218861.11,,,,,,,
2016-04-27,8866943,14.8989,15.367,14.7595,15.0881,0.1593,1.07,2.96,134596436.33,,,33.5823,4.0473,8.2008,-35.5537,5669090443.35,,,,,,,
2016-04-28,5865097,15.0881,15.118,14.64,14.889,-0.1991,-1.32,1.96,87354782.26,,,33.1389,3.9939,8.0926,-35.0844,5594250965.55,,,,,,,
2016-04-29,4521294,14.6898,15.1579,14.6898,14.8491,-0.0399,-0.27,1.51,68029827.81,,,33.0503,3.9832,8.0709,-34.9905,5579283069.99,,,,,,,
2016-05-03,5686504,14.9188,15.5761,14.8093,15.4666,0.6175,4.16,1.9,87532007.76,,,34.4246,4.1488,8.4065,-36.4455,5811285451.17,,,,,,,
2016-05-04,10704475,15.4367,16.3131,15.3471,15.8351,0.3685,2.38,3.57,171340323.6,,,35.2447,4.2477,8.6068,-37.3138,5949738485.1,,,,,,,
2016-05-05,6070740,15.5961,16.0243,15.5562,15.8152,-0.0199,-0.13,2.03,96467123.87,,,35.2004,4.2423,8.596,-37.2669,5942254537.32,,,,,,,
2016-05-06,14966190,15.9147,16.4824,15.5761,15.5761,-0.2391,-1.51,5,241015454.53,,,34.6684,4.1782,8.4661,-36.7036,5852447163.96,,,,,,,
2016-05-09,9986524,15.2375,15.7156,14.9587,15.367,-0.2091,-1.34,3.33,154965347.04,,,34.2029,4.1221,8.3524,-36.2108,5773865712.27,,,,,,,
2016-05-10,8277978,15.1977,15.5761,14.4408,14.6898,-0.6772,-4.41,2.76,124729727.26,,,32.6956,3.9405,7.9843,-34.615,5519411487.75,,,,,,,
2016-05-11,9289549,14.6699,14.889,13.9628,14.2516,-0.4382,-2.98,3.1,133121162.5,,,31.7203,3.8229,7.7461,-33.5824,5354764636.59,,,,,,,
2016-05-12,4127292,13.9926,14.3014,13.654,14.1719,-0.0797,-0.56,1.38,57942268.16,,,31.5429,3.8015,7.7028,-33.3947,5324828845.47,,,,,,,
2016-05-13,4146409,14.3611,14.5205,14.1121,14.3213,0.1494,1.05,1.38,59666975.49,,,31.8754,3.8416,7.784,-33.7467,5380958453.82,,,,,,,
2016-05-16,3654432,14.3412,14.64,13.9628,14.4906,0.1693,1.18,1.22,52679805.75,,,32.2523,3.887,7.876,-34.1457,5444572009.95,,,,,,,
2016-05-17,5040744,14.56,15.02,14.51,14.69,0.1994,1.38,1.68,74391584.57,,,32.5626,3.9884,7.9518,-34.4742,5496959644.41,,,,,,,
2016-05-18,4390055,14.68,14.68,13.9,14.37,-0.32,-2.18,1.47,62421578.61,,,31.8533,3.9015,7.7786,-33.7232,5377216479.93,,,,,,,
2016-05-19,4231539,14.22,14.66,14.11,14.18,-0.19,-1.32,1.41,60778285.43,,,31.4321,3.8499,7.6758,-33.2773,5306118976.02,,,,,,,
2016-05-20,2955569,14,14.25,13.95,14.23,0.05,0.35,0.99,41715306.23,,,31.5429,3.8635,7.7028,-33.3947,5324828845.47,,,,,,,
2016-05-23,6327472,14.3,15.08,14.26,14.8,0.57,4.01,2.11,93179912.33,,,32.8064,4.0182,8.0114,-34.7324,5538121357.2,,,,,,,
2016-05-24,8513370,14.65,15.33,14.61,15.16,0.36,2.43,2.84,127372231.96,,,33.6044,4.116,8.2062,-35.5772,5672832417.24,,,,,,,
2016-05-25,5503015,15.15,15.26,14.86,15.19,0.03,0.2,1.84,82693024.41,,,33.6709,4.1241,8.2225,-35.6476,5684058338.91,,,,,,,
2016-05-26,9747427,15.05,15.57,15.02,15.55,0.36,2.37,3.25,149686800.17,,,34.4689,4.2218,8.4174,-36.4924,5818769398.95,,,,,,,
2016-05-27,8149118,15.39,15.95,15.22,15.76,0.21,1.35,2.72,127087631.99,,,34.9344,4.2789,8.531,-36.9853,5897350850.64,,,,,,,
2016-05-30,5936357,15.6,15.61,15.19,15.2,-0.56,-3.55,1.98,91122107.46,,,33.6931,4.1268,8.2279,-35.6711,5687800312.8,,,,,,,
2016-05-31,11652391,15.24,16.34,15.24,16.16,0.96,6.32,3.89,186005968.84,,,35.8211,4.3875,8.7475,-37.924,6047029806.24,,,,,,,
2016-06-01,14930737,16.19,17.13,16.05,16.67,0.51,3.16,4.98,249917725.53,,,36.9516,4.5259,9.0236,-39.1208,6237870474.63,,,,,,,
2016-06-02,12088488,16.67,17.58,16.67,16.84,0.17,1.02,4.04,206322061.41,,,37.3284,4.5721,9.1156,-39.5198,6301484030.76,,,,,,,
2016-06-03,14517664,17.12,17.58,16.46,16.82,-0.02,-0.12,4.85,247243151.1,,,37.2841,4.5667,9.1048,-39.4728,6294000082.98,,,,,,,
2016-06-06,12146227,16.79,17.26,16.46,17.21,0.39,2.32,4.06,204561226.45,,,38.1485,4.6725,9.3159,-40.3881,6439937064.69,,,,,,,
2016-06-07,7466723,17.1,17.35,16.67,17.01,-0.2,-1.16,2.49,126547482.76,,,37.7052,4.6182,9.2077,-39.9187,6365097586.89,,,,,,,
2016-06-08,10375977,17.08,17.5,16.87,17.11,0.1,0.59,3.46,178298733.35,,,37.9269,4.6454,9.2618,-40.1534,6402517325.79,,,,,,,
2016-06-13,9091948,16.71,16.99,15.6,15.67,-1.44,-8.42,3.04,149591407.55,,,34.7349,4.2544,8.4823,-36.774,5863673085.63,,,,,,,
2016-06-14,9317366,15.87,17.24,15.6,17.1,1.43,9.13,3.11,153496408.24,,,37.9047,4.6427,9.2564,-40.1299,6398775351.9,,,,,,,
2016-06-15,14496018,17.05,18.14,16.81,17.94,0.84,4.91,4.84,257411181.2,,,39.7667,4.8707,9.7111,-42.1012,6713101158.66,,,,,,,
2016-06-16,8676893,17.77,17.86,17.37,17.39,-0.55,-3.07,2.9,152349954.64,,,38.5475,4.7214,9.4134,-40.8105,6507292594.71,,,,,,,
2016-06-17,8775431,17.46,17.6,17.23,17.59,0.2,1.15,2.93,152489441.34,,,38.9909,4.7757,9.5216,-41.2799,6582132072.51,,,,,,,
2016-06-20,10705042,17.53,17.96,16.98,17.07,-0.52,-2.96,3.57,186561882.64,,,37.8382,4.6345,9.2401,-40.0595,6387549430.23,,,,,,,
2016-06-21,8488916,17.22,17.76,16.7,16.83,-0.24,-1.41,2.83,147281372,,,37.3062,4.5694,9.1102,-39.4963,6297742056.87,,,,,,,
2016-06-22,7337153,16.83,17.6,16.83,17.3,0.47,2.79,2.45,126307107.98,,,38.348,4.697,9.3646,-40.5993,6473614829.7,,,,,,,
2016-06-23,5623922,17.15,17.43,16.79,17.15,-0.15,-0.87,1.88,96340671.19,,,38.0156,4.6562,9.2834,-40.2473,6417485221.35,,,,,,,
2016-06-24,11747034,17.06,17.36,15.44,17.16,0.01,0.06,3.92,196723572.25,,,38.0377,4.659,9.2889,-40.2708,6421227195.24,,,,,,,
2016-06-27,10769976,16.91,17.3,16.5,17.29,0.13,0.76,3.6,183039541.78,,,38.3259,4.6943,9.3592,-40.5758,6469872855.81,,,,,,,
2016-06-28,9052612,17.22,17.56,16.8,17.56,0.27,1.56,3.02,155642650.25,,,38.9244,4.7676,9.5054,-41.2095,6570906150.84,,,,,,,
2016-06-29,8154954,17.73,17.73,17.15,17.26,-0.3,-1.71,2.72,141283881.77,,,38.2594,4.6861,9.343,-40.5054,6458646934.14,,,,,,,
2016-06-30,14423943,17.26,18.14,17.19,18.05,0.79,4.58,4.82,256663221.39,,,31.6183,4.6585,8.4673,-54.707,6754262871.45,,,,,,,
2016-07-01,8487844,18.04,18.06,17.45,17.52,-0.53,-2.94,2.83,150697135.63,,,30.6899,4.5217,8.2186,-53.1006,6555938255.28,,,,,,,
2016-07-04,6141184,17.61,18.09,17.32,17.8,0.28,1.6,2.05,109644420.1,,,31.1804,4.594,8.35,-53.9493,6660713524.2,,,,,,,
2016-07-05,11729370,17.7,18.45,17.27,18.18,0.38,2.13,3.92,210590720.44,,,31.846,4.6921,8.5282,-55.101,6802908532.02,,,,,,,
2016-07-06,5452432,18.09,18.31,17.95,18.23,0.05,0.28,1.82,98981588.73,,,31.9336,4.705,8.5517,-55.2525,6821618401.47,,,,,,,
2016-07-07,7257670,18.25,18.3,17.74,17.86,-0.37,-2.03,2.42,129998525.18,,,31.2855,4.6095,8.3781,-54.1311,6683165367.54,,,,,,,
2016-07-08,6681904,17.8,18.23,17.72,18,0.14,0.78,2.23,120616187.83,,,31.5307,4.6456,8.4438,-54.5554,6735553002,,,,,,,
2016-07-11,6847324,17.98,18.48,17.85,17.91,-0.09,-0.5,2.29,124864083.57,,,31.373,4.6224,8.4016,-54.2827,6701875236.99,,,,,,,
2016-07-12,9133722,17.95,18.26,17.63,18.13,0.22,1.23,3.05,163863261.68,,,31.7584,4.6792,8.5048,-54.9495,6784198662.57,,,,,,,
2016-07-13,11363700,18.13,18.94,18.03,18.68,0.55,3.03,3.79,211655555.76,,,32.7219,4.8211,8.7628,-56.6164,6990007226.52,,,,,,,
2016-07-14,12829724,18.62,19.28,18.61,19.17,0.49,2.62,4.28,244120693.34,,,33.5802,4.9476,8.9927,-58.1016,7173363947.13,,,,,,,
2016-07-15,10956625,19.2,19.27,18.5,18.66,-0.51,-2.66,3.66,205874478.94,,,32.6868,4.816,8.7534,-56.5558,6982523278.74,,,,,,,
2016-07-18,6732273,18.7,18.75,17.94,18.25,-0.41,-2.2,2.25,123092425.66,,,31.9686,4.7102,8.5611,-55.3132,6829102349.25,,,,,,,
2016-07-19,5853805,18.31,18.7,18.1,18.53,0.28,1.53,1.95,108139618.66,,,32.4591,4.7824,8.6924,-56.1618,6933877618.17,,,,,,,
2016-07-20,4963351,18.58,18.85,18.4,18.62,0.09,0.49,1.66,92445783.75,,,32.6168,4.8056,8.7346,-56.4346,6967555383.18,,,,,,,
2016-07-21,11614093,18.62,19.65,18.62,19.32,0.7,3.76,3.88,222663684.54,,,33.843,4.9863,9.063,-58.5562,7229493555.48,,,,,,,
2016-07-22,5810826,19.23,19.26,18.83,18.99,-0.33,-1.71,1.94,110430013.95,,,33.2649,4.9011,8.9082,-57.556,7106008417.11,,,,,,,
2016-07-25,7281566,19.2,19.55,18.95,19.46,0.47,2.47,2.43,140267431,,,34.0882,5.0224,9.1287,-58.9805,7281881189.94,,,,,,,
2016-07-26,5960938,19.3,19.95,19.3,19.71,0.25,1.28,1.99,117504113.79,,,34.5261,5.087,9.246,-59.7382,7375430537.19,,,,,,,
2016-07-27,12596258,19.85,20.15,18.4,18.8,-0.91,-4.62,4.21,241432036.93,,,32.9321,4.8521,8.8191,-56.9801,7034910913.2,,,,,,,
2016-07-28,5949416,18.98,19.05,18.2,18.73,-0.07,-0.37,1.99,110905851.33,,,32.8094,4.834,8.7862,-56.768,7008717095.97,,,,,,,
2016-07-29,3302722,18.7,18.82,18.4,18.57,-0.16,-0.85,1.1,61325086.81,,,32.5292,4.7927,8.7112,-56.283,6948845513.73,,,,,,,
2016-08-01,7655767,18.56,18.62,17.2,17.59,-0.98,-5.28,2.56,135046283.63,,,30.8125,4.5398,8.2515,-53.3128,6582132072.51,,,,,,,
2016-08-02,3799465,17.5,17.75,17.31,17.63,0.04,0.23,1.27,66627262.82,,,30.8826,4.5501,8.2702,-53.434,6597099968.07,,,,,,,
2016-08-03,4701201,17.78,17.95,17.53,17.81,0.18,1.02,1.57,83646709.23,,,31.1979,4.5966,8.3547,-53.9796,6664455498.09,,,,,,,
2016-08-04,2545946,17.81,17.98,17.6,17.91,0.1,0.56,0.85,45295375.48,,,31.373,4.6224,8.4016,-54.2827,6701875236.99,,,,,,,
2016-08-05,3568567,17.73,18.25,17.73,18.16,0.25,1.4,1.19,64617835.18,,,31.811,4.6869,8.5189,-55.0404,6795424584.24,,,,,,,
2016-08-08,2635721,18.18,18.28,18.04,18.2,0.04,0.22,0.88,47886547.19,,,31.881,4.6972,8.5376,-55.1616,6810392479.8,,,,,,,
2016-08-09,3143291,18.11,18.46,18.11,18.32,0.12,0.66,1.05,57603584.22,,,32.0912,4.7282,8.5939,-55.5253,6855296166.48,,,,,,,
2016-08-10,2833068,18.34,18.38,17.9,17.98,-0.34,-1.86,0.95,51245044.88,,,31.4957,4.6405,8.4344,-54.4948,6728069054.22,,,,,,,
2016-08-11,4395840,17.9,17.98,17.45,17.51,-0.47,-2.61,1.47,77338380.9,,,30.6724,4.5192,8.2139,-53.0703,6552196281.39,,,,,,,
2016-08-12,2582612,17.5,17.74,17.45,17.74,0.23,1.31,0.86,45473792.62,,,31.0753,4.5785,8.3218,-53.7674,6638261680.86,,,,,,,
2016-08-15,6070101,17.9,18.45,17.52,18.26,0.52,2.93,2.03,109666171.57,,,31.9861,4.7127,8.5658,-55.3435,6832844323.14,,,,,,,
2016-08-16,3081224,18.17,18.38,18.1,18.13,-0.13,-0.71,1.03,56153095.3,,,31.7584,4.6792,8.5048,-54.9495,6784198662.57,,,,,,,
2016-08-17,5064445,18.15,18.67,18.14,18.65,0.52,2.87,1.69,93393178.54,,,32.6693,4.8134,8.7487,-56.5255,6978781304.85,,,,,,,
2016-08-18,3953698,18.84,18.84,18.43,18.66,0.01,0.05,1.32,73395490.92,,,32.6868,4.816,8.7534,-56.5558,6982523278.74,,,,,,,
2016-08-19,2191354,18.69,18.69,18.42,18.54,-0.12,-0.64,0.73,40640491.04,,,32.4766,4.785,8.6971,-56.1921,6937619592.06,,,,,,,
2016-08-22,2785329,18.42,18.68,17.93,17.93,-0.61,-3.29,0.93,50774563.61,,,31.4081,4.6276,8.411,-54.3433,6709359184.77,,,,,,,
2016-08-23,6429948,18.09,19.13,17.82,18.66,0.73,4.07,2.15,119945011.88,,,32.6868,4.816,8.7534,-56.5558,6982523278.74,,,,,,,
2016-08-24,3424870,18.54,18.83,18.45,18.61,-0.05,-0.27,1.14,63687946.96,,,32.5992,4.8031,8.73,-56.4043,6963813409.29,,,,,,,
2016-08-25,4330952,18.5,18.54,17.88,18.51,-0.1,-0.54,1.45,78682435.38,,,32.4241,4.7773,8.683,-56.1012,6926393670.39,,,,,,,
2016-08-26,6885432,18.5,19.05,18.5,18.59,0.08,0.43,2.3,129702274,,,32.5642,4.7979,8.7206,-56.3437,6956329461.51,,,,,,,
2016-08-29,8614118,18.62,19.59,18.59,19.18,0.59,3.17,2.88,165437583.75,,,33.5977,4.9502,8.9973,-58.1319,7177105921.02,,,,,,,
2016-08-30,5935094,19.08,19.17,18.72,18.86,-0.32,-1.67,1.98,112344046.2,,,33.0372,4.8676,8.8472,-57.162,7057362756.54,,,,,,,
2016-08-31,3392949,18.83,19.15,18.7,18.9,0.04,0.21,1.13,64275433.19,,,33.1072,4.8779,8.866,-57.2832,7072330652.1,,,,,,,
2016-09-01,7600955,18.95,19.48,18.89,19.27,0.37,1.96,2.54,146409189.57,,,33.7554,4.9734,9.0396,-58.4046,7210783686.03,,,,,,,
2016-09-02,9718591,19.17,19.79,19.12,19.65,0.38,1.97,3.24,189934961.77,,,34.421,5.0715,9.2178,-59.5564,7352978693.85,,,,,,,
2016-09-05,10422695,19.89,19.96,19.19,19.34,-0.31,-1.58,3.48,202981444.01,,,33.878,4.9915,9.0724,-58.6168,7236977503.26,,,,,,,
2016-09-06,16437676,19.18,20.59,19.02,20.36,1.02,5.27,5.49,327386018.56,,,35.6647,5.2547,9.5509,-61.7083,7618658840.04,,,,,,,
2016-09-07,19098510,20.2,20.78,19.8,19.89,-0.47,-2.31,6.38,386756772.23,,,34.8414,5.1334,9.3304,-60.2838,7442786067.21,,,,,,,
2016-09-08,8215098,19.7,20.26,19.61,20.08,0.19,0.96,2.74,163426029.6,,,35.1742,5.1825,9.4195,-60.8596,7513883571.12,,,,,,,
2016-09-09,8792310,19.91,20.28,19.89,19.92,-0.16,-0.8,2.94,176474575.34,,,34.894,5.1412,9.3445,-60.3747,7454011988.88,,,,,,,
2016-09-12,9720030,19.7,19.7,18.67,18.96,-0.96,-4.82,3.25,187303475.36,,,33.2123,4.8934,8.8941,-57.4651,7094782495.44,,,,,,,
2016-09-13,4423023,19.01,19.19,18.75,18.88,-0.08,-0.42,1.48,83582229.23,,,33.0722,4.8727,8.8566,-57.2226,7064846704.32,,,,,,,
2016-09-14,3700423,18.59,19.04,18.53,18.69,-0.19,-1.01,1.24,69540230.73,,,32.7394,4.8237,8.7675,-56.6467,6993749200.41,,,,,,,
2016-09-19,4458041,18.68,19.33,18.68,19.19,0.5,2.68,1.49,85287648.83,,,33.6152,4.9528,9.002,-58.1622,7180847894.91,,,,,,,
2016-09-20,3320679,19.19,19.36,18.98,19.04,-0.15,-0.78,1.11,63597114.42,,,33.3525,4.914,8.9317,-57.7075,7124718286.56,,,,,,,
2016-09-21,2488763,19.04,19.15,18.95,18.98,-0.06,-0.32,0.83,47396934.96,,,33.2474,4.8986,8.9035,-57.5257,7102266443.22,,,,,,,
2016-09-22,2969057,19.11,19.29,18.9,19.05,0.07,0.37,0.99,56631111.83,,,33.37,4.9166,8.9364,-57.7379,7128460260.45,,,,,,,
2016-09-23,2458418,19,19.3,18.91,18.97,-0.08,-0.42,0.82,46824574.24,,,33.2299,4.896,8.8988,-57.4954,7098524469.33,,,,,,,
2016-09-26,4716380,19.05,19.09,18.02,18.17,-0.8,-4.22,1.57,87958203.02,,,31.8285,4.6895,8.5236,-55.0707,6799166558.13,,,,,,,
2016-09-27,3511851,18.17,18.4,17.88,18.37,0.2,1.1,1.17,63607534.59,,,32.1788,4.7411,8.6174,-55.6769,6874006035.93,,,,,,,
2016-09-28,2871351,18.2,18.5,18.1,18.29,-0.08,-0.44,0.96,52542631.38,,,32.0387,4.7205,8.5798,-55.4344,6844070244.81,,,,,,,
2016-09-29,2210233,18.39,18.39,18.11,18.3,0.01,0.05,0.74,40347650.65,,,32.0562,4.7231,8.5845,-55.4647,6847812218.7,,,,,,,
2016-09-30,2021874,18.33,18.58,18.17,18.55,0.25,1.37,0.68,37121415.08,,,33.7417,4.75,9.1061,-69.8848,6941361565.95,,,,,,,
2016-10-10,2970305,18.75,18.99,18.71,18.9,0.35,1.89,0.99,56011526.96,,,34.3783,4.8397,9.2779,-71.2034,7072330652.1,,,,,,,
2016-10-11,3402035,18.9,19.17,18.7,19,0.1,0.53,1.14,64655351.01,,,34.5602,4.8653,9.327,-71.5801,7109750391,,,,,,,
2016-10-12,3315260,19.08,19.08,18.59,18.69,-0.31,-1.63,1.11,62286806.48,,,33.9963,4.7859,9.1748,-70.4122,6993749200.41,,,,,,,
2016-10-13,2349621,18.69,18.9,18.59,18.7,0.01,0.05,0.78,44138093.44,,,34.0145,4.7884,9.1797,-70.4499,6997491174.3,,,,,,,
2016-10-14,3952096,18.67,18.94,18.47,18.6,-0.1,-0.53,1.32,73737927.29,,,33.8326,4.7628,9.1306,-70.0732,6960071435.4,,,,,,,
2016-10-17,6545544,18.62,18.77,18,18.13,-0.47,-2.53,2.19,119751261.96,,,32.9777,4.6425,8.8999,-68.3025,6784198662.57,,,,,,,
2016-10-18,4590323,18,18.59,18,18.52,0.39,2.15,1.53,83979893.58,,,33.6871,4.7424,9.0913,-69.7718,6930135644.28,,,,,,,
2016-10-19,3748215,18.52,18.6,18.18,18.35,-0.17,-0.92,1.25,69003171.92,,,33.3779,4.6988,9.0079,-69.1313,6866522088.15,,,,,,,
2016-10-20,13819353,18.38,19.88,18.38,19.56,1.21,6.59,4.61,266268676.33,,,35.5788,5.0087,9.6019,-73.6899,7319300928.84,,,,,,,
2016-10-21,9298802,19.33,19.46,18.81,19.35,-0.21,-1.07,3.1,178046192.51,,,35.1969,4.9549,9.4988,-72.8987,7240719477.15,,,,,,,
2016-10-24,6936499,19.18,19.44,18.93,19.3,-0.05,-0.26,2.32,132599105.38,,,35.1059,4.9421,9.4742,-72.7103,7222009607.7,,,,,,,
2016-10-25,9549738,19.35,19.87,19.12,19.47,0.17,0.88,3.19,186556585.86,,,35.4151,4.9856,9.5577,-73.3508,7285623163.83,,,,,,,
2016-10-26,4667921,19.47,19.8,19.3,19.52,0.05,0.26,1.56,91001363.43,,,35.5061,4.9984,9.5822,-73.5392,7304333033.28,,,,,,,
2016-10-27,4132968,19.35,19.58,19.21,19.32,-0.2,-1.02,1.38,79918291.47,,,35.1423,4.9472,9.484,-72.7857,7229493555.48,,,,,,,
2016-10-28,3272121,19.36,19.44,19.2,19.29,-0.03,-0.16,1.09,63220324.46,,,35.0877,4.9395,9.4693,-72.6727,7218267633.81,,,,,,,
2016-10-31,2847732,19.01,19.19,18.92,19.06,-0.23,-1.19,0.95,54270147.03,,,34.6694,4.8806,9.3564,-71.8062,7132202234.34,,,,,,,
2016-11-01,4699694,18.98,19.15,18.82,19.08,0.02,0.1,1.57,89028154.69,,,34.7057,4.8857,9.3662,-71.8815,7139686182.12,,,,,,,
2016-11-02,4300175,19.16,19.19,18.75,18.75,-0.33,-1.73,1.44,81458457.48,,,34.1055,4.8012,9.2042,-70.6383,7016201043.75,,,,,,,
2016-11-03,4155929,18.69,18.98,18.55,18.75,0,0,1.39,78105203.27,,,34.1055,4.8012,9.2042,-70.6383,7016201043.75,,,,,,,
2016-11-04,6967272,18.75,19.21,18.75,18.99,0.24,1.28,2.33,133005285.92,,,34.542,4.8627,9.322,-71.5425,7106008417.11,,,,,,,
2016-11-07,24694016,20,20.8,19.51,20.5,1.51,7.95,8.24,496275922.38,,,37.2887,5.2494,10.0633,-77.2312,7671046474.5,,,,,,,
2016-11-08,12581576,20.38,20.7,19.95,20.16,-0.34,-1.66,4.2,254619060.89,,,36.6702,5.1623,9.8964,-75.9503,7543819362.24,,,,,,,
2016-11-09,10806318,20.17,20.58,19.5,19.99,-0.17,-0.84,3.61,217207508.14,,,36.361,5.1188,9.8129,-75.3098,7480205806.11,,,,,,,
2016-11-10,7547725,20.1,20.33,19.93,20.13,0.14,0.7,2.52,151916692.4,,,36.6156,5.1546,9.8817,-75.8373,7532593440.57,,,,,,,
2016-11-11,9754026,20,20.65,19.99,20.34,0.21,1.04,3.26,198073089.69,,,36.9976,4.6041,9.9847,-76.6284,7840875610.62,,,,,,,
2016-11-14,10835060,20.11,20.87,20.11,20.55,0.21,1.03,3.62,223066104.2,,,37.3796,4.6516,10.0878,-77.4196,7921828603.65,,,,,,,
2016-11-15,16877146,21.15,21.38,19.83,20.39,-0.16,-0.78,5.63,346992945.37,,,37.0886,4.6154,10.0093,-76.8168,7860150132.77,,,,,,,
2016-11-16,7020041,20.4,20.4,19.93,20.13,-0.26,-1.28,2.34,141774107.79,,,36.6156,4.5566,9.8817,-75.8373,7759922617.59,,,,,,,
2016-11-17,4608954,20,20.28,19.83,19.95,-0.18,-0.89,1.54,91886147.13,,,36.2882,4.5158,9.7933,-75.1591,7690534337.85,,,,,,,
2016-11-18,4718015,19.83,20.26,19.83,19.96,0.01,0.05,1.58,94670048.14,,,36.3064,4.5181,9.7982,-75.1968,7694389242.28,,,,,,,
2016-11-21,12622858,19.7,20.93,19.7,20.79,0.83,4.16,4.21,259452332.91,,,37.8162,4.706,10.2057,-78.3237,8014346309.97,,,,,,,
2016-11-22,6866855,20.72,21.12,20.55,20.94,0.15,0.72,2.29,143161957.53,,,38.089,4.7399,10.2793,-78.8888,8072169876.42,,,,,,,
2016-11-23,5447953,20.89,21.11,20.35,20.36,-0.58,-2.77,1.82,112547315.7,,,37.034,4.6086,9.9946,-76.7038,7848585419.48,,,,,,,
2016-11-24,3946274,20.36,20.48,20.11,20.14,-0.22,-1.08,1.32,79942836.02,,,36.6338,4.5588,9.8866,-75.8749,7763777522.02,,,,,,,
2016-11-25,5383873,20.14,20.8,20.01,20.66,0.52,2.58,1.8,110289731.63,,,37.5797,4.6765,10.1418,-77.834,7964232552.38,,,,,,,
2016-11-28,4283644,20.66,20.91,20.15,20.25,-0.41,-1.98,1.43,87232616.2,,,36.8339,4.5837,9.9406,-76.2894,7806181470.75,,,,,,,
2016-11-29,14271291,20.91,21.79,20.55,21.07,0.82,4.05,4.76,301690877.42,,,38.3255,4.7693,10.3431,-79.3786,8122283634.01,,,,,,,
2016-11-30,7707772,21.04,21.25,20.52,20.85,-0.22,-1.04,2.57,161224622.88,,,37.9253,4.7195,10.2351,-78.5498,8037475736.55,,,,,,,
2016-12-01,6583397,20.71,20.8,20.4,20.64,-0.21,-1.01,2.2,135306271.94,,,37.5433,4.672,10.132,-77.7586,7956522743.52,,,,,,,
2016-12-02,7568893,20.41,20.62,19.72,19.75,-0.89,-4.31,2.53,151522126.75,,,35.9244,4.4706,9.6951,-74.4057,7613436249.25,,,,,,,
2016-12-05,7247138,19.3,19.5,18.56,18.85,-0.9,-4.56,2.42,137648968.54,,,34.2874,4.2668,9.2533,-71.015,7266494850.55,,,,,,,
2016-12-06,9382318,18.77,18.95,17.93,18.05,-0.8,-4.24,3.13,171521220.65,,,32.8322,4.0857,8.8606,-68.0011,6958102496.15,,,,,,,
2016-12-07,5704159,18,18.44,18,18.24,0.19,1.05,1.9,103854622.6,,,33.1778,4.1288,8.9539,-68.7169,7031345680.32,,,,,,,
2016-12-08,5051453,18.33,18.33,17.91,17.95,-0.29,-1.59,1.69,91021306.44,,,32.6503,4.0631,8.8115,-67.6244,6919553451.85,,,,,,,
2016-12-09,3890124,17.92,18.03,17.7,17.89,-0.06,-0.33,1.3,69531706.86,,,32.5412,4.0495,8.7821,-67.3983,6896424025.27,,,,,,,
2016-12-12,10909994,17.95,17.97,16.1,16.37,-1.52,-8.5,3.64,183380698.92,,,29.7764,3.7055,8.0359,-61.6719,6310478551.91,,,,,,,
2016-12-13,3792265,16.02,16.56,16.02,16.45,0.08,0.49,1.27,61871918.34,,,29.9219,3.7236,8.0752,-61.9733,6341317787.35,,,,,,,
2016-12-14,3374592,16.43,16.88,16.37,16.67,0.22,1.34,1.13,56200669.32,,,30.322,3.7734,8.1832,-62.8021,6426125684.81,,,,,,,
2016-12-15,3142304,16.75,17.1,16.6,16.94,0.27,1.62,1.05,52724205.06,,,30.8132,3.8345,8.3157,-63.8193,6530208104.42,,,,,,,
2016-12-16,3801140,17.09,17.3,17,17.1,0.16,0.94,1.27,65264478.76,,,31.1042,3.8707,8.3943,-64.4221,6591886575.3,,,,,,,
2016-12-19,2662501,17.3,17.3,16.76,16.92,-0.18,-1.05,0.89,45009351.34,,,30.7768,3.83,8.3059,-63.744,6522498295.56,,,,,,,
2016-12-20,4629387,17,17.47,17,17.3,0.38,2.25,1.55,79940305.9,,,31.468,3.916,8.4924,-65.1756,6668984663.9,,,,,,,
2016-12-21,3284533,17.18,17.38,17.03,17.17,-0.13,-0.75,1.1,56266452.52,,,31.2315,3.8866,8.4286,-64.6858,6618870906.31,,,,,,,
2016-12-22,2656054,17.08,17.16,16.52,16.96,-0.21,-1.22,0.89,44828881.93,,,30.8495,3.839,8.3255,-63.8947,6537917913.28,,,,,,,
2016-12-23,2614432,17,17.07,16.58,16.65,-0.31,-1.83,0.87,43920348.05,,,30.2857,3.7688,8.1734,-62.7268,6418415875.95,,,,,,,
2016-12-26,3868147,16.66,16.7,16.08,16.68,0.03,0.18,1.29,63274865.41,,,30.3402,3.7756,8.1881,-62.8398,6429980589.24,,,,,,,
2016-12-27,3415861,16.66,17.13,16.63,16.96,0.28,1.68,1.14,58138701.41,,,30.8495,3.839,8.3255,-63.8947,6537917913.28,,,,,,,
2016-12-28,1778625,16.99,17.15,16.77,16.79,-0.17,-1,0.59,30123809.95,,,30.5403,3.8005,8.2421,-63.2542,6472384537.97,,,,,,,
2016-12-29,1609798,16.92,16.93,16.65,16.84,0.05,0.3,0.54,27038141.85,,,30.6313,3.8119,8.2666,-63.4426,6491659060.12,,,,,,,
2016-12-30,2362349,16.81,16.85,16.51,16.65,-0.19,-1.13,0.94,39239581.38,,,30.2857,3.7688,8.1734,-62.7268,6418415875.95,,,,,,,
2017-01-03,3408343,16.63,17.05,16.3,17.02,0.37,2.22,1.14,57169099.71,,,-56.3652,5.492,6.7178,-225.9212,6368839560.78,,,,,,,
2017-01-04,3357732,16.93,17.36,16.85,17.21,0.19,1.12,1.12,57549958.69,,,-56.9944,5.5533,6.7928,-228.4432,6439937064.69,,,,,,,
2017-01-05,2578504,17.17,17.3,17.03,17.12,-0.09,-0.52,0.86,44231500.63,,,-56.6963,5.5243,6.7572,-227.2486,6406259299.68,,,,,,,
2017-01-06,7039682,17.05,17.75,17.05,17.39,0.27,1.58,2.35,122998578.82,,,-57.5905,5.6114,6.8638,-230.8325,6507292594.71,,,,,,,
2017-01-09,3552516,17.4,17.49,17.01,17.23,-0.16,-0.92,1.19,61142229.3,,,-57.0606,5.5598,6.8007,-228.7087,6447421012.47,,,,,,,
2017-01-10,4653781,17.23,17.28,16.82,16.83,-0.4,-2.32,1.55,79059927.05,,,-55.7359,5.4307,6.6428,-223.3991,6297742056.87,,,,,,,
2017-01-11,1780042,16.9,16.97,16.76,16.87,0.04,0.24,0.59,30011592.54,,,-55.8684,5.4436,6.6586,-223.9301,6312709952.43,,,,,,,
2017-01-12,2757600,16.81,16.94,16.26,16.33,-0.54,-3.2,0.92,45631160.9,,,-54.0801,5.2694,6.4454,-216.7622,6110643362.37,,,,,,,
2017-01-13,4164174,16.36,16.4,15.6,16.05,-0.28,-1.71,1.39,66866869.84,,,-53.1528,5.179,6.3349,-213.0455,6005868093.45,,,,,,,
2017-01-16,3955976,16,16.18,14.45,15.25,-0.8,-4.98,1.32,60852889.23,,,-50.5034,4.9209,6.0192,-202.4264,5706510182.25,,,,,,,
2017-01-17,4080176,15.22,15.51,14.8,15.31,0.06,0.39,1.36,61942553.96,,,-50.7021,4.9402,6.0428,-203.2229,5728962025.59,,,,,,,
2017-01-18,1656437,15.1,15.38,15.03,15.18,-0.13,-0.85,0.55,25136732.14,,,-50.2716,4.8983,5.9915,-201.4973,5680316365.02,,,,,,,
2017-01-19,2405069,15.13,15.47,14.88,15.35,0.17,1.12,0.8,36558584.76,,,-50.8346,4.9531,6.0586,-203.7538,5743929921.15,,,,,,,
2017-01-20,2485559,15.2,15.65,15.14,15.54,0.19,1.24,0.83,38430312.43,,,-53.017,5.1658,6.3187,-212.5011,5990521484.22,,,,,,,
2017-01-23,2007752,15.35,15.73,15.35,15.65,0.11,0.71,0.67,31427905.4,,,-53.3923,5.2024,6.3634,-214.0053,6032925432.95,,,,,,,
2017-01-24,2545982,15.68,15.95,15.51,15.51,-0.14,-0.89,0.85,40037589.11,,,-52.9146,5.1558,6.3065,-212.0909,5978956770.93,,,,,,,
2017-01-25,1395720,15.5,15.67,15.45,15.54,0.03,0.19,0.47,21685183,,,-53.017,5.1658,6.3187,-212.5011,5990521484.22,,,,,,,
2017-01-26,1150614,15.55,15.71,15.5,15.67,0.13,0.84,0.38,17976172.66,,,-53.4605,5.209,6.3716,-214.2788,6040635241.81,,,,,,,
2017-02-03,940228,15.67,15.73,15.53,15.6,-0.07,-0.45,0.31,14701826.98,,,-53.2217,5.1857,6.3431,-213.3216,6013650910.8,,,,,,,
2017-02-06,2573082,15.65,15.87,15.55,15.87,0.27,1.73,0.86,40558730.15,,,-54.1428,5.2755,6.4529,-217.0137,6117733330.41,,,,,,,
2017-02-07,2584431,15.8,16.04,15.7,15.98,0.11,0.69,0.86,41180468.41,,,-54.5181,5.3121,6.4976,-218.5179,6160137279.14,,,,,,,
2017-02-08,4114946,16,16.74,15.85,16.6,0.62,3.88,1.37,67173141.96,,,-56.6333,5.5182,6.7497,-226.9961,6399141353.8,,,,,,,
2017-02-09,4353781,16.6,17.1,16.58,16.64,0.04,0.24,1.45,73228120.69,,,-56.7698,5.5315,6.766,-227.543,6414560971.52,,,,,,,
2017-02-10,2386126,16.6,16.76,16.36,16.5,-0.14,-0.84,0.8,39369639.9,,,-56.2922,5.4849,6.7091,-225.6286,6360592309.5,,,,,,,
2017-02-13,2637695,16.67,16.94,16.52,16.79,0.29,1.76,0.88,44143458.12,,,-57.2815,5.5813,6.827,-229.5942,6472384537.97,,,,,,,
2017-02-14,3459949,16.66,16.66,16.26,16.6,-0.19,-1.13,1.16,56908913.55,,,-56.6333,5.5182,6.7497,-226.9961,6399141353.8,,,,,,,
2017-02-15,5086250,16.71,17.1,16.61,16.65,0.05,0.3,1.7,85857956.78,,,-56.8039,5.5348,6.7701,-227.6798,6418415875.95,,,,,,,
2017-02-16,2263228,16.47,16.89,16.29,16.82,0.17,1.02,0.76,37569130.67,,,-57.3839,5.5913,6.8392,-230.0044,6483949251.26,,,,,,,
2017-02-17,3073090,16.66,16.8,16.41,16.65,-0.17,-1.01,1.03,51100924.1,,,-56.8039,5.5348,6.7701,-227.6798,6418415875.95,,,,,,,
2017-02-20,3152321,16.65,16.85,16.39,16.82,0.17,1.02,1.05,52428208.89,,,-57.3839,5.5913,6.8392,-230.0044,6483949251.26,,,,,,,
2017-02-21,4807431,16.82,17.21,16.69,17.09,0.27,1.61,1.6,81875710.31,,,-58.305,5.681,6.949,-233.6966,6588031670.87,,,,,,,
2017-02-22,8462252,17.05,17.95,17.03,17.84,0.75,4.39,2.83,148605331.24,,,-60.8638,5.9304,7.2539,-243.9524,6877149503.12,,,,,,,
2017-02-23,4720442,17.84,17.85,17.52,17.71,-0.13,-0.73,1.58,83285377.17,,,-60.4203,5.8871,7.2011,-242.1747,6827035745.53,,,,,,,
2017-02-24,3600117,17.72,17.72,17.43,17.65,-0.06,-0.34,1.2,63212564.25,,,-60.2156,5.8672,7.1767,-241.3543,6803906318.95,,,,,,,
2017-02-27,8015801,17.56,18.19,17.56,17.92,0.27,1.53,2.68,144133044.86,,,-61.1367,5.9569,7.2865,-245.0464,6907988738.56,,,,,,,
2017-02-28,4103284,17.91,18.18,17.62,17.84,-0.08,-0.45,1.37,73137859.68,,,-60.8638,5.9304,7.2539,-243.9524,6877149503.12,,,,,,,
2017-03-01,6098358,17.94,18.18,17.8,18.13,0.29,1.63,2.04,110059420.58,,,-61.8532,6.0268,7.3718,-247.918,6988941731.59,,,,,,,
2017-03-02,4853784,18.19,18.39,17.81,17.9,-0.23,-1.27,1.62,87540583.11,,,-61.0685,5.9503,7.2783,-244.7729,6900278929.7,,,,,,,
2017-03-03,6744511,17.8,18.27,17.75,18.1,0.2,1.12,2.25,121732491.16,,,-61.7508,6.0168,7.3596,-247.5078,6977377018.3,,,,,,,
2017-03-06,9227158,18.08,19.01,18.08,18.91,0.81,4.48,3.08,172207569.97,,,-64.5142,6.286,7.689,-258.5841,7289624277.13,,,,,,,
2017-03-07,6273877,18.91,19.16,18.6,19.1,0.19,1,2.09,118764191.28,,,-65.1624,6.3492,7.7663,-261.1822,7362867461.3,,,,,,,
2017-03-08,3142973,19.11,19.15,18.73,18.85,-0.25,-1.31,1.05,59400582.59,,,-64.3095,6.2661,7.6646,-257.7636,7266494850.55,,,,,,,
2017-03-09,6264995,18.82,19.44,18.82,19.01,0.16,0.85,2.09,120336607.61,,,-64.8554,6.3193,7.7297,-259.9515,7328173321.43,,,,,,,
2017-03-10,8484497,18.91,19.18,18.18,18.28,-0.73,-3.84,2.83,156970223.98,,,-62.3649,6.0766,7.4328,-249.9692,7046765298.04,,,,,,,
2017-03-13,15767313,18.43,19.65,18.38,19.65,1.37,7.49,5.26,301882002.86,,,-67.0389,6.532,7.9899,-268.7032,7574887204.95,,,,,,,
2017-03-14,11828522,19.62,19.91,19.1,19.48,-0.17,-0.87,3.95,230025966.4,,,-66.4589,6.4755,7.9208,-266.3785,7509353829.64,,,,,,,
2017-03-15,8043375,19.6,19.69,19.14,19.42,-0.06,-0.31,2.69,155538692.34,,,-66.2542,6.4556,7.8964,-265.558,7486224403.06,,,,,,,
2017-03-16,12766985,19.42,20.04,18.88,19,-0.42,-2.16,4.26,248817518.48,,,-64.8213,6.316,7.7256,-259.8148,7324318417,,,,,,,
2017-03-17,12748533,19.11,19.3,18.25,18.38,-0.62,-3.26,4.26,237044433.74,,,-62.7061,6.1099,7.4735,-251.3366,7085314342.34,,,,,,,
2017-03-20,5707344,18.46,18.64,18.32,18.47,0.09,0.49,1.91,105452314.58,,,-63.0131,6.1398,7.5101,-252.5673,7120008482.21,,,,,,,
2017-03-21,6561240,18.5,18.61,17.91,18.14,-0.33,-1.79,2.19,119259072.42,,,-61.8873,6.0301,7.3759,-248.0547,6992796636.02,,,,,,,
2017-03-22,8745660,18.06,18.13,17.41,17.58,-0.56,-3.09,2.92,155429142.5,,,-59.9767,5.8439,7.1482,-240.397,6776921987.94,,,,,,,
2017-03-23,5964667,17.64,17.92,17.3,17.6,0.02,0.11,1.99,105062238.88,,,-60.045,5.8506,7.1563,-240.6705,6784631796.8,,,,,,,
2017-03-24,5499053,17.51,17.72,17.28,17.38,-0.22,-1.25,1.84,96103030.11,,,-59.2944,5.7774,7.0669,-237.6621,6699823899.34,,,,,,,
2017-03-27,6629173,17.38,17.58,17,17.51,0.13,0.75,2.21,114348985.31,,,-59.7379,5.8207,7.1197,-239.4398,6749937656.93,,,,,,,
2017-03-28,10332717,17.44,18.29,17.39,18.2,0.69,3.94,3.45,185804386.53,,,-62.092,6.05,7.4003,-248.8752,7015926062.6,,,,,,,
2017-03-29,6657004,18.12,18.6,18.05,18.15,-0.05,-0.27,2.22,121587671.37,,,-61.9214,6.0334,7.38,-248.1915,6996651540.45,,,,,,,
2017-03-30,6326306,18.1,18.42,17.54,18.29,0.14,0.77,2.11,113855621.55,,,-62.399,6.0799,7.4369,-250.1059,7050620202.47,,,,,,,
2017-03-31,4032700,18.06,18.29,17.67,17.88,-0.41,-2.24,1.86,72331451.96,,,-28.0441,4.1295,7.3907,189.4489,6892569120.84,,,,,,,
2017-04-05,4239485,17.81,18.19,17.5,18.07,0.19,1.06,1.42,76016384.99,,,-28.3422,4.1734,7.4693,191.4621,6965812305.01,,,,,,,
2017-04-06,6487588,17.99,17.99,17.55,17.62,-0.45,-2.49,2.17,114995310,,,-27.6363,4.0694,7.2833,186.6941,6792341605.66,,,,,,,
2017-04-07,10472738,17.14,17.75,16.31,17.32,-0.3,-1.7,3.5,177308922.49,,,-27.1658,4.0002,7.1592,183.5154,6676694472.76,,,,,,,
2017-04-10,6629868,16.88,16.93,16.46,16.53,-0.79,-4.56,2.21,110191943.18,,,-25.9267,3.8177,6.8327,175.1449,6372157022.79,,,,,,,
2017-04-11,5819687,16.37,16.7,16,16.18,-0.35,-2.12,1.94,94396774.48,,,-25.3778,3.7369,6.688,171.4364,6237235367.74,,,,,,,
2017-04-12,7498467,16.17,16.17,15.45,15.6,-0.58,-3.58,2.5,118493021.08,,,-24.468,3.6029,6.4483,165.291,6013650910.8,,,,,,,
2017-04-13,7052132,15.66,16.48,15.65,15.88,0.28,1.79,2.35,113416656.21,,,-24.9072,3.6676,6.564,168.2578,6121588234.84,,,,,,,
2017-04-14,7717692,15.96,16.14,15.22,15.97,0.09,0.57,2.58,120730562.58,,,-25.0484,3.6884,6.6012,169.2114,6156282374.71,,,,,,,
2017-04-17,8790549,15.85,16.46,15.85,16.19,0.22,1.38,2.93,142826299.73,,,-25.3934,3.7392,6.6922,171.5424,6241090272.17,,,,,,,
2017-04-18,2904616,16.17,16.3,15.9,16.13,-0.06,-0.37,0.97,46880381.64,,,-25.2993,3.7253,6.6674,170.9067,6217960845.59,,,,,,,
2017-04-19,2502270,16,16.25,15.66,16.2,0.07,0.43,0.84,39888295.53,,,-25.4091,3.7415,6.6963,171.6483,6244945176.6,,,,,,,
2017-04-20,3735034,16.2,16.2,15.6,15.66,-0.54,-3.33,1.25,59196102.6,,,-24.5622,3.6168,6.4731,165.9267,6036780337.38,,,,,,,
2017-04-21,9193262,15.7,15.7,14.51,14.53,-1.13,-7.22,3.07,138014507.3,,,-22.7898,3.3558,6.006,153.9537,5601176136.79,,,,,,,
2017-04-24,6289800,14.4,14.47,13.08,13.08,-1.45,-9.98,2.1,85887657.8,,,-20.5155,3.0209,5.4066,138.5901,5042214994.44,,,,,,,
2017-04-25,4498153,13.36,13.63,12.9,13.2,0.12,0.92,1.5,59943069.57,,,-20.7037,3.0486,5.4562,139.8616,5088473847.6,,,,,,,
2017-04-26,3698798,13.18,13.49,13.07,13.48,0.28,2.12,1.23,49370489.3,,,-21.1429,3.1133,5.572,142.8284,5196411171.64,,,,,,,
2017-04-27,5824622,13.48,14.43,13.28,14.23,0.75,5.56,1.94,80918499.64,,,-22.3193,3.2865,5.882,150.7751,5485529003.89,,,,,,,
2017-04-28,5243940,14.15,14.3,13.88,14.04,-0.19,-1.34,2.42,73756616.04,,,-22.0212,3.2426,5.8035,148.7619,5412285819.72,,,,,,,
2017-05-02,6029300,14.09,14.28,13.56,13.66,-0.38,-2.71,2.01,83380009.32,,,-21.4252,3.1549,5.6464,144.7356,5265799451.38,,,,,,,
2017-05-03,5478092,13.74,14.16,13.65,14.01,0.35,2.56,1.83,76625125.52,,,-21.9742,3.2357,5.7911,148.444,5400721106.43,,,,,,,
2017-05-04,5808962,14.01,14.57,14.01,14.48,0.47,3.35,1.94,83265692.2,,,-22.7114,3.3442,5.9853,153.4239,5581901614.64,,,,,,,
2017-05-05,4367425,14.48,14.7,14,14.11,-0.37,-2.56,1.46,62335690.29,,,-22.131,3.2588,5.8324,149.5036,5439270150.73,,,,,,,
2017-05-08,3163874,13.91,14.37,13.91,14.05,-0.06,-0.43,1.06,44936260.62,,,-22.0369,3.2449,5.8076,148.8679,5416140724.15,,,,,,,
2017-05-09,3851440,14.03,14.25,13.86,13.93,-0.12,-0.85,1.29,53860401.63,,,-21.8487,3.2172,5.758,147.5964,5369881870.99,,,,,,,
2017-05-10,2454509,14,14.3,13.95,14.05,0.12,0.86,0.82,34697024.99,,,-22.0369,3.2449,5.8076,148.8679,5416140724.15,,,,,,,
2017-05-11,3103085,14.06,14.2,13.15,14.02,-0.03,-0.21,1.04,42706886.95,,,-21.9899,3.238,5.7952,148.55,5404576010.86,,,,,,,
2017-05-12,2631173,13.91,14.05,13.57,13.59,-0.43,-3.07,0.88,36130103.08,,,-21.3154,3.1387,5.6174,143.9939,5238815120.37,,,,,,,
2017-05-15,5983042,13.5,13.66,12.9,12.9,-0.69,-5.08,2,78311300.19,,,-20.2332,2.9793,5.3322,136.6829,4972826714.7,,,,,,,
2017-05-16,16693717,12.7,12.7,11.61,12.2,-0.7,-5.43,5.57,198345469.09,,,-19.1353,2.8177,5.0429,129.266,4702983404.6,,,,,,,
2017-05-17,8881506,11.9,12.16,11.82,12.03,-0.17,-1.39,2.97,106659845.03,,,-18.8686,2.7784,4.9726,127.4648,4637450029.29,,,,,,,
2017-05-18,8523116,11.86,12.61,11.84,12.23,0.2,1.66,2.85,104732028.39,,,-19.1823,2.8246,5.0553,129.5839,4714548117.89,,,,,,,
2017-05-19,4299978,12.13,12.3,11.9,12.03,-0.2,-1.64,1.44,51918880.22,,,-18.8686,2.7784,4.9726,127.4648,4637450029.29,,,,,,,
2017-05-22,3356937,12.08,12.12,11.87,11.99,-0.04,-0.33,1.12,40183797.43,,,-18.8059,2.7692,4.9561,127.041,4622030411.57,,,,,,,
2017-05-23,7914784,11.94,11.95,10.79,10.8,-1.19,-9.92,2.64,89091039.17,,,-16.9394,2.4943,4.4642,114.4322,4163296784.4,,,,,,,
2017-05-24,6625999,10.64,10.76,10.22,10.5,-0.3,-2.78,2.21,69441931.07,,,-16.4689,2.425,4.3402,111.2536,4047649651.5,,,,,,,
2017-05-25,6547624,10.57,10.67,10.13,10.33,-0.17,-1.62,2.19,68133916.47,,,-16.2022,2.3858,4.2699,109.4523,3982116276.19,,,,,,,
2017-05-26,6163192,10.45,10.75,10.35,10.6,0.27,2.61,2.86,64874954.79,,,-16.6257,2.4481,4.3815,112.3131,4086198695.8,,,,,,,
2017-05-31,6079506,10.78,10.92,10.61,10.64,0.04,0.38,2.03,65259867.66,,,-16.6885,2.4574,4.3981,112.7369,4101618313.52,,,,,,,
2017-06-01,5794577,10.65,10.94,10.55,10.73,0.09,0.85,1.93,62360677.56,,,-16.8296,2.4782,4.4353,113.6905,4136312453.39,,,,,,,
2017-06-02,4062579,10.75,10.85,10.47,10.85,0.12,1.12,1.36,43248692.41,,,-17.0178,2.5059,4.4849,114.962,4182571306.55,,,,,,,
2017-06-05,6928254,10.9,11.64,10.72,11.55,0.7,6.45,2.31,77838591.21,,,-18.1158,2.6675,4.7742,122.3789,4452414616.65,,,,,,,
2017-06-06,10846258,11.54,12.37,11.4,12.07,0.52,4.5,3.62,129833074.5,,,-18.9314,2.7876,4.9892,127.8886,4652869647.01,,,,,,,
2017-06-07,7109396,12,12.41,11.96,12.17,0.1,0.83,2.37,86848205.47,,,-19.0882,2.8107,5.0305,128.9482,4691418691.31,,,,,,,
2017-06-08,4574869,12.09,12.38,12.07,12.32,0.15,1.23,1.53,56262486.64,,,-19.3235,2.8454,5.0925,130.5375,4749242257.76,,,,,,,
2017-06-09,10554079,12.2,13.55,12.2,13.55,1.23,9.98,3.52,138569359.95,,,-21.2527,3.1294,5.6009,143.5701,5223395502.65,,,,,,,
2017-06-12,9069198,13.5,13.86,13.11,13.31,-0.24,-1.77,3.03,121524933.01,,,-20.8763,3.074,5.5017,141.0271,5130877796.33,,,,,,,
2017-06-13,5703932,13.29,13.92,13.12,13.56,0.25,1.88,1.9,77568937.66,,,-21.2684,3.1318,5.605,143.676,5227250407.08,,,,,,,
2017-06-14,4258387,13.79,13.79,13.37,13.42,-0.14,-1.03,1.42,57273101.78,,,-21.0488,3.0994,5.5472,142.1926,5173281745.06,,,,,,,
2017-06-15,4158545,13.42,13.65,13.28,13.6,0.18,1.34,1.39,55861813.56,,,-21.3311,3.141,5.6216,144.0998,5242670024.8,,,,,,,
2017-06-16,4183374,13.5,14.16,13.43,13.76,0.16,1.18,1.4,57863211.6,,,-21.5821,3.1779,5.6877,145.7951,5304348495.68,,,,,,,
2017-06-19,3340492,13.78,14.15,13.63,13.81,0.05,0.36,1.12,46665850.5,,,-21.6605,3.1895,5.7084,146.3249,5323623017.83,,,,,,,
2017-06-20,3181798,13.81,13.99,13.5,13.61,-0.2,-1.45,1.06,43589616.64,,,-21.3468,3.1433,5.6257,144.2058,5246524929.23,,,,,,,
2017-06-21,4609481,13.75,14.15,13.68,14.04,0.43,3.16,1.54,64318504.64,,,-22.0212,3.2426,5.8035,148.7619,5412285819.72,,,,,,,
2017-06-22,2600455,13.91,14.15,13.81,13.85,-0.19,-1.35,0.87,36273744,,,-21.7232,3.1987,5.7249,146.7487,5339042635.55,,,,,,,
2017-06-23,5118626,14.08,14.1,13.59,14.08,0.23,1.66,1.71,71201221.6,,,-22.084,3.2519,5.82,149.1857,5427705437.44,,,,,,,
2017-06-26,11470576,14.05,15.25,14.05,15.17,1.09,7.74,3.83,169839468.18,,,-23.7936,3.5036,6.2705,160.7349,5847890020.31,,,,,,,
2017-06-27,5565242,15.08,15.36,14.88,15.14,-0.03,-0.2,1.86,83973379.8,,,-23.7466,3.4967,6.2581,160.417,5836325307.02,,,,,,,
2017-06-28,6967594,15.2,15.33,14.62,15.25,0.11,0.73,2.33,104794431.28,,,-23.9191,3.5221,6.3036,161.5825,5878729255.75,,,,,,,
2017-06-29,3551612,15.25,15.31,14.96,15.18,-0.07,-0.46,1.19,53752584.96,,,-23.8093,3.5059,6.2747,160.8409,5851744924.74,,,,,,,
2017-06-30,2446101,15.01,15.29,14.91,15.16,-0.02,-0.13,0.82,36932930.03,,,-16.7332,3.8955,8.2662,53.7115,5844035115.88,,,,,,,
2017-07-03,5354111,15.17,15.86,15.09,15.68,0.52,3.43,1.79,83558475.54,,,-17.3071,4.0291,8.5498,55.5539,6044490146.24,,,,,,,
2017-07-04,3524475,15.63,15.79,15.42,15.62,-0.06,-0.38,1.18,54682958.3,,,-17.2409,4.0137,8.5171,55.3413,6021360719.66,,,,,,,
2017-07-05,4619295,15.53,15.84,15.46,15.74,0.12,0.77,1.54,72431124.34,,,-17.3734,4.0445,8.5825,55.7664,6067619572.82,,,,,,,
2017-07-06,4985071,15.74,16.23,15.74,16.19,0.45,2.86,1.66,79592513.1,,,-17.8701,4.1601,8.8279,57.3608,6241090272.17,,,,,,,
2017-07-07,4342068,16.1,16.43,16,16.25,0.06,0.37,1.45,70705471.8,,,-17.9363,4.1756,8.8606,57.5734,6264219698.75,,,,,,,
2017-07-10,11078684,16.25,16.3,14.65,16,-0.25,-1.54,3.7,172759800.58,,,-17.6603,4.1113,8.7243,56.6876,6167847088,,,,,,,
2017-07-11,9107872,15.65,16.09,15.58,15.99,-0.01,-0.06,3.04,144316879.26,,,-17.6493,4.1088,8.7188,56.6522,6163992183.57,,,,,,,
2017-07-12,13742328,15.98,15.98,14.39,14.39,-1.6,-10.01,4.59,202423199.57,,,-15.8833,3.6976,7.8464,50.9834,5547207474.77,,,,,,,
2017-07-13,9131200,14.35,14.38,12.95,12.95,-1.44,-10.01,3.05,120508371.08,,,-14.2938,3.3276,7.0612,45.8815,4992101236.85,,,,,,,
2017-07-14,24838424,11.71,12.82,11.71,12.34,-0.61,-4.71,8.29,300806827.38,,,-13.6205,3.1709,6.7286,43.7203,4756952066.62,,,,,,,
2017-07-17,13100170,11.8,12.82,11.52,12.05,-0.29,-2.35,4.37,159337477.85,,,-13.3005,3.0963,6.5705,42.6929,4645159838.15,,,,,,,
2017-07-18,5784278,12.11,12.2,11.37,11.72,-0.33,-2.74,1.93,68310550.06,,,-12.9362,3.0115,6.3905,41.5237,4517947991.96,,,,,,,
2017-07-19,6104530,11.85,12.19,11.72,11.83,0.11,0.94,2.04,72681047,,,-13.0576,3.0398,6.4505,41.9134,4560351940.69,,,,,,,
2017-07-20,4065638,11.89,12.05,11.76,11.8,-0.03,-0.25,1.36,48283244.96,,,-13.0245,3.0321,6.4341,41.8071,4548787227.4,,,,,,,
2017-07-21,3082843,11.61,11.94,11.61,11.88,0.08,0.68,1.03,36412356.81,,,-13.1128,3.0527,6.4778,42.0906,4579626462.84,,,,,,,
2017-07-24,3814894,11.83,11.98,11.69,11.82,-0.06,-0.51,1.27,45126507.2,,,-13.0466,3.0372,6.445,41.878,4556497036.26,,,,,,,
2017-07-25,2831439,11.78,11.82,11.65,11.68,-0.14,-1.18,0.95,33130327.73,,,-12.8921,3.0013,6.3687,41.382,4502528374.24,,,,,,,
2017-07-26,2249480,11.76,11.77,11.56,11.64,-0.04,-0.34,0.75,26228983.6,,,-12.8479,2.991,6.3469,41.2402,4487108756.52,,,,,,,
2017-07-27,6697079,11.64,11.88,11,11.77,0.13,1.12,2.24,76939188.93,,,-12.9914,3.0244,6.4178,41.7008,4537222514.11,,,,,,,
2017-07-28,4138454,11.6,11.65,11.34,11.42,-0.35,-2.97,1.38,47474762.41,,,-12.6051,2.9345,6.2269,40.4608,4402300859.06,,,,,,,
2017-07-31,3904747,11.4,11.46,11.1,11.24,-0.18,-1.58,1.3,43805536.48,,,-12.4064,2.8882,6.1288,39.823,4332912579.32,,,,,,,
2017-08-01,3502632,11.3,11.4,11.11,11.31,0.07,0.62,1.17,39510968.4,,,-12.4837,2.9062,6.167,40.0711,4359896910.33,,,,,,,
2017-08-02,5285804,11.34,11.35,10.79,10.85,-0.46,-4.07,1.76,58386190.21,,,-11.9759,2.788,5.9161,38.4413,4182571306.55,,,,,,,
2017-08-03,4228147,10.77,11.23,10.73,11.1,0.25,2.3,1.41,46773651.15,,,-12.2519,2.8522,6.0525,39.327,4278943917.3,,,,,,,
2017-08-04,4066834,11.17,11.23,10.82,10.94,-0.16,-1.44,1.36,44582011.6,,,-12.0753,2.8111,5.9652,38.7602,4217265446.42,,,,,,,
2017-08-07,4000952,10.99,10.99,10.8,10.8,-0.14,-1.28,1.34,43478342.24,,,-11.9207,2.7751,5.8889,38.2641,4163296784.4,,,,,,,
2017-08-08,3335852,10.8,10.97,10.71,10.92,0.12,1.11,1.11,36275125.24,,,-12.0532,2.806,5.9543,38.6893,4209555637.56,,,,,,,
2017-08-09,6477856,10.9,10.91,10.52,10.61,-0.31,-2.84,2.16,69091678.72,,,-11.711,2.7263,5.7853,37.591,4090053600.23,,,,,,,
2017-08-10,5713019,10.6,10.68,10.31,10.33,-0.28,-2.64,1.91,59794848.66,,,-11.402,2.6544,5.6326,36.5989,3982116276.19,,,,,,,
2017-08-11,5310853,10.37,10.57,10.33,10.49,0.16,1.55,1.77,55665338.15,,,-11.5786,2.6955,5.7198,37.1658,4043794747.07,,,,,,,
2017-08-14,12749914,10.49,11.35,10.41,10.9,0.41,3.91,4.26,140065922.58,,,-12.0311,2.8008,5.9434,38.6184,4201845828.7,,,,,,,
2017-08-15,5441300,10.94,11.06,10.77,10.98,0.08,0.73,1.82,59299655,,,-12.1194,2.8214,5.987,38.9019,4232685064.14,,,,,,,
2017-08-16,6086526,11.02,11.13,10.86,11.05,0.07,0.64,2.03,67028484.52,,,-12.1967,2.8394,6.0252,39.1499,4259669395.15,,,,,,,
2017-08-17,11111140,10.99,11.47,10.93,11.46,0.41,3.71,3.71,125661337.46,,,-12.6492,2.9447,6.2488,40.6025,4417720476.78,,,,,,,
2017-08-18,6871606,11.35,11.58,11.28,11.46,0,0,2.29,78662858.26,,,-12.6492,2.9447,6.2488,40.6025,4417720476.78,,,,,,,
2017-08-21,5262806,11.46,11.52,11.28,11.38,-0.08,-0.7,1.76,59777756.8,,,-12.5609,2.9242,6.2051,40.3191,4386881241.34,,,,,,,
2017-08-22,4736420,11.43,11.43,11.11,11.22,-0.16,-1.41,1.58,53168423.56,,,-12.3843,2.8831,6.1179,39.7522,4325202770.46,,,,,,,
2017-08-23,6425192,11.2,11.45,11.1,11.22,0,0,2.15,72583367.48,,,-12.3843,2.8831,6.1179,39.7522,4325202770.46,,,,,,,
2017-08-24,9214041,11.12,11.35,10.8,10.87,-0.35,-3.12,3.08,101757660.52,,,-11.998,2.7931,5.927,38.5121,4190281115.41,,,,,,,
2017-08-25,37025222,9.78,10.24,9.78,9.84,-1.03,-9.48,12.36,366066450.75,,,-10.8611,2.5285,5.3654,34.8629,3793225959.12,,,,,,,
2017-08-28,15444274,9.51,9.81,9.46,9.76,-0.08,-0.81,5.16,148941972.87,,,-10.7728,2.5079,5.3218,34.5794,3762386723.68,,,,,,,
2017-08-29,11367162,9.74,9.94,9.7,9.77,0.01,0.1,3.8,111615282.5,,,-10.7839,2.5105,5.3273,34.6149,3766241628.11,,,,,,,
2017-08-30,8719173,9.79,9.85,9.59,9.67,-0.1,-1.02,2.91,84475341.7,,,-10.6735,2.4848,5.2727,34.2606,3727692583.81,,,,,,,
2017-08-31,7192180,9.62,9.73,9.57,9.71,0.04,0.41,2.4,69396353.25,,,-10.7176,2.4951,5.2945,34.4023,3743112201.53,,,,,,,
2017-09-01,12912790,9.65,9.66,9.5,9.52,-0.19,-1.96,4.31,123274255.18,,,-10.5079,2.4462,5.1909,33.7291,3669869017.36,,,,,,,
2017-09-04,12515239,9.49,9.53,9.25,9.36,-0.16,-1.68,4.18,117119484.51,,,-10.3313,2.4051,5.1037,33.1623,3608190546.48,,,,,,,
2017-09-05,12340913,9.41,9.63,9.38,9.63,0.27,2.88,4.12,117367490.5,,,-10.6293,2.4745,5.2509,34.1189,3712272966.09,,,,,,,
2017-09-06,8978979,9.6,9.61,9.38,9.55,-0.08,-0.83,3,85246734.58,,,-10.541,2.4539,5.2073,33.8354,3681433730.65,,,,,,,
2017-09-07,10083199,9.53,9.69,9.53,9.6,0.05,0.52,3.37,96822666.9,,,-10.5962,2.4668,5.2346,34.0126,3700708252.8,,,,,,,
2017-09-08,14179426,9.53,9.53,9.26,9.35,-0.25,-2.6,4.73,132885064.22,,,-10.3203,2.4026,5.0982,33.1268,3604335642.05,,,,,,,
2017-09-11,6793734,9.3,9.34,9.21,9.33,-0.02,-0.21,2.27,63040337.96,,,-10.2982,2.3974,5.0873,33.056,3596625833.19,,,,,,,
2017-09-12,6458522,9.31,9.36,9.26,9.27,-0.06,-0.64,2.16,60065675.04,,,-10.232,2.382,5.0546,32.8434,3573496406.61,,,,,,,
2017-09-13,7028855,9.24,9.27,9.1,9.18,-0.09,-0.97,2.35,64436075.36,,,-10.1326,2.3589,5.0055,32.5245,3538802266.74,,,,,,,
2017-09-14,6120418,9.19,9.32,9.13,9.25,0.07,0.76,2.04,56455911.16,,,-10.2099,2.3769,5.0437,32.7725,3565786597.75,,,,,,,
2017-09-15,7779780,9.19,9.21,9,9.06,-0.19,-2.05,2.6,70817117.1,,,-10.0002,2.328,4.9401,32.0994,3492543413.58,,,,,,,
2017-09-18,7414256,9.03,9.07,8.91,8.99,-0.07,-0.77,2.48,66442367.92,,,-9.9229,2.31,4.9019,31.8514,3465559082.57,,,,,,,
2017-09-19,6667159,9,9.12,8.96,9.05,0.06,0.67,2.23,60469048.02,,,-9.9891,2.3255,4.9347,32.0639,3488688509.15,,,,,,,
2017-09-20,10415942,9.05,9.36,9.02,9.31,0.26,2.87,3.48,96010051.52,,,-10.2761,2.3923,5.0764,32.9851,3588916024.33,,,,,,,
2017-09-21,6689719,9.32,9.34,9.16,9.18,-0.13,-1.4,2.23,61620641.22,,,-10.1326,2.3589,5.0055,32.5245,3538802266.74,,,,,,,
2017-09-22,5735833,9.12,9.12,8.93,9.02,-0.16,-1.74,1.92,51597184.81,,,-9.956,2.3178,4.9183,31.9576,3477123795.86,,,,,,,
2017-09-25,4345965,8.99,9.07,8.88,8.9,-0.12,-1.33,1.45,38922907.65,,,-9.8236,2.2869,4.8529,31.5325,3430864942.7,,,,,,,
2017-09-26,3267089,8.92,8.95,8.82,8.93,0.03,0.34,1.09,29049319.1,,,-9.8567,2.2946,4.8692,31.6388,3442429655.99,,,,,,,
2017-09-27,3461904,8.95,8.95,8.85,8.88,-0.05,-0.56,1.16,30768378.06,,,-9.8015,2.2818,4.842,31.4616,3423155133.84,,,,,,,
2017-09-28,5778170,8.89,8.89,8.71,8.71,-0.17,-1.91,1.93,50700216.3,,,-9.6139,2.2381,4.7493,30.8593,3357621758.53,,,,,,,
2017-09-29,8085789,8.75,8.75,8.43,8.5,-0.21,-2.41,2.7,69314108.04,,,-9.3821,2.1841,4.6348,30.1153,3276668765.5,,,,,,,
2017-10-09,7773267,8.57,8.74,8.42,8.67,0.17,2,2.6,67123336.69,,,-9.1547,2.2345,4.2389,21.4937,3342202140.81,,,,,,,
2017-10-10,20341248,8.66,9.54,8.62,9.54,0.87,10.03,6.79,187824216.83,,,-10.0733,2.4588,4.6642,23.6505,3677578826.22,,,,,,,
2017-10-31,25707318,8.67,9.79,8.59,9.55,0.01,0.1,8.58,238049454.28,,,-10.0839,2.4613,4.6691,23.6753,3681433730.65,,,,,,,
2017-11-01,32027322,9.35,10.51,9.28,10.51,0.96,10.05,10.69,322973759.68,,,-11.0976,2.7088,5.1384,26.0552,4051504555.93,,,,,,,
2017-11-02,38219733,10.49,11.49,10.27,10.84,0.33,3.14,12.76,420308161.12,,,-11.446,2.7938,5.2998,26.8733,4178716402.12,,,,,,,
2017-11-03,19784193,10.46,11.1,10.19,10.36,-0.48,-4.43,6.61,208762737.84,,,-10.9392,2.6701,5.0651,25.6833,3993680989.48,,,,,,,
2017-11-06,12715758,10.12,10.46,9.92,10.14,-0.22,-2.12,4.25,128677423.97,,,-10.7069,2.6134,4.9576,25.1379,3908873092.02,,,,,,,
2017-11-07,22725838,10.19,11.15,10.02,11.15,1.01,9.96,7.59,242836516.12,,,-11.7734,2.8737,5.4514,27.6418,4298218439.45,,,,,,,
2017-11-08,20032341,11.27,11.45,10.86,10.95,-0.2,-1.79,6.69,222458258.84,,,-11.5622,2.8222,5.3536,27.146,4221120350.85,,,,,,,
2017-11-09,10235587,11.1,11.12,10.74,10.9,-0.05,-0.46,3.42,111638027.07,,,-11.5094,2.8093,5.3291,27.022,4201845828.7,,,,,,,
2017-11-10,12100366,10.65,11.11,10.6,10.84,-0.06,-0.55,4.04,130492044.04,,,-11.446,2.7938,5.2998,26.8733,4178716402.12,,,,,,,
2017-11-13,13162109,10.87,10.92,10.2,10.37,-0.47,-4.34,4.39,138688454.53,,,-10.9497,2.6727,5.07,25.7081,3997535893.91,,,,,,,
2017-11-14,8543453,10.43,10.57,10.1,10.1,-0.27,-2.6,4,88363927.91,,,-10.6646,2.6031,4.938,25.0388,3893453474.3,,,,,,,
2017-11-15,9365361,10.2,10.48,10.2,10.26,0.16,1.58,3.13,96824311.39,,,-10.8336,2.6443,5.0162,25.4354,3955131945.18,,,,,,,
2017-11-16,9211636,10.22,10.75,10.08,10.6,0.34,3.31,3.08,95440469.54,,,-11.1926,2.732,5.1825,26.2783,4086198695.8,,,,,,,
2017-11-17,11036502,10.41,10.47,9.54,9.94,-0.66,-6.23,3.68,110555742.24,,,-10.4957,2.5619,4.8598,24.6421,3831775003.42,,,,,,,
2017-11-20,5019600,9.8,9.92,9.05,9.58,-0.36,-3.62,1.68,47875460,,,-10.1156,2.4691,4.6838,23.7497,3692998443.94,,,,,,,
2017-11-21,6377740,9.56,9.62,9.03,9.11,-0.47,-4.91,2.13,59143377.6,,,-9.6193,2.3479,4.454,22.5845,3511817935.73,,,,,,,
2017-11-22,6253250,8.92,9.32,8.89,8.99,-0.12,-1.32,2.09,56732590.9,,,-9.4926,2.317,4.3953,22.287,3465559082.57,,,,,,,
2017-11-23,6016469,8.97,9.34,8.94,9.07,0.08,0.89,2.01,55182883.77,,,-9.5771,2.3376,4.4344,22.4853,3496398318.01,,,,,,,
2017-11-24,6517770,9.01,9.13,8.63,8.88,-0.19,-2.09,2.18,57790295.53,,,-9.3764,2.2887,4.3415,22.0143,3423155133.84,,,,,,,
2017-11-27,3682002,8.86,8.95,8.67,8.71,-0.17,-1.91,1.23,32483535.7,,,-9.1969,2.2448,4.2584,21.5928,3357621758.53,,,,,,,
2017-11-28,3419858,8.8,8.85,8.63,8.85,0.14,1.61,1.14,29943816.12,,,-9.3448,2.2809,4.3269,21.9399,3411590420.55,,,,,,,
2017-11-29,4070720,8.88,8.92,8.5,8.65,-0.2,-2.26,1.36,35317453.8,,,-9.1336,2.2294,4.2291,21.4441,3334492331.95,,,,,,,
2017-11-30,3936853,8.65,8.66,8.49,8.53,-0.12,-1.39,1.31,33687926.42,,,-9.0069,2.1985,4.1704,21.1466,3288233478.79,,,,,,,
2017-12-01,5593540,8.43,8.6,8.37,8.39,-0.14,-1.64,1.87,47276434.9,,,-8.8591,2.1624,4.102,20.7995,3234264816.77,,,,,,,
2017-12-04,6276974,8.37,8.37,7.95,7.96,-0.43,-5.13,2.1,50850736.16,,,-8.405,2.0515,3.8917,19.7335,3068503926.28,,,,,,,
2017-12-05,5783522,7.92,7.99,7.51,7.58,-0.38,-4.77,1.93,44680279.72,,,-8.0038,1.9536,3.7059,18.7915,2922017557.94,,,,,,,
2017-12-06,5457453,7.62,7.96,7.51,7.83,0.25,3.3,1.82,42375286.98,,,-8.2677,2.018,3.8282,19.4112,3018390168.69,,,,,,,
2017-12-07,7033230,7.75,8.3,7.74,8.3,0.47,6,2.35,56836396.08,,,-8.764,2.1392,4.058,20.5764,3199570676.9,,,,,,,
2017-12-08,5070620,8.19,8.31,8.08,8.13,-0.17,-2.05,1.69,41587346,,,-8.5845,2.0954,3.9748,20.155,3134037301.59,,,,,,,
2017-12-11,3366194,8.03,8.22,8.03,8.11,-0.02,-0.25,1.12,27353907.48,,,-8.5634,2.0902,3.9651,20.1054,3126327492.73,,,,,,,
2017-12-12,4104023,8.13,8.37,8.1,8.15,0.04,0.49,1.37,33798971.11,,,-8.6056,2.1005,3.9846,20.2046,3141747110.45,,,,,,,
2017-12-13,2150000,8.07,8.27,8.05,8.14,-0.01,-0.12,0.72,17497071,,,-8.5951,2.0979,3.9797,20.1798,3137892206.02,,,,,,,
2017-12-14,2676102,8.15,8.15,7.95,7.98,-0.16,-1.97,0.89,21459773.94,,,-8.4261,2.0567,3.9015,19.7831,3076213735.14,,,,,,,
2017-12-15,2522126,7.93,8.13,7.93,8.02,0.04,0.5,0.61,20244739.69,,,-8.4684,2.067,3.9211,19.8823,3091633352.86,,,,,,,
2017-12-18,2596731,8.07,8.07,7.85,7.87,-0.15,-1.87,1.21,20595409.35,,,-8.31,2.0284,3.8477,19.5104,3033809786.41,,,,,,,
2017-12-19,1726610,7.94,8,7.85,7.99,0.12,1.52,0.81,13710305.15,,,-8.4367,2.0593,3.9064,19.8079,3080068639.57,,,,,,,
2017-12-20,2776221,8,8.01,7.73,7.75,-0.24,-3,1.3,21663664.17,,,-8.1833,1.9974,3.7891,19.2129,2987550933.25,,,,,,,
2017-12-21,3174185,7.74,7.8,7.55,7.69,-0.06,-0.77,1.49,24239783.45,,,-8.1199,1.982,3.7597,19.0642,2964421506.67,,,,,,,
2017-12-22,1716504,7.58,7.77,7.58,7.74,0.05,0.65,0.8,13189065.6,,,-8.1727,1.9948,3.7842,19.1881,2983696028.82,,,,,,,
2017-12-25,9480386,7.46,7.46,6.97,6.97,-0.77,-9.95,4.44,67077568,,,-7.3597,1.7964,3.4077,17.2792,2686868387.71,,,,,,,
2017-12-26,5537305,6.8,7.03,6.67,6.76,-0.21,-3.01,2.59,37641597.09,,,-7.1379,1.7423,3.305,16.7586,2605915394.68,,,,,,,
2017-12-27,3613751,6.74,6.94,6.71,6.83,0.07,1.04,1.69,24753526.56,,,-7.2118,1.7603,3.3393,16.9322,2632899725.69,,,,,,,
2017-12-28,3281402,6.84,6.92,6.77,6.86,0.03,0.44,1.54,22483073.64,,,-7.2435,1.768,3.3539,17.0065,2644464438.98,,,,,,,
2017-12-29,7148585,6.88,7.49,6.8,7.43,0.57,8.31,3.34,51470373.11,,,-7.8454,1.915,3.6326,18.4196,2864193991.49,,,,,,,
2018-01-02,3705645,7.31,7.44,7.25,7.36,-0.07,-0.94,1.73,27237225.95,,,67.3784,2.0262,2.1673,15.2089,2837209660.48,,,,,,,
2018-01-03,3946730,7.39,7.48,7.26,7.35,-0.01,-0.14,1.85,29065314.76,,,67.2869,2.0234,2.1643,15.1883,2833354756.05,,,,,,,
2018-01-04,3550632,7.29,7.48,7.26,7.4,0.05,0.68,1.66,26187924.5,,,67.7446,2.0372,2.1791,15.2916,2852629278.2,,,,,,,
2018-01-05,5654177,7.44,7.71,7.31,7.58,0.18,2.43,2.65,42502563.06,,,69.3924,2.0867,2.2321,15.6635,2922017557.94,,,,,,,
2018-01-08,3092391,7.48,7.65,7.41,7.52,-0.06,-0.79,1.45,23227542.2,,,68.8432,2.0702,2.2144,15.5396,2898888131.36,,,,,,,
2018-01-09,3347200,7.44,7.64,7.34,7.51,-0.01,-0.13,1.57,25026409,,,68.7516,2.0675,2.2115,15.5189,2895033226.93,,,,,,,
2018-01-10,2385100,7.54,7.94,7.43,7.51,0,0,1.12,17938227,,,68.7516,2.0675,2.2115,15.5189,2895033226.93,,,,,,,
2018-01-11,2405717,7.52,7.52,7.37,7.44,-0.07,-0.93,1.13,17896597.05,,,68.1108,2.0482,2.1908,15.3742,2868048895.92,,,,,,,
2018-01-12,3864602,7.48,7.59,7.08,7.1,-0.34,-4.57,1.81,28107191.63,,,64.9982,1.9546,2.0907,14.6717,2736982145.3,,,,,,,
2018-01-15,2980100,7.13,7.13,6.8,6.84,-0.26,-3.66,1.39,20674723.71,,,62.618,1.883,2.0142,14.1344,2636754630.12,,,,,,,
2018-01-16,3653422,6.84,7.06,6.83,6.94,0.1,1.46,1.69,25446087.02,,,63.5334,1.9105,2.0436,14.341,2675303674.42,,,,,,,
2018-01-17,2853500,6.94,7.11,6.81,7.05,0.11,1.59,1.33,20002983.32,,,64.5405,1.9408,2.076,14.5683,2717707623.15,,,,,,,
2018-01-18,2036943,7.09,7.18,6.99,7.06,0.01,0.14,0.94,14426284.33,,,64.632,1.9436,2.079,14.589,2721562527.58,,,,,,,
2018-01-19,2784596,7.12,7.16,7.03,7.1,0.04,0.57,1.29,19760922.2,,,64.9982,1.9546,2.0907,14.6717,2736982145.3,,,,,,,
2018-01-22,3193101,7.15,7.17,6.86,6.97,-0.13,-1.83,1.48,22320710.03,,,63.8081,1.9188,2.0524,14.403,2686868387.71,,,,,,,
2018-01-23,2239923,6.96,7.08,6.88,6.93,-0.04,-0.57,1.04,15574659.87,,,63.4419,1.9078,2.0407,14.3204,2671448769.99,,,,,,,
2018-01-24,3981797,6.97,7.09,6.9,7.05,0.12,1.73,1.8,27937956.07,,,64.5405,1.9408,2.076,14.5683,2717707623.15,,,,,,,
2018-01-25,3200760,7.05,7.2,6.95,6.98,-0.07,-0.99,1.46,22637975.6,,,63.8996,1.9216,2.0554,14.4237,2690723292.14,,,,,,,
2018-01-26,2772893,6.99,7.09,6.91,7.06,0.08,1.15,1.23,19449160.48,,,64.632,1.9436,2.079,14.589,2721562527.58,,,,,,,
2018-01-29,3182764,7.09,7.09,6.82,6.9,-0.16,-2.27,1.48,22006288.48,,,63.1673,1.8995,2.0318,14.2584,2659884056.7,,,,,,,
2018-01-30,3294700,6.92,6.98,6.73,6.9,0,0,1.53,22591330.2,,,63.1673,1.8995,2.0318,14.2584,2659884056.7,,,,,,,
2018-01-31,4016768,6.81,6.86,6.64,6.66,-0.24,-3.48,1.87,27065062.01,,,60.9701,1.8335,1.9612,13.7624,2567366350.38,,,,,,,
2018-02-01,5536886,6.68,6.78,5.99,5.99,-0.67,-10.06,2.58,34314262.7,,,54.8365,1.649,1.7639,12.3779,2309087753.57,,,,,,,
2018-02-02,3807091,5.81,6.03,5.56,5.81,-0.18,-3.01,1.77,22108803.92,,,53.1887,1.5995,1.7109,12.006,2239699473.83,,,,,,,
2018-02-05,4817952,5.71,5.77,5.42,5.44,-0.37,-6.37,2.22,26734279.08,,,49.8014,1.4976,1.6019,11.2414,2097068009.92,,,,,,,
2018-02-06,5006361,5.28,5.97,5.16,5.17,-0.27,-4.96,2.32,27418516.22,,,47.3297,1.4233,1.5224,10.6834,1992985590.31,,,,,,,
2018-02-07,3486384,5.28,5.33,5.09,5.22,0.05,0.97,1.62,18226170.81,,,47.7874,1.437,1.5371,10.7868,2012260112.46,,,,,,,
2018-02-08,3750626,5.24,5.46,5.18,5.33,0.11,2.11,1.72,20080306.81,,,48.7944,1.4673,1.5695,11.0141,2054664061.19,,,,,,,
2018-02-09,4948266,5.18,5.32,4.91,4.99,-0.34,-6.38,2.3,25244469.52,,,45.6818,1.3737,1.4694,10.3115,1923597310.57,,,,,,,
2018-02-12,3390600,5.04,5.11,4.95,5.07,0.08,1.6,1.56,17133559,,,46.4142,1.3957,1.493,10.4768,1954436546.01,,,,,,,
2018-02-13,5561306,5.06,5.49,5.06,5.16,0.09,1.78,2.58,29449092.84,,,47.2381,1.4205,1.5195,10.6628,1989130685.88,,,,,,,
2018-02-14,2924200,5.09,5.18,5,5.12,-0.04,-0.78,1.35,14832509,,,46.8719,1.4095,1.5077,10.5801,1973711068.16,,,,,,,
2018-02-22,2324700,5.06,5.23,5.06,5.2,0.08,1.56,1.07,12037395.2,,,47.6043,1.4315,1.5312,10.7454,2004550303.6,,,,,,,
2018-02-23,2573986,5.23,5.33,5.16,5.27,0.07,1.35,1.2,13529383.94,,,48.2451,1.4508,1.5519,10.8901,2031534634.61,,,,,,,
2018-02-26,5633976,5.28,5.8,5.28,5.8,0.53,10.06,2.63,31502151.94,,,53.0971,1.5967,1.7079,11.9853,2235844569.4,,,,,,,
2018-02-27,8326598,6,6.38,5.94,6.38,0.58,10,3.9,51648787.26,,,58.4068,1.7564,1.8787,13.1838,2459429026.34,,,,,,,
2018-02-28,9172044,6.78,7.02,6.63,7.02,0.64,10.03,4.27,63374824.88,,,64.2658,1.9326,2.0672,14.5063,2706142909.86,,,,,,,
2018-05-25,21905638,6.66,7.55,6.5,6.92,-0.1,-1.42,9.39,148767138.49,,,123.1672,1.9607,2.0144,8.9397,2667593865.56,,,,,,,
2018-05-28,17422164,6.4,6.71,6.3,6.49,-0.43,-6.21,7.44,113033716.78,,,115.5138,1.8388,1.8893,8.3842,2501832975.07,,,,,,,
2018-05-29,15674022,6.3,6.46,5.84,5.87,-0.62,-9.55,6.73,95552905.7,,,104.4786,1.6632,1.7088,7.5832,2262828900.41,,,,,,,
2018-05-30,8606111,5.75,5.83,5.48,5.58,-0.29,-4.94,3.67,48589616.84,,,99.3169,1.581,1.6244,7.2086,2151036671.94,,,,,,,
2018-05-31,6231084,5.64,5.75,5.63,5.67,0.09,1.61,2.63,35499595.78,,,100.9188,1.6065,1.6506,7.3249,2185730811.81,,,,,,,
2018-06-01,5489660,5.57,5.82,5.57,5.81,0.14,2.47,2.29,31377768.15,,,103.4106,1.6462,1.6913,7.5057,2239699473.83,,,,,,,
2018-06-04,5980258,5.71,5.76,5.41,5.42,-0.39,-6.71,2.56,33547793.04,,,96.4691,1.5357,1.5778,7.0019,2089358201.06,,,,,,,
2018-06-05,6143069,5.41,5.96,5.35,5.96,0.54,9.96,2.69,35992405.84,,,106.0805,1.6887,1.735,7.6995,2297523040.28,,,,,,,
2018-06-06,13272652,6.29,6.29,5.92,6.05,0.09,1.51,5.75,81143782.06,,,107.6823,1.7142,1.7612,7.8158,2332217180.15,,,,,,,
2018-06-07,12958543,6.08,6.58,5.91,6.34,0.29,4.79,5.51,80944057.83,,,112.844,1.7963,1.8456,8.1904,2444009408.62,,,,,,,
2018-06-08,8686000,6.28,6.28,5.94,6.04,-0.3,-4.73,3.74,53021127.9,,,107.5044,1.7113,1.7583,7.8028,2328362275.72,,,,,,,
2018-06-11,6399186,6,6.28,5.94,6.27,0.23,3.81,2.66,39364184.64,,,111.5981,1.7765,1.8252,8.1,2417025077.61,,,,,,,
2018-06-12,22112717,6.2,6.9,6.09,6.9,0.63,10.05,9.66,148442495.2,,,122.8113,1.955,2.0086,8.9138,2659884056.7,,,,,,,
2018-06-13,24269447,6.9,7.36,6.55,6.96,0.06,0.87,10.5,168800106.14,,,123.8792,1.972,2.0261,8.9914,2683013483.28,,,,,,,
2018-06-14,14271146,6.83,7.24,6.75,6.78,-0.18,-2.59,6.14,99642263.72,,,120.6754,1.921,1.9737,8.7588,2613625203.54,,,,,,,
2018-06-15,10924980,6.93,7.26,6.7,6.91,0.13,1.92,4.65,75841603.1,,,122.9893,1.9578,2.0115,8.9268,2663738961.13,,,,,,,
2018-06-19,18996369,6.68,7.16,6.51,7.08,0.17,2.46,8.12,131463679.76,,,126.015,2.006,2.061,9.1464,2729272336.44,,,,,,,
2018-06-20,25980364,7.1,7.65,6.7,7.58,0.5,7.06,11.17,189013260.28,,,134.9144,2.1477,2.2066,9.7923,2922017557.94,,,,,,,
2018-06-21,19968086,7.33,7.58,7.21,7.27,-0.31,-4.09,8.57,147867083.04,,,129.3968,2.0598,2.1163,9.3918,2802515520.61,,,,,,,
2018-06-22,14355279,7.16,7.39,6.81,7.37,0.1,1.38,6.1,102984715.84,,,131.1767,2.0882,2.1454,9.521,2841064564.91,,,,,,,
2018-06-25,11297788,7.46,7.53,7.08,7.09,-0.28,-3.8,4.82,81511954.22,,,126.193,2.0088,2.0639,9.1593,2733127240.87,,,,,,,
2018-06-26,9673740,6.88,7.02,6.55,6.95,-0.14,-1.97,4.14,66225250.4,,,123.7012,1.9692,2.0232,8.9784,2679158578.85,,,,,,,
2018-06-27,10006707,6.95,7.08,6.5,6.5,-0.45,-6.47,4.18,67574330.36,,,115.6918,1.8417,1.8922,8.3971,2505687879.5,,,,,,,
2018-06-28,12681720,6.33,6.48,5.85,5.89,-0.61,-9.38,5.44,77684984.4,,,104.8345,1.6688,1.7146,7.6091,2270538709.27,,,,,,,
2018-06-29,6980500,5.81,6.19,5.81,6.11,0.22,3.74,2.98,42298546,,,108.7503,1.7312,1.7786,7.8933,2355346606.73,,,,,,,
2018-07-02,14308974,5.87,6.72,5.87,6.72,0.61,9.98,6.12,94085809.88,,,37.397,1.899,1.8376,20.8438,2590495776.96,,,,,,,
2018-07-03,26188198,6.95,7.25,6.73,7.09,0.37,5.51,11.25,183826256.2,,,39.4561,2.0036,1.9388,21.9914,2733127240.87,,,,,,,
2018-07-04,23565729,7.02,7.45,6.87,7.14,0.05,0.71,10.14,168951554.8,,,39.7343,2.0177,1.9524,22.1465,2752401763.02,,,,,,,
2018-07-05,14598947,6.9,7.29,6.8,6.89,-0.25,-3.5,6.15,102807271.08,,,38.3431,1.9471,1.8841,21.3711,2656029152.27,,,,,,,
2018-07-06,20687551,7.12,7.38,7.01,7.2,0.31,4.5,8.81,148713454,,,40.0682,2.0347,1.9688,22.3326,2775531189.6,,,,,,,
2018-07-09,17446440,7.11,7.3,6.88,7.26,0.06,0.83,7.39,124039750.2,,,40.4021,2.0516,1.9852,22.5187,2798660616.18,,,,,,,
2018-07-10,13083381,7.14,7.27,7.03,7.25,-0.01,-0.14,5.43,93752748.1,,,40.3465,2.0488,1.9825,22.4877,2794805711.75,,,,,,,
2018-07-11,14338303,7.01,7.12,6.53,6.85,-0.4,-5.52,6.15,98498506.68,,,38.1205,1.9358,1.8731,21.247,2640609534.55,,,,,,,
2018-07-12,11345640,6.75,7.04,6.75,7.02,0.17,2.48,4.85,78897982.04,,,39.0665,1.9838,1.9196,21.7743,2706142909.86,,,,,,,
2018-07-13,11361406,6.95,6.96,6.54,6.68,-0.34,-4.84,4.9,76564936.42,,,37.1744,1.8877,1.8266,20.7197,2575076159.24,,,,,,,
2018-07-16,5908534,6.67,6.67,6.42,6.57,-0.11,-1.65,2.51,38689969.4,,,36.5623,1.8567,1.7966,20.3785,2532672210.51,,,,,,,
2018-07-17,15084664,6.57,7.23,6.57,7.23,0.66,10.05,6.59,108329810.72,,,40.2352,2.0432,1.977,22.4257,2787095902.89,,,,,,,
2018-07-18,33133987,7.95,7.95,7.51,7.95,0.72,9.96,14.43,259499602.65,,,44.242,2.2466,2.1739,24.659,3064649021.85,,,,,,,
2018-07-19,51177659,7.72,8.75,7.63,8.17,0.22,2.77,22.09,414833253.7,,,45.4663,2.3088,2.2341,25.3413,3149456919.31,,,,,,,
2018-07-20,34933889,7.95,8.28,7.57,7.65,-0.52,-6.36,14.82,274610159.21,,,42.5725,2.1619,2.0919,23.7284,2949001888.95,,,,,,,
2018-07-23,25240116,7.34,7.51,7.11,7.35,-0.3,-3.92,10.32,185027908.79,,,40.903,2.0771,2.0099,22.7979,2833354756.05,,,,,,,
2018-07-24,20451767,7.33,7.68,7.28,7.41,0.06,0.82,8.53,153106604.64,,,41.2369,2.094,2.0263,22.984,2856484182.63,,,,,,,
2018-07-25,14789232,7.3,7.6,7.22,7.43,0.02,0.27,6.1,109534134.44,,,41.3482,2.0997,2.0317,23.046,2864193991.49,,,,,,,
2018-07-26,33333605,7.33,8.17,7.33,7.91,0.48,6.46,13.94,260658277.78,,,44.0194,2.2353,2.163,24.5349,3049229404.13,,,,,,,
2018-07-27,27178584,7.71,8.19,7.54,8.01,0.1,1.26,11.26,214478674.34,,,44.5759,2.2636,2.1903,24.8451,3087778448.43,,,,,,,
2018-07-30,23248052,7.82,8.27,7.76,7.9,-0.11,-1.37,9.65,186825661.42,,,43.9638,2.2325,2.1602,24.5039,3045374499.7,,,,,,,
2018-07-31,16151500,7.97,8.06,7.49,7.65,-0.25,-3.16,6.71,125059042.69,,,42.5725,2.1619,2.0919,23.7284,2949001888.95,,,,,,,
2018-08-01,8907458,7.61,7.79,7.5,7.66,0.01,0.13,3.57,67722441.8,,,42.6282,2.1647,2.0946,23.7594,2952856793.38,,,,,,,
2018-08-02,2946200,6.89,6.89,6.89,6.89,-0.77,-10.05,1.24,20299318,,,38.3431,1.9471,1.8841,21.3711,2656029152.27,,,,,,,
2018-08-03,24829522,6.2,6.6,6.2,6.21,-0.68,-9.87,10.4,156698586.51,,,34.5589,1.7549,1.6981,19.2619,2393895651.03,,,,,,,
2018-08-06,9910664,6.24,6.5,6.21,6.29,0.08,1.29,4.13,62508076.07,,,35.0041,1.7775,1.72,19.51,2424734886.47,,,,,,,
2018-08-07,9233641,6.28,6.37,5.83,6.2,-0.09,-1.43,3.83,56126943.61,,,34.5032,1.7521,1.6954,19.2309,2390040746.6,,,,,,,
2018-08-08,12688883,6.03,6.14,5.91,5.96,-0.24,-3.87,5.26,75800493.7,,,33.1676,1.6843,1.6298,18.4865,2297523040.28,,,,,,,
2018-08-09,7137664,5.93,6.13,5.84,6.07,0.11,1.85,2.94,43175385.8,,,33.7798,1.7154,1.6598,18.8277,2339926989.01,,,,,,,
2018-08-10,9064724,6.09,6.6,6.02,6.33,0.26,4.28,3.77,57308336.44,,,35.2267,1.7888,1.7309,19.6341,2440154504.19,,,,,,,
2018-08-13,5562062,5.93,6.26,5.93,6.22,-0.11,-1.74,2.3,34266015.24,,,34.6145,1.7577,1.7009,19.2929,2397750555.46,,,,,,,
2018-08-14,6055401,6.27,6.45,6.22,6.33,0.11,1.77,2.52,38304637.3,,,35.2267,1.7888,1.7309,19.6341,2440154504.19,,,,,,,
2018-08-15,4807004,6.3,6.38,6.01,6.09,-0.24,-3.79,1.99,29787498.84,,,33.8911,1.721,1.6653,18.8897,2347636797.87,,,,,,,
2018-08-16,3738101,6,6.19,5.73,6.03,-0.06,-0.99,1.53,22472263.01,,,33.5572,1.7041,1.6489,18.7036,2324507371.29,,,,,,,
2018-08-17,2869362,6.2,6.31,5.92,5.99,-0.04,-0.66,1.19,17450357.62,,,33.3346,1.6927,1.638,18.5795,2309087753.57,,,,,,,
2018-08-20,2685100,6.09,6.09,5.79,5.93,-0.06,-1,1.11,15878474,,,33.0007,1.6758,1.6216,18.3934,2285958326.99,,,,,,,
2018-08-21,2934000,5.92,6.03,5.92,6.03,0.1,1.69,1.21,17543312.97,,,33.5572,1.7041,1.6489,18.7036,2324507371.29,,,,,,,
2018-08-22,2218409,6,6.07,5.86,5.86,-0.17,-2.82,0.91,13184717.36,,,32.6111,1.656,1.6024,18.1763,2258973995.98,,,,,,,
2018-08-23,2755600,5.84,6.02,5.79,5.82,-0.04,-0.68,1.13,16242094,,,32.3885,1.6447,1.5915,18.0522,2243554378.26,,,,,,,
2018-08-24,2572510,5.82,5.89,5.73,5.75,-0.07,-1.2,1.03,14936787.87,,,31.9989,1.6249,1.5723,17.8351,2216570047.25,,,,,,,
2018-08-27,2888341,5.77,5.92,5.75,5.92,0.17,2.96,1.19,16874049.7,,,32.945,1.673,1.6188,18.3624,2282103422.56,,,,,,,
2018-08-28,3311140,5.97,5.97,5.74,5.78,-0.14,-2.36,1.37,19303698,,,32.1659,1.6334,1.5805,17.9281,2228134760.54,,,,,,,
2018-08-29,2664800,5.67,5.88,5.65,5.83,0.05,0.87,1.11,15454572.98,,,32.4441,1.6475,1.5942,18.0832,2247409282.69,,,,,,,
2018-08-30,2941860,5.86,5.86,5.56,5.63,-0.2,-3.43,1.2,16770906.4,,,31.3311,1.591,1.5395,17.4629,2170311194.09,,,,,,,
2018-08-31,1873600,5.63,5.71,5.57,5.63,0,0,0.78,10586360,,,31.3311,1.591,1.5395,17.4629,2170311194.09,,,,,,,
2018-09-03,14174925,5.53,5.56,5.07,5.37,-0.26,-4.62,5.95,73247492.55,,,29.8842,1.5175,1.4684,16.6564,2070083678.91,,,,,,,
2018-09-04,6016365,5.25,5.48,5.13,5.32,-0.05,-0.93,2.52,31796363.85,,,29.606,1.5034,1.4547,16.5013,2050809156.76,,,,,,,
2018-09-05,4802819,5.32,5.49,5.26,5.32,0,0,2,25863682.97,,,29.606,1.5034,1.4547,16.5013,2050809156.76,,,,,,,
2018-09-06,6443085,5.29,5.85,5.28,5.85,0.53,9.96,2.72,37388525.05,,,32.5554,1.6532,1.5997,18.1453,2255119091.55,,,,,,,
2018-09-07,12659464,5.87,6.07,5.71,5.75,-0.1,-1.71,5.31,74464945.24,,,31.9989,1.6249,1.5723,17.8351,2216570047.25,,,,,,,
2018-09-10,6281001,5.77,5.78,5.43,5.46,-0.29,-5.04,2.63,34818418.44,,,30.3851,1.543,1.493,16.9356,2104777818.78,,,,,,,
2018-09-11,5317400,5.42,5.65,5.36,5.52,0.06,1.1,2.17,29274502,,,30.719,1.5599,1.5094,17.1217,2127907245.36,,,,,,,
2018-09-12,4532426,5.52,5.74,5.44,5.55,0.03,0.54,1.89,25352499.64,,,30.8859,1.5684,1.5176,17.2147,2139471958.65,,,,,,,
2018-09-13,6674528,5.56,5.99,5.49,5.72,0.17,3.06,2.76,37907499.64,,,31.832,1.6164,1.5641,17.742,2205005333.96,,,,,,,
2018-09-14,6212416,5.71,5.95,5.6,5.68,-0.04,-0.7,2.58,35808955.4,,,31.6094,1.6051,1.5532,17.618,2189585716.24,,,,,,,
2018-09-17,5147704,5.52,5.67,5.35,5.36,-0.32,-5.63,2.14,27938385.72,,,29.8286,1.5147,1.4657,16.6254,2066228774.48,,,,,,,
2018-09-18,3618148,5.32,5.56,5.32,5.51,0.15,2.8,1.49,19805476.9,,,30.6633,1.5571,1.5067,17.0907,2124052340.93,,,,,,,
2018-09-19,10351133,5.57,6.06,5.46,6.06,0.55,9.98,4.37,60454718.9,,,33.7241,1.7125,1.6571,18.7966,2336072084.58,,,,,,,
2018-09-20,11726887,6.07,6.16,5.9,5.99,-0.07,-1.16,4.87,70601255.11,,,33.3346,1.6927,1.638,18.5795,2309087753.57,,,,,,,
2018-09-21,7755958,5.96,6.05,5.84,5.99,0,0,3.2,46107257.3,,,33.3346,1.6927,1.638,18.5795,2309087753.57,,,,,,,
2018-09-25,4533646,5.94,6.01,5.88,5.93,-0.06,-1,1.87,26913078.45,,,33.0007,1.6758,1.6216,18.3934,2285958326.99,,,,,,,
2018-09-26,4236387,5.93,5.96,5.84,5.88,-0.05,-0.84,1.75,24942671.59,,,32.7224,1.6617,1.6079,18.2383,2266683804.84,,,,,,,
2018-09-27,3607000,5.84,5.89,5.68,5.7,-0.18,-3.06,1.46,20847209,,,31.7207,1.6108,1.5587,17.68,2197295525.1,,,,,,,
2018-09-28,3371583,5.75,5.85,5.69,5.78,0.08,1.4,1.37,19398641.91,,,32.1659,1.6334,1.5805,17.9281,2228134760.54,,,,,,,
2018-10-08,3774281,5.6,5.7,5.52,5.55,-0.23,-3.98,1.57,21172474.6,,,31.7151,1.5723,1.6019,22.2864,2139471958.65,,,,,,,
2018-10-09,2491200,5.66,5.66,5.48,5.5,-0.05,-0.9,1.04,13874907,,,31.4294,1.5581,1.5875,22.0856,2120197436.5,,,,,,,
2018-10-10,9099180,5.56,6.05,5.52,5.76,0.26,4.73,3.81,53507481.64,,,32.9151,1.6318,1.6625,23.1297,2220424951.68,,,,,,,
2018-10-11,7118905,5.35,5.47,5.33,5.47,-0.29,-5.03,2.96,38369870.38,,,31.2579,1.5496,1.5788,21.9652,2108632723.21,,,,,,,
2018-10-12,3799025,5.4,5.44,4.93,5.09,-0.38,-6.95,1.55,19836837.75,,,29.0865,1.442,1.4691,20.4392,1962146354.87,,,,,,,
2018-10-15,2686702,5.27,5.35,4.96,5.01,-0.08,-1.57,1.1,13778971.26,,,28.6293,1.4193,1.446,20.118,1931307119.43,,,,,,,
2018-10-16,10340064,5.03,5.19,4.51,4.63,-0.38,-7.58,4.35,47947168.64,,,26.4578,1.3116,1.3364,18.5921,1784820751.09,,,,,,,
2018-10-17,15810791,4.63,5.03,4.58,4.99,0.36,7.78,6.63,76125797.2,,,28.515,1.4136,1.4403,20.0377,1923597310.57,,,,,,,
2018-10-18,12887057,5.19,5.4,4.78,5.4,0.41,8.22,4.7,66048431.01,,,30.8579,1.5298,1.5586,21.6841,2081648392.2,,,,,,,
2018-10-19,6844004,5.05,5.33,5.04,5.17,-0.23,-4.26,2.83,35477696.4,,,29.5436,1.4646,1.4922,20.7605,1992985590.31,,,,,,,
2018-10-22,6669100,5.16,5.45,5.11,5.38,0.21,4.06,2.73,35450932.76,,,30.7436,1.5241,1.5528,21.6037,2073938583.34,,,,,,,
2018-10-23,7082279,5.33,5.55,5.29,5.29,-0.09,-1.67,2.94,38385671.96,,,30.2293,1.4986,1.5269,21.2423,2039244443.47,,,,,,,
2018-10-24,4520035,5.25,5.38,5.21,5.27,-0.02,-0.38,1.89,23841400.5,,,30.1151,1.4929,1.5211,21.162,2031534634.61,,,,,,,
2018-10-25,5330867,5.22,5.38,5.15,5.33,0.06,1.14,2.22,27890783.34,,,30.4579,1.5099,1.5384,21.403,2054664061.19,,,,,,,
2018-10-26,3770402,5.32,5.39,5.25,5.28,-0.05,-0.94,1.53,19993453.5,,,30.1722,1.4958,1.524,21.2022,2035389539.04,,,,,,,
2018-10-29,1469806,5.26,5.33,5.23,5.26,-0.02,-0.38,0.6,7721224.44,,,30.0579,1.4901,1.5182,21.1219,2027679730.18,,,,,,,
2018-10-30,3793908,5.26,5.36,5.24,5.25,-0.01,-0.19,1.57,20155025.32,,,30.0008,1.4873,1.5153,21.0817,2023824825.75,,,,,,,
2018-10-31,4519600,5.28,5.34,5.27,5.27,0.02,0.38,1.89,23955602.78,,,30.1151,1.4929,1.5211,21.162,2031534634.61,,,,,,,
2018-11-01,10049460,5.28,5.46,5.25,5.4,0.13,2.47,4.19,53492034.72,,,30.8579,1.5298,1.5586,21.6841,2081648392.2,,,,,,,
2018-11-02,9079972,5.35,5.47,5.26,5.38,-0.02,-0.37,3.79,48536826.98,,,30.7436,1.5241,1.5528,21.6037,2073938583.34,,,,,,,
2018-11-05,6491864,5.34,5.35,5.26,5.32,-0.06,-1.12,2.64,34372424.28,,,30.4008,1.5071,1.5355,21.3628,2050809156.76,,,,,,,
2018-11-06,5398600,5.3,5.34,5.05,5.16,-0.16,-3.01,2.24,27935840.8,,,29.4865,1.4618,1.4893,20.7203,1989130685.88,,,,,,,
2018-11-07,4514529,5.17,5.2,5.09,5.15,-0.01,-0.19,1.74,23172498.18,,,29.4293,1.4589,1.4865,20.6802,1985275781.45,,,,,,,
2018-11-08,3088400,5.15,5.19,5.09,5.14,-0.01,-0.19,1.28,15864509,,,29.3722,1.4561,1.4836,20.64,1981420877.02,,,,,,,
2018-11-09,2569800,5.1,5.19,5.1,5.11,-0.03,-0.58,1.07,13179363,,,29.2007,1.4476,1.4749,20.5195,1969856163.73,,,,,,,
2018-11-12,7091534,5.1,5.31,5.1,5.31,0.2,3.91,2.96,37258672.08,,,30.3436,1.5043,1.5326,21.3227,2046954252.33,,,,,,,
2018-11-13,9636546,5.31,5.48,5.24,5.42,0.11,2.07,4.02,51705080.22,,,30.9722,1.5354,1.5644,21.7644,2089358201.06,,,,,,,
2018-11-14,16483182,5.4,5.69,5.29,5.59,0.17,3.14,6.83,90292001.1,,,31.9437,1.5836,1.6135,22.447,2154891576.37,,,,,,,
2018-11-15,12296795,5.47,5.55,5.42,5.54,-0.05,-0.89,5.03,67366421.06,,,31.6579,1.5694,1.599,22.2462,2135617054.22,,,,,,,
2018-11-16,12268777,5.51,5.69,5.39,5.54,0,0,5.05,67666061.74,,,31.6579,1.5694,1.599,22.2462,2135617054.22,,,,,,,
2018-11-19,9544947,5.62,5.66,5.36,5.51,-0.03,-0.54,3.97,52090865.58,,,31.4865,1.5609,1.5904,22.1258,2124052340.93,,,,,,,
2018-11-20,6980932,5.42,5.49,5.36,5.4,-0.11,-2,2.92,37851918.4,,,30.8579,1.5298,1.5586,21.6841,2081648392.2,,,,,,,
2018-11-21,5945963,5.35,5.46,5.25,5.44,0.04,0.74,2.43,31955284.16,,,31.0865,1.5411,1.5702,21.8447,2097068009.92,,,,,,,
2018-11-22,10834000,5.47,5.58,5.42,5.49,0.05,0.92,4.46,59742479,,,31.3722,1.5553,1.5846,22.0455,2116342532.07,,,,,,,
2018-11-23,11112728,5.47,5.49,4.95,5.1,-0.39,-7.1,4.62,58024151.52,,,29.1436,1.4448,1.472,20.4794,1966001259.3,,,,,,,
2018-11-26,4136186,5.08,5.27,5.07,5.1,0,0,1.71,21251632.5,,,29.1436,1.4448,1.472,20.4794,1966001259.3,,,,,,,
2018-11-27,6283704,5.15,5.17,5.03,5.08,-0.02,-0.39,2.62,31979517.44,,,29.0293,1.4391,1.4663,20.3991,1958291450.44,,,,,,,
2018-11-28,5342700,5.08,5.16,5.06,5.14,0.06,1.18,2.24,27312911,,,29.3722,1.4561,1.4836,20.64,1981420877.02,,,,,,,
2018-11-29,11046306,5.16,5.27,5.1,5.13,-0.01,-0.19,4.63,57032439.6,,,29.315,1.4533,1.4807,20.5999,1977565972.59,,,,,,,
2018-11-30,5240556,5.1,5.18,5.05,5.13,0,0,2.18,26779312.4,,,29.315,1.4533,1.4807,20.5999,1977565972.59,,,,,,,
2018-12-03,5012400,5.23,5.36,5.17,5.27,0.14,2.73,2.1,26346283,,,30.1151,1.4929,1.5211,21.162,2031534634.61,,,,,,,
2018-12-04,4129400,5.26,5.3,5.19,5.26,-0.01,-0.19,1.72,21613814,,,30.0579,1.4901,1.5182,21.1219,2027679730.18,,,,,,,
2018-12-05,3614679,5.16,5.25,5.13,5.2,-0.06,-1.14,1.51,18753599.64,,,29.715,1.4731,1.5009,20.8809,2004550303.6,,,,,,,
2018-12-06,3354770,5.17,5.19,5.1,5.1,-0.1,-1.92,1.39,17199336.7,,,29.1436,1.4448,1.472,20.4794,1966001259.3,,,,,,,
2018-12-07,1801376,5.13,5.15,5.09,5.11,0.01,0.2,0.75,9226364.78,,,29.2007,1.4476,1.4749,20.5195,1969856163.73,,,,,,,
2018-12-10,2365495,5.08,5.17,5.07,5.1,-0.01,-0.2,0.99,12077837.3,,,29.1436,1.4448,1.472,20.4794,1966001259.3,,,,,,,
2018-12-11,3554029,5.1,5.13,5.08,5.12,0.02,0.39,1.47,18149906.9,,,29.2579,1.4505,1.4778,20.5597,1973711068.16,,,,,,,
2018-12-12,3008376,5.12,5.13,5.05,5.06,-0.06,-1.17,1.25,15276677.16,,,28.915,1.4335,1.4605,20.3188,1950581641.58,,,,,,,
2018-12-13,3724200,5.08,5.15,5,5.13,0.07,1.38,1.55,18977065.71,,,29.315,1.4533,1.4807,20.5999,1977565972.59,,,,,,,
2018-12-14,8765102,5.14,5.45,5.11,5.19,0.06,1.17,3.63,46234475.27,,,29.6579,1.4703,1.498,20.8408,2000695399.17,,,,,,,
2018-12-17,8126749,5.19,5.4,5.15,5.37,0.18,3.47,3.38,43009581.22,,,30.6865,1.5213,1.55,21.5636,2070083678.91,,,,,,,
2018-12-18,6346050,5.3,5.41,5.19,5.35,-0.02,-0.37,2.62,33839153.26,,,30.5722,1.5156,1.5442,21.4833,2062373870.05,,,,,,,
2018-12-19,4979254,5.34,5.54,5.26,5.26,-0.09,-1.68,2.06,26701257.34,,,30.0579,1.4901,1.5182,21.1219,2027679730.18,,,,,,,
2018-12-20,4409800,5.24,5.35,5.11,5.29,0.03,0.57,1.82,23294780.37,,,30.2293,1.4986,1.5269,21.2423,2039244443.47,,,,,,,
2018-12-21,3035902,5.28,5.36,5.21,5.27,-0.02,-0.38,1.24,16002292.26,,,30.1151,1.4929,1.5211,21.162,2031534634.61,,,,,,,
2018-12-24,2131300,5.3,5.3,5.21,5.23,-0.04,-0.76,0.86,11176092,,,29.8865,1.4816,1.5095,21.0014,2016115016.89,,,,,,,
2018-12-25,6302556,5.19,5.21,4.84,5.1,-0.13,-2.49,2.63,31804946.96,,,29.1436,1.4448,1.472,20.4794,1966001259.3,,,,,,,
2018-12-26,2488401,5.2,5.25,5.12,5.19,0.09,1.76,1.04,12888279.16,,,29.6579,1.4703,1.498,20.8408,2000695399.17,,,,,,,
2018-12-27,9047825,5.29,5.42,5.23,5.3,0.11,2.12,3.8,48222880.75,,,30.2865,1.5014,1.5298,21.2825,2043099347.9,,,,,,,
2018-12-28,5201900,5.35,5.45,5.22,5.37,0.07,1.32,2.15,27635983.87,,,30.6865,1.5213,1.55,21.5636,2070083678.91,,,,,,,
2019-01-02,3081384,5.42,5.42,5.25,5.39,0.02,0.37,1.24,16416135,,,-4.8393,2.1392,2.6419,96.1556,2077793487.77,,,,,,,
2019-01-03,8121932,5.4,5.53,5.32,5.48,0.09,1.67,3.39,44202258,,,-4.9201,2.1749,2.686,97.7612,2112487627.64,,,,,,,
2019-01-04,4475910,5.43,5.47,5.25,5.42,-0.06,-1.09,1.86,24164443,,,-4.8662,2.1511,2.6566,96.6908,2089358201.06,,,,,,,
2019-01-07,8722810,5.43,5.47,5.31,5.31,-0.11,-2.03,3.57,46624368,,,-4.7675,2.1074,2.6026,94.7284,2046954252.33,,,,,,,
2019-01-08,15270139,5.31,5.69,5.29,5.59,0.28,5.27,6.32,83524613,,,-5.0189,2.2186,2.7399,99.7235,2154891576.37,,,,,,,
2019-01-09,12603427,5.51,5.56,5.4,5.48,-0.11,-1.97,5.27,68778276,,,-4.9201,2.1749,2.686,97.7612,2112487627.64,,,,,,,
2019-01-10,7539875,5.43,5.54,5.41,5.5,0.02,0.36,3.15,41401848,,,-4.9381,2.1829,2.6958,98.118,2120197436.5,,,,,,,
2019-01-11,4107134,5.48,5.51,5.32,5.41,-0.09,-1.64,1.7,22128070,,,-4.8572,2.1471,2.6517,96.5124,2085503296.63,,,,,,,
2019-01-14,3530904,5.41,5.46,5.35,5.4,-0.01,-0.18,1.48,19090938,,,-4.8483,2.1432,2.6468,96.334,2081648392.2,,,,,,,
2019-01-15,2765300,5.38,5.43,5.35,5.42,0.02,0.37,1.15,14910242,,,-4.8662,2.1511,2.6566,96.6908,2089358201.06,,,,,,,
2019-01-16,3020584,5.41,5.42,5.29,5.32,-0.1,-1.85,1.25,16131965,,,-4.7764,2.1114,2.6075,94.9068,2050809156.76,,,,,,,
2019-01-17,2943710,5.3,5.33,5.21,5.21,-0.11,-2.07,1.18,15512783,,,-4.6777,2.0678,2.5536,92.9445,2008405208.03,,,,,,,
2019-01-18,2781504,5.24,5.33,5.15,5.32,0.11,2.11,1.15,14559835,,,-4.7764,2.1114,2.6075,94.9068,2050809156.76,,,,,,,
2019-01-21,3574006,5.3,5.4,5.26,5.36,0.04,0.75,1.48,19103676,,,-4.8124,2.1273,2.6271,95.6204,2066228774.48,,,,,,,
2019-01-22,1426400,5.34,5.36,5.26,5.27,-0.09,-1.68,0.59,7568824,,,-4.7316,2.0916,2.583,94.0149,2031534634.61,,,,,,,
2019-01-23,2344004,5.27,5.32,5.25,5.26,-0.01,-0.19,0.98,12379757,,,-4.7226,2.0876,2.5781,93.8365,2027679730.18,,,,,,,
2019-01-24,8583044,5.23,5.41,5.22,5.38,0.12,2.28,3.61,46028439,,,-4.8303,2.1352,2.6369,95.9772,2073938583.34,,,,,,,
2019-01-25,5843802,5.37,5.4,5.16,5.2,-0.18,-3.35,2.46,30914734,,,-4.6687,2.0638,2.5487,92.7661,2004550303.6,,,,,,,
2019-01-28,12800246,5.72,5.72,5.35,5.43,0.23,4.42,5.32,71147455,,,-4.8752,2.1551,2.6615,96.8692,2093213105.49,,,,,,,
2019-01-29,23967266,5.97,5.97,5.56,5.67,0.24,4.42,10.05,139310671,,,-5.0907,2.2503,2.7791,101.1507,2185730811.81,,,,,,,
2019-01-30,18544776,5.13,5.3,5.1,5.1,-0.57,-10.05,7.8,94842616,,,-4.5789,2.0241,2.4997,90.9821,1966001259.3,,,,,,,
2019-01-31,10874742,4.59,4.72,4.59,4.59,-0.51,-10,4.59,50144508,,,-4.121,1.8217,2.2497,81.8839,1769401133.37,,,,,,,
2019-02-01,11606282,4.8,5.05,4.75,5.05,0.46,10.02,4.89,57451946,,,-4.534,2.0043,2.4752,90.0901,1946726737.15,,,,,,,
2019-02-11,9116938,5.14,5.17,4.82,5.08,0.03,0.59,3.8,45845163,,,-4.561,2.0162,2.4899,90.6253,1958291450.44,,,,,,,
2019-02-12,7008338,5.22,5.3,5.04,5.25,0.17,3.35,2.89,36230012,,,-4.7136,2.0836,2.5732,93.6581,2023824825.75,,,,,,,
2019-02-13,5082578,5.26,5.39,5.19,5.33,0.08,1.52,2.08,26981014,,,-4.7854,2.1154,2.6124,95.0852,2054664061.19,,,,,,,
2019-02-14,4194200,5.33,5.4,5.25,5.36,0.03,0.56,1.75,22283197,,,-4.8124,2.1273,2.6271,95.6204,2066228774.48,,,,,,,
2019-02-15,4076998,5.31,5.55,5.31,5.36,0,0,1.69,22169731,,,-4.8124,2.1273,2.6271,95.6204,2066228774.48,,,,,,,
2019-02-18,6607282,5.38,5.54,5.35,5.52,0.16,2.99,2.74,36074836,,,-4.956,2.1908,2.7056,98.4748,2127907245.36,,,,,,,
2019-02-19,4982639,5.51,5.52,5.41,5.45,-0.07,-1.27,2.08,27151059,,,-4.8932,2.163,2.6713,97.226,2100922914.35,,,,,,,
2019-02-20,10312697,5.46,5.68,5.37,5.66,0.21,3.85,4.71,56942525,,,-5.0817,2.2464,2.7742,100.9723,2181875907.38,,,,,,,
2019-02-21,6349318,5.66,5.69,5.52,5.58,-0.08,-1.41,2.9,35512118,,,-5.0099,2.2146,2.735,99.5451,2151036671.94,,,,,,,
2019-02-22,7186320,5.64,5.74,5.5,5.7,0.12,2.15,3.24,40362903,,,-5.1176,2.2622,2.7938,101.6859,2197295525.1,,,,,,,
2019-02-25,12289953,5.66,6.15,5.65,6,0.3,5.26,5.63,72435993,,,-5.387,2.3813,2.9408,107.0378,2312942658,,,,,,,
2019-02-26,5984375,6.01,6.07,5.81,5.89,-0.11,-1.83,2.73,35512440,,,-5.2882,2.3376,2.8869,105.0754,2270538709.27,,,,,,,
2019-02-27,4205193,5.89,5.95,5.7,5.79,-0.1,-1.7,1.93,24632871,,,-5.1984,2.298,2.8379,103.2915,2231989664.97,,,,,,,
2019-02-28,3460513,5.78,5.92,5.76,5.84,0.05,0.86,1.59,20245702,,,-5.2433,2.3178,2.8624,104.1835,2251264187.12,,,,,,,
2019-03-01,4558646,5.89,5.96,5.82,5.95,0.11,1.88,2.05,26955934,,,-5.3421,2.3615,2.9163,106.1458,2293668135.85,,,,,,,
2019-03-04,7293317,5.97,6.23,5.92,6,0.05,0.84,3.35,44465336,,,-5.387,2.3813,2.9408,107.0378,2312942658,,,,,,,
2019-03-05,4701659,6,6.14,5.95,6.11,0.11,1.83,2.15,28477647,,,-5.4857,2.425,2.9948,109.0002,2355346606.73,,,,,,,
2019-03-06,8776350,6.23,6.25,6.02,6.19,0.08,1.31,4,54134177,,,-5.5576,2.4567,3.034,110.4273,2386185842.17,,,,,,,
2019-03-07,9978751,6.21,6.8,6.13,6.51,0.32,5.17,4.61,63718894,,,-5.8449,2.5837,3.1908,116.136,2509542783.93,,,,,,,
2019-03-08,7398843,6.33,6.4,6.06,6.09,-0.42,-6.45,3.4,46140735,,,-5.4678,2.417,2.9849,108.6434,2347636797.87,,,,,,,
2019-03-11,5603504,6.04,6.44,6.04,6.4,0.31,5.09,2.55,35103681,,,-5.7461,2.5401,3.1369,114.1736,2467138835.2,,,,,,,
2019-03-12,8058084,6.4,6.56,6.32,6.41,0.01,0.16,3.71,51694683,,,-5.7551,2.544,3.1418,114.352,2470993739.63,,,,,,,
2019-03-13,10124284,6.43,6.8,6.43,6.61,0.2,3.12,4.66,67414778,,,-5.9346,2.6234,3.2398,117.92,2548091828.23,,,,,,,
2019-03-14,6529486,6.65,6.74,6.24,6.33,-0.28,-4.24,3.01,42082556,,,-5.6832,2.5123,3.1026,112.9249,2440154504.19,,,,,,,
2019-03-15,4526924,6.47,6.58,6.26,6.39,0.06,0.95,2.08,28878999,,,-5.7371,2.5361,3.132,113.9953,2463283930.77,,,,,,,
2019-03-18,3869087,6.39,6.45,6.3,6.4,0.01,0.16,1.75,24724100,,,-5.7461,2.5401,3.1369,114.1736,2467138835.2,,,,,,,
2019-03-19,2843009,6.4,6.45,6.37,6.43,0.03,0.47,1.28,18216812,,,-5.773,2.552,3.1516,114.7088,2478703548.49,,,,,,,
2019-03-20,4352717,6.49,6.49,6.21,6.42,-0.01,-0.16,2,27570313,,,-5.7641,2.548,3.1467,114.5304,2474848644.06,,,,,,,
2019-03-21,19811027,6.43,7.06,6.43,7.06,0.64,9.97,9.16,138056617,,,-6.3387,2.802,3.4604,125.9478,2721562527.58,,,,,,,
2019-03-22,20609819,6.8,7.36,6.62,7.17,0.11,1.56,9.48,141948917,,,-6.4374,2.8457,3.5143,127.9102,2763966476.31,,,,,,,
2019-03-25,7474591,6.9,7.1,6.81,7.08,-0.09,-1.26,3.39,52366848,,,-6.3566,2.8099,3.4702,126.3046,2729272336.44,,,,,,,
2019-03-26,13807160,7.09,7.3,7,7.2,0.12,1.69,6.27,98532557,,,-6.4644,2.8576,3.529,128.4454,2775531189.6,,,,,,,
2019-03-27,5114076,7.26,7.26,6.85,6.97,-0.23,-3.19,2.35,35783404,,,-6.2579,2.7663,3.4163,124.3422,2686868387.71,,,,,,,
2019-03-28,3700218,6.97,6.97,6.62,6.68,-0.29,-4.16,1.68,24982221,,,-5.9975,2.6512,3.2741,119.1687,2575076159.24,,,,,,,
2019-03-29,3985060,6.78,6.8,6.48,6.74,0.06,0.9,1.8,26518960,,,-6.0514,2.675,3.3035,120.2391,2598205585.82,,,,,,,
2019-04-01,4436313,6.7,7,6.61,7,0.26,3.86,1.95,30617955,,,-6.5545,2.8267,2.8434,-48.1389,2698433101,,,,,,,
2019-04-02,4530985,7.03,7.09,6.78,6.78,-0.22,-3.14,2.01,31288523,,,-6.3485,2.7379,2.754,-46.626,2613625203.54,,,,,,,
2019-04-03,7493480,6.74,7.08,6.65,6.99,0.21,3.1,3.42,51910665,,,-6.5451,2.8227,2.8393,-48.0701,2694578196.57,,,,,,,
2019-04-04,3411956,6.95,7.02,6.85,6.85,-0.14,-2,1.55,23646928,,,-6.414,2.7661,2.7824,-47.1074,2640609534.55,,,,,,,
2019-04-08,3436076,6.86,6.95,6.74,6.81,-0.04,-0.58,1.58,23576349,,,-6.3766,2.75,2.7662,-46.8323,2625189916.83,,,,,,,
2019-04-09,2317277,6.73,6.88,6.7,6.84,0.03,0.44,1.05,15771299,,,-6.4047,2.7621,2.7784,-47.0386,2636754630.12,,,,,,,
2019-04-10,3657365,6.79,6.83,6.62,6.78,-0.06,-0.88,1.69,24648381,,,-6.3485,2.7379,2.754,-46.626,2613625203.54,,,,,,,
2019-04-11,4788401,6.82,6.82,6.58,6.67,-0.11,-1.62,2.21,31976948,,,-6.2455,2.6935,2.7093,-45.8695,2571221254.81,,,,,,,
2019-04-12,1977175,6.64,6.75,6.63,6.7,0.03,0.45,0.91,13223819,,,-6.2736,2.7056,2.7215,-46.0758,2582785968.1,,,,,,,
2019-04-15,2746841,6.86,6.87,6.68,6.7,0,0,1.26,18614329,,,-6.2736,2.7056,2.7215,-46.0758,2582785968.1,,,,,,,
2019-04-16,2287387,6.69,6.83,6.66,6.82,0.12,1.79,1.05,15484158,,,-6.3859,2.754,2.7703,-46.901,2629044821.26,,,,,,,
2019-04-17,5247325,6.79,7.04,6.76,6.94,0.12,1.76,2.39,36627629,,,-6.4983,2.8025,2.819,-47.7263,2675303674.42,,,,,,,
2019-04-18,9917320,6.94,7.44,6.94,7.24,0.3,4.32,4.57,72153882,,,-6.7792,2.9236,2.9409,-49.7894,2790950807.32,,,,,,,
2019-04-19,5839299,7.11,7.36,7.11,7.29,0.05,0.69,2.66,42513636,,,-6.826,2.9438,2.9612,-50.1332,2810225329.47,,,,,,,
2019-04-22,6153496,7.25,7.3,7.1,7.12,-0.17,-2.33,2.84,44310721,,,-6.6669,2.8752,2.8921,-48.9641,2744691954.16,,,,,,,
2019-04-23,5977610,7.25,7.25,6.81,6.85,-0.27,-3.79,2.73,41870716,,,-6.414,2.7661,2.7824,-47.1074,2640609534.55,,,,,,,
2019-04-24,4704751,6.95,7.21,6.88,6.94,0.09,1.31,2.16,32969301,,,-6.4983,2.8025,2.819,-47.7263,2675303674.42,,,,,,,
2019-04-25,7082547,6.94,7.14,6.8,6.94,0,0,3.26,49579717,,,-6.4983,2.8025,2.819,-47.7263,2675303674.42,,,,,,,
2019-04-26,5794853,6.95,7.22,6.31,7.16,0.22,3.17,2.65,40802355,,,-6.7043,2.8913,2.9084,-49.2392,2760111571.88,,,,,,,
2019-04-29,10927476,7.17,7.68,7.17,7.33,0.17,2.37,5,80779578,,,-6.8635,2.96,2.9774,-50.4083,2825644947.19,,,,,,,
2019-04-30,9184140,7.33,7.62,7.33,7.41,0.08,1.09,4.22,68571449,,,-6.9384,2.9923,3.0099,-50.9585,2856484182.63,,,,,,,
2019-05-06,10091073,7.1,7.42,6.67,6.79,-0.62,-8.37,4.64,69565789,,,-6.3579,2.7419,2.7581,-46.6947,2617480107.97,,,,,,,
2019-05-07,5413717,6.88,6.89,6.51,6.72,-0.07,-1.03,2.49,36265459,,,-6.2923,2.7136,2.7296,-46.2133,2590495776.96,,,,,,,
2019-05-08,4185114,6.68,6.71,6.48,6.51,-0.21,-3.13,1.91,27523132,,,-6.0957,2.6288,2.6443,-44.7692,2509542783.93,,,,,,,
2019-05-09,5612758,6.47,6.56,6.34,6.43,-0.08,-1.23,2.59,36202512,,,-6.0208,2.5965,2.6118,-44.219,2478703548.49,,,,,,,
2019-05-10,5644058,6.47,6.66,6.21,6.55,0.12,1.87,2.6,36812028,,,-6.1331,2.645,2.6606,-45.0443,2524962401.65,,,,,,,
2019-05-13,3330762,6.48,6.57,6.36,6.4,-0.15,-2.29,1.52,21472416,,,-5.9927,2.5844,2.5997,-44.0127,2467138835.2,,,,,,,
2019-05-14,1679691,6.4,6.43,6.3,6.34,-0.06,-0.94,0.76,10701476,,,-5.9365,2.5602,2.5753,-43.6001,2444009408.62,,,,,,,
2019-05-15,3910621,6.35,6.6,6.35,6.46,0.12,1.89,1.78,25375117,,,-6.0489,2.6087,2.624,-44.4253,2490268261.78,,,,,,,
2019-05-16,2955335,6.5,6.75,6.41,6.62,0.16,2.48,1.36,19366366,,,-6.1987,2.6733,2.689,-45.5256,2551946732.66,,,,,,,
2019-05-17,2491393,6.55,6.66,6.37,6.49,-0.13,-1.96,1.13,16123233,,,-6.077,2.6208,2.6362,-44.6316,2501832975.07,,,,,,,
2019-05-20,2072011,6.48,6.48,6.19,6.3,-0.19,-2.93,0.95,13004084,,,-5.899,2.544,2.559,-43.325,2428589790.9,,,,,,,
2019-05-21,1255264,6.28,6.35,6.26,6.3,0,0,0.55,7914634,,,-5.899,2.544,2.559,-43.325,2428589790.9,,,,,,,
2019-05-22,715338,6.31,6.35,6.26,6.28,-0.02,-0.32,0.32,4500602,,,-5.8803,2.536,2.5509,-43.1875,2420879982.04,,,,,,,
2019-05-23,1173832,6.29,6.34,6.15,6.23,-0.05,-0.8,0.51,7289004,,,-5.8335,2.5158,2.5306,-42.8436,2401605459.89,,,,,,,
2019-05-24,2653816,6.27,6.52,6.14,6.28,0.05,0.8,1.18,16670787,,,-5.8803,2.536,2.5509,-43.1875,2420879982.04,,,,,,,
2019-05-27,2967784,6.25,6.44,5.91,6.29,0.01,0.16,1.33,18580003,,,-5.8897,2.54,2.555,-43.2562,2424734886.47,,,,,,,
2019-05-28,3685612,6.28,6.35,6.16,6.16,-0.13,-2.07,1.68,23014967,,,-5.768,2.4875,2.5022,-42.3622,2374621128.88,,,,,,,
2019-05-29,2262973,6.25,6.25,6.02,6.04,-0.12,-1.95,1.02,13788970,,,-5.6556,2.439,2.4534,-41.537,2328362275.72,,,,,,,
2019-05-30,7689768,6.08,6.28,5.6,6.13,0.09,1.49,3.52,46064692,,,-5.7399,2.4754,2.49,-42.1559,2363056415.59,,,,,,,
2019-05-31,3902864,6.07,6.37,6.07,6.21,0.08,1.31,1.8,24398560,,,-5.8148,2.5077,2.5225,-42.7061,2393895651.03,,,,,,,
2019-06-03,2414266,6.34,6.34,6.17,6.2,-0.01,-0.16,1.12,15039575,,,-5.8054,2.5037,2.5184,-42.6373,2390040746.6,,,,,,,
2019-06-04,1461550,6.17,6.24,6,6.12,-0.08,-1.29,0.61,8913939,,,-5.7305,2.4714,2.4859,-42.0872,2359201511.16,,,,,,,
2019-06-05,1699823,6.13,6.19,5.99,6,-0.12,-1.96,0.78,10282186,,,-5.6181,2.4229,2.4372,-41.2619,2312942658,,,,,,,
2019-06-06,3314971,5.99,5.99,5.58,5.58,-0.42,-7,1.51,19104374,,,-5.2249,2.2533,2.2666,-38.3736,2151036671.94,,,,,,,
2019-06-10,1613933,5.59,5.95,5.59,5.94,0.36,6.45,0.72,9266999,,,-5.562,2.3987,2.4128,-40.8493,2289813231.42,,,,,,,
2019-06-11,9987560,6.53,6.53,6.23,6.24,0.3,5.05,4.59,63731631,,,-5.8429,2.5198,2.5347,-42.9124,2405460364.32,,,,,,,
2019-06-12,7516217,6.12,6.37,6.02,6.04,-0.2,-3.21,3.37,46309854,,,-5.6556,2.439,2.4534,-41.537,2328362275.72,,,,,,,
2019-06-13,8586771,6.01,6.06,5.82,5.85,-0.19,-3.15,3.93,50961266,,,-5.4777,2.3623,2.3763,-40.2304,2255119091.55,,,,,,,
2019-06-14,6001969,5.84,5.92,5.62,5.66,-0.19,-3.25,2.76,34533056,,,-5.2998,2.2856,2.2991,-38.9237,2181875907.38,,,,,,,
2019-06-17,6185554,5.61,6.05,5.6,5.99,0.33,5.83,2.79,36166971,,,-5.6088,2.4189,2.4331,-41.1931,2309087753.57,,,,,,,
2019-06-18,6242885,5.99,6.19,5.91,6.14,0.15,2.5,2.86,38151610,,,-5.7492,2.4794,2.494,-42.2247,2366911320.02,,,,,,,
2019-06-19,5283072,6.24,6.28,6.07,6.09,-0.05,-0.81,2.44,32479114,,,-5.7024,2.4592,2.4737,-41.8808,2347636797.87,,,,,,,
2019-06-20,5125194,6.1,6.28,6.05,6.16,0.07,1.15,2.34,31621532,,,-5.768,2.4875,2.5022,-42.3622,2374621128.88,,,,,,,
2019-06-21,10346994,6.78,6.78,6.78,6.78,0.62,10.06,4.79,70152619,,,-6.3485,2.7379,2.754,-46.626,2613625203.54,,,,,,,
2019-06-24,23159848,6.9,7.38,6.45,6.96,0.18,2.65,10.67,157544677,,,-6.517,2.8106,2.8271,-47.8638,2683013483.28,,,,,,,
2019-06-25,11644182,6.66,6.87,6.56,6.6,-0.36,-5.17,5.3,77816267,,,-6.18,2.6652,2.6809,-45.3881,2544236923.8,,,,,,,
2019-06-26,5617054,6.56,6.69,6.4,6.47,-0.13,-1.97,2.6,36711477,,,-6.0582,2.6127,2.6281,-44.4941,2494123166.21,,,,,,,
2019-06-27,12400943,6.47,6.87,6.44,6.87,0.4,6.18,5.55,83398211,,,-6.4328,2.7742,2.7906,-47.2449,2648319343.41,,,,,,,
2019-06-28,11345722,6.8,7.18,6.63,6.91,0.04,0.58,5.22,77913793,,,-6.4702,2.7904,2.8068,-47.52,2663738961.13,,,,,,,
2019-07-01,12802984,7.03,7.18,6.78,6.88,-0.03,-0.43,5.82,88587878,,,-4.9263,3.1886,2.0178,45.911,2652174247.84,,,,,,,
2019-07-02,5560528,6.81,6.98,6.73,6.78,-0.1,-1.45,2.5,38196876,,,-4.8547,3.1423,1.9885,45.2437,2613625203.54,,,,,,,
2019-07-03,6058330,6.79,6.97,6.71,6.84,0.06,0.88,2.81,41383820,,,-4.8977,3.1701,2.0061,45.6441,2636754630.12,,,,,,,
2019-07-04,8959364,6.83,7.09,6.83,6.96,0.12,1.75,4.1,62377372,,,-4.9836,3.2257,2.0413,46.4449,2683013483.28,,,,,,,
2019-07-05,6178810,6.91,6.97,6.66,6.71,-0.25,-3.59,2.86,41669740,,,-4.8046,3.1099,1.968,44.7766,2586640872.53,,,,,,,
2019-07-08,5647750,6.73,6.73,6.3,6.45,-0.26,-3.87,2.62,36528361,,,-4.6184,2.9894,1.8917,43.0416,2486413357.35,,,,,,,
2019-07-09,2599192,6.41,6.58,6.35,6.44,-0.01,-0.16,1.2,16835532,,,-4.6113,2.9847,1.8888,42.9749,2482558452.92,,,,,,,
2019-07-10,4359418,6.44,6.66,6.42,6.51,0.07,1.09,2.02,28465419,,,-4.6614,3.0172,1.9093,43.442,2509542783.93,,,,,,,
2019-07-11,3239490,6.58,6.66,6.45,6.52,0.01,0.15,1.48,21261961,,,-4.6685,3.0218,1.9122,43.5087,2513397688.36,,,,,,,
2019-07-12,2085270,6.59,6.6,6.42,6.44,-0.08,-1.23,0.97,13541937,,,-4.6113,2.9847,1.8888,42.9749,2482558452.92,,,,,,,
2019-07-15,4154971,6.38,6.66,6.26,6.57,0.13,2.02,1.9,26846492,,,-4.7043,3.045,1.9269,43.8424,2532672210.51,,,,,,,
2019-07-16,2234328,6.52,6.65,6.5,6.57,0,0,1.04,14752533,,,-4.7043,3.045,1.9269,43.8424,2532672210.51,,,,,,,
2019-07-17,3202657,6.51,6.71,6.42,6.68,0.11,1.67,1.48,21281524,,,-4.7831,3.096,1.9592,44.5764,2575076159.24,,,,,,,
2019-07-18,2946582,6.65,6.73,6.53,6.67,-0.01,-0.15,1.35,19561319,,,-4.776,3.0913,1.9562,44.5097,2571221254.81,,,,,,,
2019-07-19,3037750,6.68,6.74,6.62,6.73,0.06,0.9,1.38,20306260,,,-4.8189,3.1191,1.9738,44.9101,2594350681.39,,,,,,,
2019-07-22,4761208,6.74,6.74,6.24,6.24,-0.49,-7.28,2.21,30644358,,,-4.4681,2.892,1.8301,41.6402,2405460364.32,,,,,,,
2019-07-23,2670740,6.2,6.49,6.18,6.39,0.15,2.4,1.24,16958271,,,-4.5755,2.9615,1.8741,42.6412,2463283930.77,,,,,,,
2019-07-24,3312494,6.45,6.55,6.36,6.5,0.11,1.72,1.07,21532772,,,-4.6542,3.0125,1.9064,43.3752,2505687879.5,,,,,,,
2019-07-25,2693798,6.59,6.6,6.48,6.58,0.08,1.23,0.86,17627793,,,-4.7115,3.0496,1.9298,43.9091,2536527114.94,,,,,,,
2019-07-26,4210610,6.63,6.63,6.45,6.49,-0.09,-1.37,1.36,27498933,,,-4.6471,3.0079,1.9034,43.3085,2501832975.07,,,,,,,
2019-07-29,2321524,6.47,6.57,6.39,6.43,-0.06,-0.92,0.75,15013207,,,-4.6041,2.9801,1.8858,42.9081,2478703548.49,,,,,,,
2019-07-30,2988250,6.43,6.47,6.3,6.34,-0.09,-1.4,0.96,19079808,,,-4.5397,2.9384,1.8594,42.3075,2444009408.62,,,,,,,
2019-07-31,3407245,6.35,6.36,6.11,6.13,-0.21,-3.31,1.1,21088279,,,-4.3893,2.841,1.7979,40.9062,2363056415.59,,,,,,,
2019-08-01,2039289,6.1,6.19,6.07,6.13,0,0,0.66,12491751,,,-4.3893,2.841,1.7979,40.9062,2363056415.59,,,,,,,
2019-08-02,4114653,6.07,6.07,5.89,5.96,-0.17,-2.77,1.33,24653917,,,-4.2676,2.7623,1.748,39.7718,2297523040.28,,,,,,,
2019-08-05,2190083,5.92,5.95,5.78,5.8,-0.16,-2.68,0.71,12811745,,,-4.153,2.6881,1.7011,38.7041,2235844569.4,,,,,,,
2019-08-06,8670384,5.65,5.75,5.27,5.5,-0.3,-5.17,2.79,47683631,,,-3.9382,2.5491,1.6131,36.7021,2120197436.5,,,,,,,
2019-08-07,3784213,5.6,5.65,5.48,5.64,0.14,2.55,1.22,21098447,,,-4.0384,2.6139,1.6541,37.6364,2174166098.52,,,,,,,
2019-08-08,2478860,5.75,5.75,5.56,5.69,0.05,0.89,0.8,13996937,,,-4.0742,2.6371,1.6688,37.97,2193440620.67,,,,,,,
2019-08-09,2154148,5.69,5.69,5.53,5.54,-0.15,-2.64,0.69,12050115,,,-3.9668,2.5676,1.6248,36.9691,2135617054.22,,,,,,,
2019-08-12,2208205,5.49,5.78,5.49,5.77,0.23,4.15,0.71,12548704,,,-4.1315,2.6742,1.6923,38.5039,2224279856.11,,,,,,,
2019-08-13,2451928,5.75,5.77,5.58,5.65,-0.12,-2.08,0.79,13884163,,,-4.0456,2.6186,1.6571,37.7031,2178021002.95,,,,,,,
2019-08-14,1938821,5.65,5.82,5.65,5.75,0.1,1.77,0.62,11141001,,,-4.1172,2.6649,1.6864,38.3704,2216570047.25,,,,,,,
2019-08-15,1463922,5.62,5.67,5.52,5.65,-0.1,-1.74,0.47,8213414,,,-4.0456,2.6186,1.6571,37.7031,2178021002.95,,,,,,,
2019-08-16,2963938,5.66,5.89,5.65,5.71,0.06,1.06,0.95,16991912,,,-4.0886,2.6464,1.6747,38.1035,2201150429.53,,,,,,,
2019-08-19,2049354,5.73,5.82,5.68,5.8,0.09,1.58,0.66,11819556,,,-4.153,2.6881,1.7011,38.7041,2235844569.4,,,,,,,
2019-08-20,4046408,5.95,5.95,5.82,5.86,0.06,1.03,1.3,23781897,,,-4.196,2.7159,1.7187,39.1044,2258973995.98,,,,,,,
2019-08-21,2231775,5.85,5.85,5.69,5.72,-0.14,-2.39,0.72,12826560,,,-4.0957,2.651,1.6776,38.1702,2205005333.96,,,,,,,
2019-08-22,1717487,5.69,5.73,5.63,5.68,-0.04,-0.7,0.55,9735115,,,-4.0671,2.6325,1.6659,37.9033,2189585716.24,,,,,,,
2019-08-23,2099026,5.68,5.85,5.63,5.74,0.06,1.06,0.68,12086574,,,-4.11,2.6603,1.6835,38.3037,2212715142.82,,,,,,,
2019-08-26,2005832,5.63,5.69,5.56,5.6,-0.14,-2.44,0.65,11237006,,,-4.0098,2.5954,1.6424,37.3694,2158746480.8,,,,,,,
2019-08-27,1419901,5.64,5.72,5.6,5.65,0.05,0.89,0.46,8037363,,,-4.0456,2.6186,1.6571,37.7031,2178021002.95,,,,,,,
2019-08-28,1700085,5.65,5.65,5.55,5.63,-0.02,-0.35,0.55,9516802,,,-4.0313,2.6093,1.6512,37.5696,2170311194.09,,,,,,,
2019-08-29,3167965,5.63,5.82,5.55,5.71,0.08,1.42,1.02,18014654,,,-4.0886,2.6464,1.6747,38.1035,2201150429.53,,,,,,,
2019-08-30,1913587,5.71,5.74,5.57,5.63,-0.08,-1.4,0.62,10821261,,,-4.0313,2.6093,1.6512,37.5696,2170311194.09,,,,,,,
2019-09-02,1510851,5.67,5.71,5.56,5.69,0.06,1.07,0.49,8567083,,,-4.0742,2.6371,1.6688,37.97,2193440620.67,,,,,,,
2019-09-03,1070847,5.66,5.75,5.64,5.66,-0.03,-0.53,0.34,6080360,,,-4.0528,2.6232,1.66,37.7698,2181875907.38,,,,,,,
2019-09-04,2894255,5.66,5.72,5.63,5.72,0.06,1.06,0.93,16464102,,,-4.0957,2.651,1.6776,38.1702,2205005333.96,,,,,,,
2019-09-05,3215970,5.72,5.85,5.68,5.79,0.07,1.22,1.04,18622396,,,-4.1458,2.6835,1.6981,38.6373,2231989664.97,,,,,,,
2019-09-06,2540839,5.79,5.81,5.7,5.76,-0.03,-0.52,0.82,14577490,,,-4.1244,2.6696,1.6893,38.4371,2220424951.68,,,,,,,
2019-09-09,3360952,5.77,5.87,5.73,5.85,0.09,1.56,1.08,19561123,,,-4.1888,2.7113,1.7157,39.0377,2255119091.55,,,,,,,
2019-09-10,2436831,5.88,5.88,5.78,5.83,-0.02,-0.34,0.78,14186135,,,-4.1745,2.702,1.7099,38.9043,2247409282.69,,,,,,,
2019-09-11,6500697,5.86,6.17,5.81,6.07,0.24,4.12,2.09,39068705,,,-4.3463,2.8132,1.7803,40.5058,2339926989.01,,,,,,,
2019-09-12,3328767,6.07,6.11,5.95,6.08,0.01,0.16,1.07,20057970,,,-4.3535,2.8179,1.7832,40.5725,2343781893.44,,,,,,,
2019-09-16,3199270,6.06,6.28,6,6.21,0.13,2.14,1.03,19716703,,,-4.4466,2.8781,1.8213,41.44,2393895651.03,,,,,,,
2019-09-17,4128842,6.18,6.33,6.11,6.14,-0.07,-1.13,1.33,25581415,,,-4.3965,2.8457,1.8008,40.9729,2366911320.02,,,,,,,
2019-09-18,1985673,6.12,6.18,6.05,6.06,-0.08,-1.3,0.64,12125414,,,-4.3392,2.8086,1.7773,40.4391,2336072084.58,,,,,,,
2019-09-19,2076177,6.09,6.19,6.02,6.16,0.1,1.65,0.67,12728911,,,-4.4108,2.855,1.8067,41.1064,2374621128.88,,,,,,,
2019-09-20,1849242,6.13,6.18,6.06,6.1,-0.06,-0.97,0.6,11310492,,,-4.3678,2.8271,1.7891,40.706,2351491702.3,,,,,,,
2019-09-23,2068848,6.06,6.22,6.02,6.19,0.09,1.48,0.67,12683550,,,-4.4323,2.8689,1.8155,41.3066,2386185842.17,,,,,,,
2019-09-24,2617034,6.19,6.22,6.08,6.12,-0.07,-1.13,0.84,16080411,,,-4.3821,2.8364,1.7949,40.8395,2359201511.16,,,,,,,
2019-09-25,2524425,6.17,6.26,6.15,6.16,0.04,0.65,0.81,15648072,,,-4.4108,2.855,1.8067,41.1064,2374621128.88,,,,,,,
2019-09-26,2775496,6.2,6.26,6,6.01,-0.15,-2.44,0.89,16920092,,,-4.3034,2.7854,1.7627,40.1054,2316797562.43,,,,,,,
2019-09-27,1854172,6,6.03,5.87,5.87,-0.14,-2.33,0.6,11045960,,,-4.2031,2.7205,1.7216,39.1712,2262828900.41,,,,,,,
2019-09-30,1213959,5.87,5.94,5.82,5.9,0.03,0.51,0.39,7146131,,,-4.8783,2.5974,0.967,-37.5007,2274393613.7,,,,,,,
2019-10-08,1140838,5.88,6.01,5.88,5.97,0.07,1.19,0.37,6774067,,,-4.9361,2.6282,0.9785,-37.9457,2301377944.71,,,,,,,
2019-10-09,942297,5.96,5.99,5.85,5.96,-0.01,-0.17,0.3,5608132,,,-4.9279,2.6238,0.9768,-37.8821,2297523040.28,,,,,,,
2019-10-10,726905,5.98,6.08,5.95,5.96,0,0,0.23,4355259,,,-4.9279,2.6238,0.9768,-37.8821,2297523040.28,,,,,,,
2019-10-11,993879,6.01,6.01,5.88,5.92,-0.04,-0.67,0.32,5881149,,,-4.8948,2.6062,0.9703,-37.6279,2282103422.56,,,,,,,
2019-10-14,2418424,5.94,6.25,5.93,6.05,0.13,2.2,0.78,14727169,,,-5.0023,2.6634,0.9916,-38.4541,2332217180.15,,,,,,,
2019-10-15,1193760,5.98,6.04,5.91,5.94,-0.11,-1.82,0.38,7108589,,,-4.9113,2.615,0.9736,-37.755,2289813231.42,,,,,,,
2019-10-16,1125861,5.92,6,5.9,5.93,-0.01,-0.17,0.36,6702249,,,-4.9031,2.6106,0.9719,-37.6914,2285958326.99,,,,,,,
2019-10-17,1580667,5.94,5.97,5.77,5.84,-0.09,-1.52,0.51,9242338,,,-4.8287,2.5709,0.9572,-37.1194,2251264187.12,,,,,,,
2019-10-18,1560805,5.91,5.92,5.65,5.68,-0.16,-2.74,0.5,8955201,,,-4.6964,2.5005,0.931,-36.1024,2189585716.24,,,,,,,
2019-10-21,3729937,5.73,6.05,5.73,5.96,0.28,4.93,1.2,21798401,,,-4.9279,2.6238,0.9768,-37.8821,2297523040.28,,,,,,,
2019-10-22,2836638,5.94,6.15,5.8,6.06,0.1,1.68,0.91,17034126,,,-5.0106,2.6678,0.9932,-38.5177,2336072084.58,,,,,,,
2019-10-23,2093602,6.04,6.15,5.99,6.07,0.01,0.17,0.67,12740156,,,-5.0188,2.6722,0.9949,-38.5813,2339926989.01,,,,,,,
2019-10-24,2771134,6.13,6.21,6.06,6.16,0.09,1.48,0.89,17064529,,,-5.0932,2.7118,1.0096,-39.1533,2374621128.88,,,,,,,
2019-10-25,5332086,6.1,6.45,6.1,6.28,0.12,1.95,1.72,33760763,,,-5.1925,2.7646,1.0293,-39.916,2420879982.04,,,,,,,
2019-10-28,3595843,6.2,6.41,6.2,6.3,0.02,0.32,1.16,22729076,,,-5.209,2.7735,1.0326,-40.0432,2428589790.9,,,,,,,
2019-10-29,3896874,6.3,6.43,6.26,6.38,0.08,1.27,1.26,24854318,,,-5.2751,2.8087,1.0457,-40.5516,2459429026.34,,,,,,,
2019-10-30,3213193,6.36,6.36,6.17,6.26,-0.12,-1.88,1.04,20037871,,,-5.1759,2.7558,1.026,-39.7889,2413170173.18,,,,,,,
2019-10-31,7840850,6.27,6.55,6.26,6.46,0.2,3.19,2.53,50514710,,,-5.3413,2.8439,1.0588,-41.0601,2490268261.78,,,,,,,
2019-11-01,6388966,6.45,6.84,6.41,6.68,0.22,3.41,2.06,42437593,,,-5.5232,2.9407,1.0949,-42.4585,2575076159.24,,,,,,,
2019-11-04,4818645,6.7,6.8,6.6,6.72,0.04,0.6,1.55,32449061,,,-5.5563,2.9584,1.1014,-42.7127,2590495776.96,,,,,,,
2019-11-05,2919778,6.72,6.9,6.63,6.68,-0.04,-0.6,0.94,19523719,,,-5.5232,2.9407,1.0949,-42.4585,2575076159.24,,,,,,,
2019-11-06,3676118,6.66,6.75,6.56,6.63,-0.05,-0.75,1.18,24369869,,,-5.4818,2.9187,1.0867,-42.1407,2555801637.09,,,,,,,
2019-11-07,2978763,6.6,6.66,6.54,6.66,0.03,0.45,0.96,19726341,,,-5.5067,2.9319,1.0916,-42.3313,2567366350.38,,,,,,,
2019-11-08,2005819,6.67,6.7,6.54,6.61,-0.05,-0.75,0.65,13238363,,,-5.4653,2.9099,1.0834,-42.0135,2548091828.23,,,,,,,
2019-11-11,2404408,6.48,6.62,6.48,6.62,0.01,0.15,0.77,15802971,,,-5.4736,2.9143,1.085,-42.0771,2551946732.66,,,,,,,
2019-11-12,2392127,6.57,6.66,6.5,6.6,-0.02,-0.3,0.77,15715839,,,-5.457,2.9055,1.0817,-41.95,2544236923.8,,,,,,,
2019-11-13,1638564,6.65,6.65,6.54,6.63,0.03,0.45,0.53,10819206,,,-5.4818,2.9187,1.0867,-42.1407,2555801637.09,,,,,,,
2019-11-14,1540020,6.56,6.67,6.56,6.63,0,0,0.5,10201840,,,-5.4818,2.9187,1.0867,-42.1407,2555801637.09,,,,,,,
2019-11-15,1946486,6.63,6.66,6.51,6.51,-0.12,-1.81,0.63,12775325,,,-5.3826,2.8659,1.067,-41.3779,2509542783.93,,,,,,,
2019-11-18,3397963,6.53,6.7,6.48,6.7,0.19,2.92,1.09,22471240,,,-5.5397,2.9495,1.0981,-42.5856,2582785968.1,,,,,,,
2019-11-19,4412192,6.8,6.89,6.62,6.66,-0.04,-0.6,1.42,29591060,,,-5.5067,2.9319,1.0916,-42.3313,2567366350.38,,,,,,,
2019-11-20,2790715,6.58,6.64,6.46,6.6,-0.06,-0.9,0.9,18301020,,,-5.457,2.9055,1.0817,-41.95,2544236923.8,,,,,,,
2019-11-21,1895544,6.56,6.68,6.56,6.59,-0.01,-0.15,0.61,12541847,,,-5.4488,2.9011,1.0801,-41.8864,2540382019.37,,,,,,,
2019-11-22,4842457,6.65,6.9,6.42,6.67,0.08,1.21,1.56,31974009,,,-5.5149,2.9363,1.0932,-42.3949,2571221254.81,,,,,,,
2019-11-25,4367487,6.78,6.78,6.36,6.52,-0.15,-2.25,1.41,28394566,,,-5.3909,2.8703,1.0686,-41.4415,2513397688.36,,,,,,,
2019-11-26,5361444,6.45,6.57,6.36,6.48,-0.04,-0.61,1.73,34596674,,,-5.3578,2.8527,1.0621,-41.1873,2497978070.64,,,,,,,
2019-11-27,2878507,6.55,6.55,6.35,6.45,-0.03,-0.46,0.93,18389999,,,-5.333,2.8395,1.0572,-40.9966,2486413357.35,,,,,,,
2019-11-28,3036613,6.43,6.5,6.26,6.5,0.05,0.78,0.98,19390185,,,-5.3744,2.8615,1.0654,-41.3144,2505687879.5,,,,,,,
2019-11-29,1571780,6.5,6.53,6.42,6.5,0,0,0.51,10189658,,,-5.3744,2.8615,1.0654,-41.3144,2505687879.5,,,,,,,
2019-12-02,1992501,6.51,6.53,6.4,6.4,-0.1,-1.54,0.64,12845241,,,-5.2917,2.8175,1.049,-40.6788,2467138835.2,,,,,,,
2019-12-03,1347276,6.4,6.41,6.31,6.35,-0.05,-0.78,0.43,8552001,,,-5.2503,2.7955,1.0408,-40.361,2447864313.05,,,,,,,
2019-12-04,1112605,6.35,6.48,6.31,6.42,0.07,1.1,0.36,7128042,,,-5.3082,2.8263,1.0522,-40.8059,2474848644.06,,,,,,,
2019-12-05,2353832,6.45,6.56,6.38,6.54,0.12,1.87,0.76,15236282,,,-5.4074,2.8791,1.0719,-41.5686,2521107497.22,,,,,,,
2019-12-06,2988772,6.54,6.66,6.5,6.62,0.08,1.22,0.94,19744186,,,-5.4736,2.9143,1.085,-42.0771,2551946732.66,,,,,,,
2019-12-09,3288526,6.62,6.75,6.61,6.74,0.12,1.81,1.06,21999308,,,-5.5728,2.9672,1.1047,-42.8398,2598205585.82,,,,,,,
2019-12-10,5444886,6.74,7.25,6.6,6.81,0.07,1.04,1.75,37182487,,,-5.6307,2.998,1.1162,-43.2848,2625189916.83,,,,,,,
2019-12-11,2377178,6.8,6.84,6.59,6.59,-0.22,-3.23,0.77,15828930,,,-5.4488,2.9011,1.0801,-41.8864,2540382019.37,,,,,,,
2019-12-12,1615610,6.62,6.62,6.41,6.44,-0.15,-2.28,0.52,10480713,,,-5.3247,2.8351,1.0555,-40.933,2482558452.92,,,,,,,
2019-12-13,2587139,6.45,6.73,6.45,6.59,0.15,2.33,0.82,17156103,,,-5.4488,2.9011,1.0801,-41.8864,2540382019.37,,,,,,,
2019-12-16,2269724,6.59,6.69,6.5,6.67,0.08,1.21,0.72,15017610,,,-5.5149,2.9363,1.0932,-42.3949,2571221254.81,,,,,,,
2019-12-17,2150854,6.58,6.75,6.58,6.71,0.04,0.6,0.68,14400475,,,-5.548,2.9539,1.0998,-42.6491,2586640872.53,,,,,,,
2019-12-18,1198433,6.69,6.74,6.67,6.7,-0.01,-0.15,0.36,8029275,,,-5.5397,2.9495,1.0981,-42.5856,2582785968.1,,,,,,,
2019-12-19,1754115,6.81,6.81,6.67,6.7,0,0,0.55,11784570,,,-5.5397,2.9495,1.0981,-42.5856,2582785968.1,,,,,,,
2019-12-20,3061622,6.73,6.88,6.69,6.73,0.03,0.45,0.97,20757431,,,-5.5645,2.9628,1.103,-42.7763,2594350681.39,,,,,,,
2019-12-23,1593213,6.75,6.75,6.54,6.54,-0.19,-2.82,0.5,10547827,,,-5.4074,2.8791,1.0719,-41.5686,2521107497.22,,,,,,,
2019-12-24,3691922,6.94,6.94,6.63,6.72,0.18,2.75,1.18,24949841,,,-5.5563,2.9584,1.1014,-42.7127,2590495776.96,,,,,,,
2019-12-25,2771422,6.72,6.72,6.44,6.58,-0.14,-2.08,0.88,18180472,,,-5.4405,2.8967,1.0785,-41.8229,2536527114.94,,,,,,,
2019-12-26,1526431,6.58,6.58,6.42,6.49,-0.09,-1.37,0.48,9892275,,,-5.3661,2.8571,1.0637,-41.2508,2501832975.07,,,,,,,
2019-12-27,1488791,6.51,6.54,6.42,6.47,-0.02,-0.31,0.47,9633716,,,-5.3496,2.8483,1.0604,-41.1237,2494123166.21,,,,,,,
2019-12-30,2875342,6.47,6.59,6.18,6.53,0.06,0.93,0.9,18422221,,,-5.3992,2.8747,1.0703,-41.5051,2517252592.79,,,,,,,
2019-12-31,2123846,6.53,6.68,6.5,6.65,0.12,1.84,0.66,14002720,,,-127.375,2.7032,1.7371,13.0975,2563511445.95,,,,,,,
2020-01-02,2462321,6.69,6.72,6.41,6.65,0,0,0.77,16317556,,,-127.375,2.7032,1.7371,13.0975,2563511445.95,,,,,,,
2020-01-03,1611896,6.65,6.66,6.53,6.61,-0.04,-0.6,0.5,10648848,,,-126.6089,2.6869,1.7267,13.0187,2548091828.23,,,,,,,
2020-01-06,1808282,6.61,6.63,6.53,6.63,0.02,0.3,0.56,11928667,,,-126.9919,2.6951,1.7319,13.0581,2555801637.09,,,,,,,
2020-01-07,2947444,6.63,6.81,6.63,6.72,0.09,1.36,0.91,19853775,,,-128.7158,2.7316,1.7554,13.2354,2590495776.96,,,,,,,
2020-01-08,1682053,6.75,6.75,6.63,6.64,-0.08,-1.19,0.52,11241808,,,-127.1835,2.6991,1.7345,13.0778,2559656541.52,,,,,,,
2020-01-09,3382712,6.64,6.85,6.64,6.85,0.21,3.16,1.05,22931140,,,-131.2059,2.7845,1.7893,13.4914,2640609534.55,,,,,,,
2020-01-10,1987655,6.86,6.87,6.75,6.81,-0.04,-0.58,0.62,13538888,,,-130.4397,2.7682,1.7789,13.4126,2625189916.83,,,,,,,
2020-01-13,5298877,6.8,7.07,6.8,7.03,0.22,3.23,1.65,36929539,,,-134.6536,2.8577,1.8364,13.8459,2709997814.29,,,,,,,
2020-01-14,6426355,7.1,7.27,6.83,6.84,-0.19,-2.7,2.02,44947755,,,-131.0143,2.7804,1.7867,13.4717,2636754630.12,,,,,,,
2020-01-15,2600877,6.83,6.88,6.65,6.82,-0.02,-0.29,0.82,17616642,,,-130.6312,2.7723,1.7815,13.4323,2629044821.26,,,,,,,
2020-01-16,4571612,6.78,6.81,6.49,6.5,-0.32,-4.69,1.44,30135276,,,-124.5019,2.6422,1.6979,12.8021,2505687879.5,,,,,,,
2020-01-17,2945492,6.55,6.55,6.36,6.41,-0.09,-1.38,0.92,18862794,,,-122.778,2.6056,1.6744,12.6248,2470993739.63,,,,,,,
2020-01-20,1725077,6.43,6.52,6.36,6.47,0.06,0.94,0.54,11118253,,,-123.9273,2.63,1.6901,12.743,2494123166.21,,,,,,,
2020-01-21,1489245,6.51,6.58,6.4,6.41,-0.06,-0.93,0.47,9652788,,,-122.778,2.6056,1.6744,12.6248,2470993739.63,,,,,,,
2020-01-22,1419398,6.39,6.44,6.27,6.39,-0.02,-0.31,0.44,9009493,,,-122.395,2.5975,1.6692,12.5854,2463283930.77,,,,,,,
2020-01-23,1994315,6.39,6.55,6.29,6.35,-0.04,-0.63,0.63,12817537,,,-121.6288,2.5812,1.6587,12.5066,2447864313.05,,,,,,,
2020-02-03,3161549,5.72,5.95,5.72,5.74,-0.61,-9.61,0.98,18134326,,,-109.9448,2.3333,1.4994,11.3052,2212715142.82,,,,,,,
2020-02-04,5294136,5.72,6.09,5.67,5.99,0.25,4.36,1.67,31007725,,,-114.7333,2.4349,1.5647,11.7976,2309087753.57,,,,,,,
2020-02-05,3412901,5.99,6.04,5.91,5.99,0,0,1.07,20418032,,,-114.7333,2.4349,1.5647,11.7976,2309087753.57,,,,,,,
2020-02-06,3170965,5.95,6.11,5.85,6.07,0.08,1.34,1,18984075,,,-116.2656,2.4674,1.5856,11.9552,2339926989.01,,,,,,,
2020-02-07,3906970,6.03,6.33,6.01,6.33,0.26,4.28,1.19,24068320,,,-121.2457,2.5731,1.6535,12.4672,2440154504.19,,,,,,,
2020-02-10,2544108,6.3,6.41,6.2,6.26,-0.07,-1.11,0.8,15968296,,,-119.9049,2.5447,1.6352,12.3294,2413170173.18,,,,,,,
2020-02-11,1957226,6.27,6.27,6.16,6.22,-0.04,-0.64,0.62,12144768,,,-119.1388,2.5284,1.6248,12.2506,2397750555.46,,,,,,,
2020-02-12,2065099,6.16,6.25,6.16,6.22,0,0,0.65,12811694,,,-119.1388,2.5284,1.6248,12.2506,2397750555.46,,,,,,,
2020-02-13,2568498,6.26,6.28,6.18,6.23,0.01,0.16,0.8,15969806,,,-119.3303,2.5325,1.6274,12.2703,2401605459.89,,,,,,,
2020-02-14,2021915,6.22,6.23,6.11,6.13,-0.1,-1.61,0.63,12468716,,,-117.4149,2.4918,1.6013,12.0733,2363056415.59,,,,,,,
2020-02-17,1760767,6.18,6.32,6.13,6.29,0.16,2.61,0.56,11014471,,,-120.4795,2.5568,1.6431,12.3885,2424734886.47,,,,,,,
2020-02-18,2445991,6.29,6.32,6.17,6.3,0.01,0.16,0.77,15335271,,,-120.6711,2.5609,1.6457,12.4082,2428589790.9,,,,,,,
2020-02-19,5128489,6.67,6.75,6.48,6.5,0.2,3.17,1.58,33843487,,,-124.5019,2.6422,1.6979,12.8021,2505687879.5,,,,,,,
2020-02-20,2576786,6.5,6.56,6.43,6.56,0.06,0.92,0.81,16779177,,,-125.6512,2.6666,1.7136,12.9202,2528817306.08,,,,,,,
2020-02-21,2988096,6.48,6.59,6.44,6.52,-0.04,-0.61,0.94,19434796,,,-124.885,2.6503,1.7031,12.8415,2513397688.36,,,,,,,
2020-02-24,2338556,6.5,6.55,6.38,6.5,-0.02,-0.31,0.75,15156508,,,-124.5019,2.6422,1.6979,12.8021,2505687879.5,,,,,,,
2020-02-25,2991137,6.32,6.42,6.14,6.34,-0.16,-2.46,0.96,18891317,,,-121.4372,2.5772,1.6561,12.4869,2444009408.62,,,,,,,
2020-02-26,2225549,6.24,6.36,6.23,6.26,-0.08,-1.26,0.71,14012186,,,-119.9049,2.5447,1.6352,12.3294,2413170173.18,,,,,,,
2020-02-27,1977789,6.27,6.34,6.21,6.3,0.04,0.64,0.63,12438336,,,-120.6711,2.5609,1.6457,12.4082,2428589790.9,,,,,,,
2020-02-28,2329420,6.2,6.24,6.01,6.01,-0.29,-4.6,0.74,14236485,,,-115.1164,2.443,1.5699,11.837,2316797562.43,,,,,,,
2020-03-02,1418328,6.05,6.22,6.03,6.15,0.14,2.33,0.45,8738623,,,-117.798,2.4999,1.6065,12.1127,2370766224.45,,,,,,,
2020-03-03,4825710,6.28,6.6,6.24,6.35,0.2,3.25,1.54,30960987,,,-121.6288,2.5812,1.6587,12.5066,2447864313.05,,,,,,,
2020-03-04,4172936,6.49,6.6,6.38,6.49,0.14,2.2,1.31,27133976,,,-124.3104,2.6381,1.6953,12.7824,2501832975.07,,,,,,,
2020-03-05,6419331,6.51,6.63,6.46,6.52,0.03,0.46,2.03,41849771,,,-124.885,2.6503,1.7031,12.8415,2513397688.36,,,,,,,
2020-03-06,6877319,6.45,6.6,6.43,6.56,0.04,0.61,2.18,44912289,,,-125.6512,2.6666,1.7136,12.9202,2528817306.08,,,,,,,
2020-03-09,11440298,6.58,6.97,6.49,6.79,0.23,3.51,3.63,76843476,,,-130.0566,2.7601,1.7737,13.3732,2617480107.97,,,,,,,
2020-03-10,9062660,6.48,6.85,6.45,6.77,-0.02,-0.29,2.85,60334771,,,-129.6735,2.752,1.7684,13.3338,2609770299.11,,,,,,,
2020-03-11,14233108,6.71,7.28,6.71,7.06,0.29,4.28,4.42,100185843,,,-135.2282,2.8698,1.8442,13.905,2721562527.58,,,,,,,
2020-03-12,10352574,7.49,7.49,6.82,6.96,-0.1,-1.42,3.27,73903844,,,-133.3128,2.8292,1.8181,13.7081,2683013483.28,,,,,,,
2020-03-13,9062216,6.28,6.7,6.28,6.57,-0.39,-5.6,2.84,59062409,,,-125.8427,2.6707,1.7162,12.9399,2532672210.51,,,,,,,
2020-03-16,8643272,6.61,6.7,6.02,6.06,-0.51,-7.76,2.71,54511936,,,-116.0741,2.4634,1.583,11.9355,2336072084.58,,,,,,,
2020-03-17,5214378,6.05,6.14,5.73,5.9,-0.16,-2.64,1.64,30669327,,,-113.0094,2.3983,1.5412,11.6203,2274393613.7,,,,,,,
2020-03-18,4392156,5.91,6.05,5.72,5.8,-0.1,-1.69,1.38,25828664,,,-111.094,2.3577,1.5151,11.4234,2235844569.4,,,,,,,
2020-03-19,6165603,5.75,5.76,5.42,5.65,-0.15,-2.59,1.93,34224509,,,-108.2209,2.2967,1.4759,11.1279,2178021002.95,,,,,,,
2020-03-20,2803199,5.68,5.69,5.55,5.65,0,0,0.87,15768313,,,-108.2209,2.2967,1.4759,11.1279,2178021002.95,,,,,,,
2020-03-23,2941789,5.6,5.6,5.35,5.4,-0.25,-4.42,0.93,16122902,,,-103.4324,2.1951,1.4106,10.6356,2081648392.2,,,,,,,
2020-03-24,2662970,5.5,5.58,5.37,5.52,0.12,2.22,0.83,14576426,,,-105.7309,2.2438,1.4419,10.8719,2127907245.36,,,,,,,
2020-03-25,3012090,5.61,5.7,5.55,5.66,0.14,2.54,0.95,16997935,,,-108.4124,2.3008,1.4785,11.1476,2181875907.38,,,,,,,
2020-03-26,2616134,5.66,5.75,5.62,5.67,0.01,0.18,0.81,14851465,,,-108.604,2.3048,1.4811,11.1673,2185730811.81,,,,,,,
2020-03-27,2531827,5.69,5.84,5.62,5.62,-0.05,-0.88,0.76,14397281,,,-107.6463,2.2845,1.468,11.0689,2166456289.66,,,,,,,
2020-03-30,2005947,5.51,5.76,5.43,5.7,0.08,1.42,0.61,11215387,,,-109.1786,2.317,1.4889,11.2264,2197295525.1,,,,,,,
2020-03-31,1556954,5.71,5.83,5.7,5.7,0,0,0.46,8976408,,,773.6823,2.3114,1.4246,-232.8555,2197295525.1,,,,,,,
2020-04-01,1865120,5.7,5.76,5.56,5.57,-0.13,-2.28,0.56,10496896,,,756.0369,2.2587,1.3921,-227.5447,2147181767.51,,,,,,,
2020-04-02,1649095,5.49,5.67,5.49,5.63,0.06,1.08,0.49,9198148,,,764.181,2.283,1.4071,-229.9958,2170311194.09,,,,,,,
2020-04-03,1187923,5.63,5.69,5.52,5.56,-0.07,-1.24,0.36,6628306,,,754.6796,2.2547,1.3896,-227.1362,2143326863.08,,,,,,,
2020-04-07,1893072,5.68,5.69,5.54,5.66,0.1,1.8,0.57,10686234,,,768.253,2.2952,1.4146,-231.2214,2181875907.38,,,,,,,
2020-04-08,2722667,5.66,5.75,5.58,5.75,0.09,1.59,0.82,15481988,,,780.469,2.3317,1.4371,-234.8981,2216570047.25,,,,,,,
2020-04-09,2983252,5.7,5.95,5.7,5.87,0.12,2.09,0.9,17457001,,,796.757,2.3804,1.4671,-239.8003,2262828900.41,,,,,,,
2020-04-10,2581236,5.84,5.94,5.75,5.8,-0.07,-1.19,0.79,14973356,,,787.2557,2.352,1.4496,-236.9406,2235844569.4,,,,,,,
2020-04-13,3548820,5.76,6,5.67,5.95,0.15,2.59,1.06,20778109,,,807.6157,2.4128,1.4871,-243.0684,2293668135.85,,,,,,,
2020-04-14,5716258,5.98,6.47,5.9,6.13,0.18,3.03,1.69,35386992,,,832.0478,2.4858,1.5321,-250.4217,2363056415.59,,,,,,,
2020-04-15,3274521,6.05,6.16,5.85,5.85,-0.28,-4.57,0.96,19603583,,,794.0424,2.3723,1.4621,-238.9832,2255119091.55,,,,,,,
2020-04-16,3156790,5.83,6.05,5.79,6,0.15,2.56,0.96,18744848,,,814.4024,2.4331,1.4996,-245.111,2312942658,,,,,,,
2020-04-17,3174392,6.05,6.09,5.78,5.9,-0.1,-1.67,0.97,18714233,,,800.8291,2.3925,1.4746,-241.0258,2274393613.7,,,,,,,
2020-04-20,5164435,5.93,5.93,5.61,5.65,-0.25,-4.24,1.48,29520029,,,766.8956,2.2912,1.4121,-230.8129,2178021002.95,,,,,,,
2020-04-22,6576268,5.12,5.52,5.12,5.34,-0.31,-5.49,1.93,35273320,,,724.8182,2.1654,1.3347,-218.1488,2058518965.62,,,,,,,
2020-04-23,5439618,5.31,5.63,5.31,5.5,0.16,3,1.6,29991589,,,746.5356,2.2303,1.3746,-224.6851,2120197436.5,,,,,,,
2020-04-24,2562262,5.45,5.49,5.32,5.39,-0.11,-2,0.76,13768421,,,731.6049,2.1857,1.3472,-220.1914,2077793487.77,,,,,,,
2020-04-27,1645294,5.39,5.4,5.33,5.35,-0.04,-0.74,0.5,8813888,,,726.1755,2.1695,1.3372,-218.5573,2062373870.05,,,,,,,
2020-04-28,3467621,5.45,5.45,5.11,5.4,0.05,0.93,1.05,18358676,,,732.9622,2.1898,1.3496,-220.5999,2081648392.2,,,,,,,
2020-04-29,3028879,5.33,5.48,5.31,5.43,0.03,0.56,0.89,16312536,,,737.0342,2.2019,1.3571,-221.8255,2093213105.49,,,,,,,
2020-04-30,5659413,5.38,5.65,5.38,5.65,0.22,4.05,1.66,31204951,,,766.8956,2.2912,1.4121,-230.8129,2178021002.95,,,,,,,
2020-05-06,5916155,5.57,5.97,5.5,5.88,0.23,4.07,1.79,34425466,,,798.1144,2.3844,1.4696,-240.2088,2266683804.84,,,,,,,
2020-05-07,2852413,5.83,5.92,5.7,5.73,-0.15,-2.55,0.84,16534821,,,777.7543,2.3236,1.4321,-234.081,2208860238.39,,,,,,,
2020-05-08,1813412,5.8,5.88,5.73,5.85,0.12,2.09,0.54,10537144,,,794.0424,2.3723,1.4621,-238.9832,2255119091.55,,,,,,,
2020-05-11,1690594,5.87,5.98,5.68,5.77,-0.08,-1.37,0.51,9750272,,,783.1837,2.3398,1.4421,-235.7151,2224279856.11,,,,,,,
2020-05-12,1058372,5.75,5.76,5.65,5.74,-0.03,-0.52,0.32,6044711,,,779.1117,2.3277,1.4346,-234.4895,2212715142.82,,,,,,,
2020-05-13,1849491,5.63,5.73,5.55,5.62,-0.12,-2.09,0.53,10422754,,,762.8236,2.279,1.4046,-229.5873,2166456289.66,,,,,,,
2020-05-14,5785043,5.54,5.61,5.4,5.42,-0.2,-3.56,1.76,31521514,,,735.6769,2.1979,1.3546,-221.4169,2089358201.06,,,,,,,
2020-05-15,6736589,5.42,5.45,5.27,5.29,-0.13,-2.4,2.03,35727680,,,718.0315,2.1452,1.3222,-216.1062,2039244443.47,,,,,,,
2020-05-18,8433611,5.1,5.58,5.08,5.55,0.26,4.91,2.56,44090920,,,753.3223,2.2506,1.3871,-226.7277,2139471958.65,,,,,,,
2020-05-19,7459765,5.48,5.92,5.45,5.89,0.34,6.13,2.22,42069510,,,799.4717,2.3885,1.4721,-240.6173,2270538709.27,,,,,,,
2020-05-20,6423949,5.86,6.05,5.73,5.89,0,0,1.91,37505090,,,799.4717,2.3885,1.4721,-240.6173,2270538709.27,,,,,,,
2020-05-21,9332894,5.9,6.13,5.64,5.74,-0.15,-2.55,2.81,55088674,,,779.1117,2.3277,1.4346,-234.4895,2212715142.82,,,,,,,
2020-05-22,2540365,5.8,5.8,5.53,5.59,-0.15,-2.61,0.77,14333205,,,758.7516,2.2668,1.3971,-228.3618,2154891576.37,,,,,,,
2020-05-25,1665923,5.71,5.71,5.46,5.55,-0.04,-0.72,0.5,9238885,,,753.3223,2.2506,1.3871,-226.7277,2139471958.65,,,,,,,
2020-05-26,1396412,5.55,5.65,5.45,5.61,0.06,1.08,0.42,7781545,,,761.4663,2.2749,1.4021,-229.1788,2162601385.23,,,,,,,
2020-05-27,1042795,5.62,5.64,5.53,5.54,-0.07,-1.25,0.3,5816384,,,751.9649,2.2465,1.3846,-226.3192,2135617054.22,,,,,,,
2020-05-28,1744307,5.55,5.59,5.45,5.58,0.04,0.72,0.5,9650883,,,757.3943,2.2628,1.3946,-227.9532,2151036671.94,,,,,,,
2020-05-29,3023845,5.63,5.79,5.55,5.77,0.19,3.41,0.89,17102223,,,783.1837,2.3398,1.4421,-235.7151,2224279856.11,,,,,,,
2020-06-01,4652145,5.85,5.85,5.65,5.81,0.04,0.69,1.33,26620123,,,788.613,2.356,1.4521,-237.3492,2239699473.83,,,,,,,
2020-06-02,4143322,5.68,5.74,5.58,5.61,-0.2,-3.44,1.23,23346511,,,761.4663,2.2749,1.4021,-229.1788,2162601385.23,,,,,,,
2020-06-03,5522397,5.61,5.86,5.55,5.81,0.2,3.57,1.64,31522017,,,788.613,2.356,1.4521,-237.3492,2239699473.83,,,,,,,
2020-06-04,4969308,5.84,5.87,5.55,5.58,-0.23,-3.96,1.5,28342037,,,757.3943,2.2628,1.3946,-227.9532,2151036671.94,,,,,,,
2020-06-05,6156621,5.66,5.74,5.5,5.56,-0.02,-0.36,1.82,34500748,,,754.6796,2.2547,1.3896,-227.1362,2143326863.08,,,,,,,
2020-06-08,2760315,5.56,5.58,5.48,5.51,-0.05,-0.9,0.83,15204071,,,747.8929,2.2344,1.3771,-225.0936,2124052340.93,,,,,,,
2020-06-09,2950609,5.51,5.64,5.45,5.62,0.11,2,0.82,16394414,,,762.8236,2.279,1.4046,-229.5873,2166456289.66,,,,,,,
2020-06-10,2128153,5.6,5.65,5.49,5.55,-0.07,-1.25,0.64,11824716,,,753.3223,2.2506,1.3871,-226.7277,2139471958.65,,,,,,,
2020-06-11,1877384,5.52,5.57,5.47,5.49,-0.06,-1.08,0.57,10331605,,,745.1782,2.2263,1.3721,-224.2766,2116342532.07,,,,,,,
2020-06-12,2730954,5.42,5.45,5.34,5.4,-0.09,-1.64,0.83,14732145,,,732.9622,2.1898,1.3496,-220.5999,2081648392.2,,,,,,,
2020-06-15,1086689,5.42,5.44,5.35,5.38,-0.02,-0.37,0.32,5869973,,,730.2475,2.1817,1.3447,-219.7829,2073938583.34,,,,,,,
2020-06-16,1518650,5.39,5.48,5.39,5.45,0.07,1.3,0.46,8258932,,,739.7489,2.2101,1.3621,-222.6425,2100922914.35,,,,,,,
2020-06-17,1848018,5.51,5.51,5.39,5.43,-0.02,-0.37,0.55,10011375,,,737.0342,2.2019,1.3571,-221.8255,2093213105.49,,,,,,,
2020-06-18,2085586,5.44,5.44,5.34,5.35,-0.08,-1.47,0.63,11193433,,,726.1755,2.1695,1.3372,-218.5573,2062373870.05,,,,,,,
2020-06-19,2559179,5.37,5.37,5.28,5.3,-0.05,-0.93,0.75,13624822,,,719.3888,2.1492,1.3247,-216.5147,2043099347.9,,,,,,,
2020-06-22,1850198,5.31,5.34,5.28,5.32,0.02,0.38,0.56,9837728,,,722.1035,2.1573,1.3297,-217.3318,2050809156.76,,,,,,,
2020-06-23,1783394,5.28,5.32,5.23,5.28,-0.04,-0.75,0.53,9409904,,,716.6741,2.1411,1.3197,-215.6977,2035389539.04,,,,,,,
2020-06-24,2229939,5.34,5.34,5.15,5.18,-0.1,-1.89,0.66,11629368,,,703.1008,2.1006,1.2947,-211.6125,1996840494.74,,,,,,,
2020-06-29,1251104,5.2,5.21,5.12,5.14,-0.04,-0.77,0.38,6451704,,,697.6714,2.0843,1.2847,-209.9784,1981420877.02,,,,,,,
2020-06-30,1030999,5.15,5.21,5.14,5.18,0.04,0.78,0.31,5344637,,,91.1223,2.0959,1.1198,-41.5772,1996840494.74,,,,,,,
2020-07-01,2862805,5.18,5.34,5.15,5.32,0.14,2.7,0.81,15128320,,,93.5851,2.1525,1.1501,-42.7009,2050809156.76,,,,,,,
2020-07-02,1998755,5.33,5.33,5.24,5.28,-0.04,-0.75,0.59,10548330,,,92.8814,2.1363,1.1415,-42.3799,2035389539.04,,,,,,,
2020-07-03,2668272,5.28,5.34,5.25,5.29,0.01,0.19,0.81,14108308,,,93.0574,2.1404,1.1436,-42.4601,2039244443.47,,,,,,,
2020-07-06,5879173,5.3,5.47,5.26,5.47,0.18,3.4,1.78,31598316,,,96.2238,2.2132,1.1825,-43.9049,2108632723.21,,,,,,,
2020-07-07,5142727,5.53,5.63,5.44,5.5,0.03,0.55,1.56,28433891,,,96.7515,2.2253,1.189,-44.1457,2120197436.5,,,,,,,
2020-07-08,4493263,5.49,5.56,5.43,5.55,0.05,0.91,1.34,24816230,,,97.6311,2.2456,1.1998,-44.547,2139471958.65,,,,,,,
2020-07-09,9179802,5.6,6,5.58,5.9,0.35,6.31,2.75,52977908,,,103.788,2.3872,1.2755,-47.3563,2274393613.7,,,,,,,
2020-07-10,5162216,5.94,5.94,5.68,5.79,-0.11,-1.86,1.54,29943584,,,101.8529,2.3427,1.2517,-46.4734,2231989664.97,,,,,,,
2020-07-13,4931850,5.79,5.88,5.77,5.87,0.08,1.38,1.48,28746944,,,103.2602,2.375,1.269,-47.1155,2262828900.41,,,,,,,
2020-07-14,4905645,5.88,6,5.72,5.81,-0.06,-1.02,1.48,28774550,,,102.2048,2.3508,1.256,-46.6339,2239699473.83,,,,,,,
2020-07-15,4269640,5.85,5.86,5.63,5.75,-0.06,-1.03,1.28,24416317,,,101.1493,2.3265,1.2431,-46.1523,2216570047.25,,,,,,,
2020-07-16,4685043,5.7,5.81,5.62,5.68,-0.07,-1.22,1.39,26855686,,,99.9179,2.2982,1.2279,-45.5904,2189585716.24,,,,,,,
2020-07-17,3999609,5.64,5.82,5.64,5.78,0.1,1.76,1.19,22995731,,,101.677,2.3386,1.2495,-46.3931,2228134760.54,,,,,,,
2020-07-20,5008913,5.75,5.89,5.71,5.89,0.11,1.9,1.51,29180429,,,103.6121,2.3831,1.2733,-47.276,2270538709.27,,,,,,,
2020-07-21,3875650,5.89,5.9,5.78,5.84,-0.05,-0.85,1.17,22583330,,,102.7325,2.3629,1.2625,-46.8747,2251264187.12,,,,,,,
2020-07-22,4054307,5.79,5.86,5.72,5.74,-0.1,-1.71,1.23,23411088,,,100.9734,2.3224,1.2409,-46.072,2212715142.82,,,,,,,
2020-07-23,2707711,5.74,5.77,5.54,5.69,-0.05,-0.87,0.81,15280024,,,100.0938,2.3022,1.2301,-45.6707,2193440620.67,,,,,,,
2020-07-24,3634741,5.63,5.81,5.58,5.65,-0.04,-0.7,1.08,20672348,,,99.3902,2.286,1.2214,-45.3497,2178021002.95,,,,,,,
2020-07-27,2659092,5.69,5.73,5.4,5.55,-0.1,-1.77,0.8,14688572,,,97.6311,2.2456,1.1998,-44.547,2139471958.65,,,,,,,
2020-07-28,4310242,5.56,5.69,5.41,5.47,-0.08,-1.44,1.31,23917461,,,96.2238,2.2132,1.1825,-43.9049,2108632723.21,,,,,,,
2020-07-29,3369948,5.49,5.61,5.36,5.6,0.13,2.38,1.02,18556406,,,98.5106,2.2658,1.2106,-44.9483,2158746480.8,,,,,,,
2020-07-30,5568413,5.6,5.86,5.55,5.69,0.09,1.61,1.68,31787829,,,100.0938,2.3022,1.2301,-45.6707,2193440620.67,,,,,,,
2020-07-31,4923214,5.73,5.85,5.62,5.76,0.07,1.23,1.48,28288661,,,101.3252,2.3305,1.2452,-46.2326,2220424951.68,,,,,,,
2020-08-03,5621215,5.76,5.89,5.75,5.85,0.09,1.56,1.68,32705039,,,102.9084,2.3669,1.2647,-46.955,2255119091.55,,,,,,,
2020-08-04,7681954,5.84,6.03,5.8,5.92,0.07,1.2,2.33,45602733,,,104.1398,2.3953,1.2798,-47.5168,2282103422.56,,,,,,,
2020-08-05,8363733,5.94,6.15,5.84,6.1,0.18,3.04,2.52,50561705,,,107.3062,2.4681,1.3187,-48.9616,2351491702.3,,,,,,,
2020-08-06,5593450,6.08,6.19,5.99,6.1,0,0,1.67,33961289,,,107.3062,2.4681,1.3187,-48.9616,2351491702.3,,,,,,,
2020-08-07,4897319,6.02,6.11,5.83,5.94,-0.16,-2.62,1.49,29060260,,,104.4916,2.4034,1.2841,-47.6773,2289813231.42,,,,,,,
2020-08-10,4552294,5.97,6.13,5.87,6.03,0.09,1.52,1.37,27306465,,,106.0748,2.4398,1.3036,-48.3997,2324507371.29,,,,,,,
2020-08-11,3519600,6.01,6.02,5.86,5.86,-0.17,-2.82,1.07,20867638,,,103.0843,2.371,1.2668,-47.0352,2258973995.98,,,,,,,
2020-08-12,15155213,5.86,6.45,5.77,6.42,0.56,9.56,4.51,93279476,,,112.9354,2.5976,1.3879,-51.5301,2474848644.06,,,,,,,
2020-08-13,9819557,6.4,6.56,6.18,6.34,-0.08,-1.25,2.92,62148168,,,111.5281,2.5652,1.3706,-50.8879,2444009408.62,,,,,,,
2020-08-14,6095326,6.29,6.48,6.22,6.37,0.03,0.47,1.8,38547442,,,112.0558,2.5773,1.3771,-51.1287,2455574121.91,,,,,,,
2020-08-17,9347411,6.31,6.58,6.25,6.56,0.19,2.98,2.78,60110671,,,115.3982,2.6542,1.4182,-52.6538,2528817306.08,,,,,,,
2020-08-18,7290798,6.55,6.65,6.45,6.49,-0.07,-1.07,2.2,47805707,,,114.1668,2.6259,1.403,-52.0919,2501832975.07,,,,,,,
2020-08-19,5056324,6.52,6.57,6.35,6.49,0,0,1.46,32587772,,,114.1668,2.6259,1.403,-52.0919,2501832975.07,,,,,,,
2020-08-20,3412701,6.47,6.49,6.3,6.32,-0.17,-2.62,0.99,21742101,,,111.1763,2.5571,1.3663,-50.7274,2436299599.76,,,,,,,
2020-08-21,8050760,6.34,6.75,6.31,6.48,0.16,2.53,2.4,52113578,,,113.9909,2.6218,1.4009,-52.0116,2497978070.64,,,,,,,
2020-08-24,8860128,6.41,6.63,6.24,6.46,-0.02,-0.31,2.67,56823688,,,113.639,2.6137,1.3966,-51.8511,2490268261.78,,,,,,,
2020-08-25,11272528,6.53,6.74,6.45,6.69,0.23,3.56,3.4,74493457,,,117.685,2.7068,1.4463,-53.6972,2578931063.67,,,,,,,
2020-08-26,23186727,6.65,7.29,6.62,6.89,0.2,2.99,7.03,161393609,,,121.2032,2.7877,1.4895,-55.3025,2656029152.27,,,,,,,
2020-08-27,19530724,6.87,7.25,6.56,7.04,0.15,2.18,5.9,136689847,,,123.8419,2.8484,1.5219,-56.5065,2713852718.72,,,,,,,
2020-08-28,12714137,6.96,6.97,6.68,6.74,-0.3,-4.26,3.86,86037276,,,118.5646,2.727,1.4571,-54.0985,2598205585.82,,,,,,,
2020-08-31,7795772,6.7,6.85,6.55,6.71,-0.03,-0.45,2.36,52289023,,,118.0368,2.7149,1.4506,-53.8577,2586640872.53,,,,,,,
2020-09-01,8788414,6.69,6.74,6.45,6.7,-0.01,-0.15,2.62,57870730,,,117.8609,2.7109,1.4484,-53.7775,2582785968.1,,,,,,,
2020-09-02,19678688,6.7,7.14,6.67,7.02,0.32,4.78,5.96,137492569,,,123.4901,2.8403,1.5176,-56.3459,2706142909.86,,,,,,,
2020-09-03,39326496,7.06,8.37,7.05,8.16,1.14,16.24,11.8,309894622,,,143.544,3.3016,1.7641,-65.4961,3145602014.88,,,,,,,
2020-09-04,30376890,7.58,8.16,7.08,7.95,-0.21,-2.57,9.19,233950313,1000,7950,139.8499,3.2166,1.7187,-63.8106,3064649021.85,,,,,,,
2020-09-07,29890351,7.99,8.36,7.71,8.01,0.06,0.75,9.02,239956480,3400,27234,140.9054,3.2409,1.7316,-64.2922,3087778448.43,,,,,,,
2020-09-08,26588193,7.98,9.61,7.8,9.61,1.6,19.98,8.11,237696475,9400,90334,169.0513,3.8882,2.0775,-77.1345,3704563157.23,,,,,,,
2020-09-09,62335932,10.44,11.43,9.21,9.4,-0.21,-2.19,18.85,657810790,2800,26320,165.3571,3.8033,2.0321,-75.449,3623610164.2,,,,,,,
2020-09-10,41147627,8.77,9.16,7.52,7.52,-1.88,-20,12.53,337660571,5000,37600,132.2857,3.0426,1.6257,-60.3592,2898888131.36,,,,,,,
2020-09-11,30845306,7.1,8.48,7.06,8.27,0.75,9.97,9.35,241127704,200,1654,145.4791,3.3461,1.7878,-66.3791,3188005963.61,,,,,,,
2020-09-14,20951207,8.32,9.92,8.31,9.92,1.65,19.95,6.36,198565750,,,174.5045,4.0137,2.1446,-79.6228,3824065194.56,,,,,,,
2020-09-15,54420538,10,11.32,9.58,9.83,-0.09,-0.91,16.51,558998809,,,172.9213,3.9773,2.1251,-78.9004,3789371054.69,,,,,,,
2020-09-16,39218549,9.61,10.47,9.11,10.27,0.44,4.48,11.82,384609421,,,180.6614,4.1553,2.2202,-82.432,3958986849.61,,,,,,,
2020-09-17,34802715,10.11,10.63,9.78,10.48,0.21,2.04,10.21,355759189,9835,103070,184.3556,4.2403,2.2656,-84.1176,4039939842.64,,,,,,,
2020-09-18,22374605,10.26,10.47,9.83,10.07,-0.41,-3.91,6.68,227940757,4700,47329,177.1432,4.0744,2.177,-80.8267,3881888761.01,,,,,,,
2020-09-21,16051650,9.99,10.19,9.54,9.75,-0.32,-3.18,4.82,157543141,3000,29250,171.514,3.9449,2.1078,-78.2583,3758531819.25,,,,,,,
2020-09-22,19829434,9.79,10.33,9.52,9.55,-0.2,-2.05,6,195437621,3200,30560,167.9958,3.864,2.0646,-76.653,3681433730.65,,,,,,,
2020-09-23,16721004,9.21,10.14,9.21,9.4,-0.15,-1.57,5.03,158870027,3200,30080,165.3571,3.8033,2.0321,-75.449,3623610164.2,,,,,,,
2020-09-24,17018642,9.39,9.44,8.67,8.68,-0.72,-7.66,5.1,152763979,,,152.6915,3.512,1.8765,-69.6699,3346057045.24,,,,,,,
2020-09-25,11875563,8.75,8.94,8.33,8.41,-0.27,-3.11,3.58,101263614,,,147.9418,3.4027,1.8181,-67.5028,3241974625.63,,,,,,,
2020-09-28,7803395,8.49,8.58,8.06,8.06,-0.35,-4.16,2.3,64251153,,,141.7849,3.2611,1.7424,-64.6935,3107052970.58,,,,,,,
2020-09-29,12458962,8.2,8.25,7.8,7.97,-0.09,-1.12,3.6,100724583,3321,26468,140.2017,3.2247,1.723,-63.9711,3072358830.71,,,,,,,
2020-09-30,10331689,8.09,8.21,7.8,7.86,-0.11,-1.38,2.98,82059724,1000,7860,-108.1684,3.1278,1.711,77.6518,3029954881.98,,,,,,,
2020-10-09,11634435,8,8.36,7.93,8.28,0.42,5.34,3.36,94615906,,,-113.9484,3.2949,1.8025,81.8012,3191860868.04,,,,,,,
2020-10-12,16650735,8.07,8.55,8.01,8.5,0.22,2.66,4.84,138584340,2300,19550,-116.976,3.3825,1.8503,83.9746,3276668765.5,,,,,,,
2020-10-13,22658389,8.36,9.21,8.28,9.06,0.56,6.59,6.52,197465692,5000,45300,-124.6826,3.6053,1.9723,89.5071,3492543413.58,,,,,,,
2020-10-14,16763331,8.9,9.03,8.6,8.62,-0.44,-4.86,4.86,146951366,,,-118.6274,3.4302,1.8765,85.1602,3322927618.66,,,,,,,
2020-10-15,14746724,8.51,9.17,8.41,8.67,0.05,0.58,4.27,129945800,,,-119.3155,3.4501,1.8874,85.6541,3342202140.81,,,,,,,
2020-10-16,12616705,8.45,8.98,8.45,8.68,0.01,0.12,3.66,110722671,,,-119.4531,3.4541,1.8895,85.7529,3346057045.24,,,,,,,
2020-10-19,10217141,8.7,8.87,8.47,8.5,-0.18,-2.07,2.97,88270481,,,-116.976,3.3825,1.8503,83.9746,3276668765.5,,,,,,,
2020-10-20,12510885,8.36,8.87,8.22,8.79,0.29,3.41,3.61,107643217,4200,36918,-120.9669,3.4979,1.9135,86.8397,3388460993.97,,,,,,,
2020-10-21,9342063,8.73,8.89,8.58,8.6,-0.19,-2.16,2.7,81293358,,,-118.3522,3.4223,1.8721,84.9626,3315217809.8,,,,,,,
2020-10-22,6629678,8.62,8.74,8.41,8.68,0.08,0.93,1.91,56815617,,,-119.4531,3.4541,1.8895,85.7529,3346057045.24,,,,,,,
2020-10-23,7647938,8.65,8.83,8.46,8.47,-0.21,-2.42,2.2,66051961,,,-116.5631,3.3705,1.8438,83.6783,3265104052.21,,,,,,,
2020-10-26,8023412,8.48,8.48,8.12,8.17,-0.3,-3.54,2.34,66268537,,,-112.4346,3.2512,1.7785,80.7144,3149456919.31,,,,,,,
2020-10-27,8017396,8.09,8.43,8,8.33,0.16,1.96,2.33,66240360,,,-114.6365,3.3148,1.8133,82.2951,3211135390.19,,,,,,,
2020-10-28,6014447,8.34,8.36,8.01,8.15,-0.18,-2.16,1.75,48995260,,,-112.1593,3.2432,1.7742,80.5169,3141747110.45,,,,,,,
2020-10-29,5539162,8.05,8.28,7.9,8.07,-0.08,-0.98,1.6,44719253,,,-111.0584,3.2114,1.7567,79.7265,3110907875.01,,,,,,,
2020-10-30,6769686,8.09,8.12,7.65,7.72,-0.35,-4.34,1.97,53294545,,,-106.2417,3.0721,1.6805,76.2687,2975986219.96,,,,,,,
2020-11-02,4751758,7.85,7.85,7.46,7.69,-0.03,-0.39,1.36,36388130,,,-105.8288,3.0601,1.674,75.9723,2964421506.67,,,,,,,
2020-11-03,4327933,7.8,7.92,7.61,7.88,0.19,2.47,1.25,33876252,,,-108.4436,3.1358,1.7154,77.8494,3037664690.84,,,,,,,
2020-11-04,3973017,7.91,7.92,7.63,7.75,-0.13,-1.65,1.15,30851985,,,-106.6546,3.084,1.6871,76.5651,2987550933.25,,,,,,,
2020-11-05,5835022,7.86,8.14,7.79,7.94,0.19,2.45,1.69,46366489,,,-109.2693,3.1596,1.7284,78.4422,3060794117.42,,,,,,,
2020-11-06,4692118,7.95,8.05,7.76,7.89,-0.05,-0.63,1.36,37102905,,,-108.5812,3.1397,1.7176,77.9482,3041519595.27,,,,,,,
2020-11-09,6520220,7.86,8.2,7.84,8.07,0.18,2.28,1.87,52388349,,,-111.0584,3.2114,1.7567,79.7265,3110907875.01,,,,,,,
2020-11-10,7292474,8.16,8.34,8.02,8.17,0.1,1.24,2.1,59720367,,,-112.4346,3.2512,1.7785,80.7144,3149456919.31,,,,,,,
2020-11-11,12494563,8.19,8.73,8.16,8.52,0.35,4.28,3.61,105329642,700,5964,-117.2512,3.3904,1.8547,84.1722,3284378574.36,,,,,,,
2020-11-12,7266527,8.47,8.47,8.18,8.27,-0.25,-2.93,2.1,60357226,,,-113.8107,3.2909,1.8003,81.7024,3188005963.61,,,,,,,
2020-11-13,4889412,8.36,8.37,8.05,8.09,-0.18,-2.18,1.42,39990409,,,-111.3336,3.2193,1.7611,79.9241,3118617683.87,,,,,,,
2020-11-16,8955388,8.17,8.38,7.63,8.15,0.06,0.74,2.54,71137880,,,-112.1593,3.2432,1.7742,80.5169,3141747110.45,,,,,,,
2020-11-17,9738618,8.09,8.09,7.62,7.89,-0.26,-3.19,2.78,76014932,,,-108.5812,3.1397,1.7176,77.9482,3041519595.27,,,,,,,
2020-11-18,16312085,7.97,8.4,7.56,8.09,0.2,2.53,4.76,133299906,,,-111.3336,3.2193,1.7611,79.9241,3118617683.87,,,,,,,
2020-11-19,10378112,7.99,8.06,7.65,7.83,-0.26,-3.21,2.99,81135220,,,-107.7555,3.1159,1.7045,77.3555,3018390168.69,,,,,,,
2020-11-20,10978140,7.84,7.9,7.5,7.78,-0.05,-0.64,3.13,83713040,,,-107.0674,3.096,1.6936,76.8615,2999115646.54,,,,,,,
2020-11-23,9364871,7.65,7.74,7.5,7.7,-0.08,-1.03,2.67,71298810,1400,10780,-105.9665,3.0641,1.6762,76.0711,2968276411.1,,,,,,,
2020-11-24,15777127,7.64,7.91,7.37,7.85,0.15,1.95,4.57,119937746,1300,10205,-108.0308,3.1238,1.7088,77.553,3026099977.55,,,,,,,
2020-11-25,10027221,7.75,7.9,7.54,7.6,-0.25,-3.18,2.9,77493407,,,-104.5903,3.0243,1.6544,75.0832,2929727366.8,,,,,,,
2020-11-26,10192768,7.6,7.95,7.46,7.7,0.1,1.32,2.94,78452961,1600,12320,-105.9665,3.0641,1.6762,76.0711,2968276411.1,,,,,,,
2020-11-27,12680764,7.6,7.63,7.3,7.48,-0.22,-2.86,3.67,94678708,,,-102.9389,2.9766,1.6283,73.8977,2883468513.64,,,,,,,
2020-11-30,4614979,7.4,7.5,7.27,7.3,-0.18,-2.41,1.31,33946977,,,-100.4617,2.9049,1.5891,72.1194,2814080233.9,,,,,,,
2020-12-01,7922006,7.28,7.39,7.15,7.2,-0.1,-1.37,2.27,57449953,600,4320,-99.0855,2.8652,1.5674,71.1315,2775531189.6,,,,,,,
2020-12-02,10306975,7.18,7.41,7.02,7.37,0.17,2.36,2.95,74209314,500,3685,-101.425,2.9328,1.6044,72.8109,2841064564.91,,,,,,,
2020-12-03,6961817,7.29,7.52,7.18,7.36,-0.01,-0.14,1.93,51057174,,,-101.2874,2.9288,1.6022,72.7122,2837209660.48,,,,,,,
2020-12-04,13736026,7.3,7.78,7.27,7.6,0.24,3.26,3.96,103666028,,,-104.5903,3.0243,1.6544,75.0832,2929727366.8,,,,,,,
2020-12-07,10751612,7.51,7.95,7.48,7.59,-0.01,-0.13,3.11,82968368,,,-104.4527,3.0204,1.6523,74.9844,2925872462.37,,,,,,,
2020-12-08,9367614,7.5,7.7,7.43,7.6,0.01,0.13,2.62,70823437,,,-104.5903,3.0243,1.6544,75.0832,2929727366.8,,,,,,,
2020-12-09,10469644,7.5,7.74,7.4,7.6,0,0,2.84,79172812,,,-104.5903,3.0243,1.6544,75.0832,2929727366.8,,,,,,,
2020-12-10,22167303,7.61,8.2,7.55,7.82,0.22,2.89,6.42,173712315,,,-107.6179,3.1119,1.7023,77.2567,3014535264.26,,,,,,,
2020-12-11,13559983,7.83,7.83,7.3,7.48,-0.34,-4.35,3.86,102115482,,,-102.9389,2.9766,1.6283,73.8977,2883468513.64,,,,,,,
2020-12-14,7124366,7.42,7.66,7.32,7.48,0,0,2.04,53546919,,,-102.9389,2.9766,1.6283,73.8977,2883468513.64,,,,,,,
2020-12-15,7653769,7.44,7.62,7.35,7.5,0.02,0.27,2.2,57264151,,,-103.2141,2.9845,1.6327,74.0953,2891178322.5,,,,,,,
2020-12-16,11253403,7.46,7.71,7.37,7.51,0.01,0.13,3.23,84790479,,,-103.3517,2.9885,1.6348,74.1941,2895033226.93,,,,,,,
2020-12-17,10864690,7.48,7.49,7.2,7.22,-0.29,-3.86,3.07,79532792,,,-99.3608,2.8731,1.5717,71.329,2783240998.46,,,,,,,
2020-12-18,11754870,7.18,7.2,6.8,6.99,-0.23,-3.19,3.29,82060678,,,-96.1955,2.7816,1.5216,69.0568,2694578196.57,,,,,,,
2020-12-21,5558191,6.9,6.97,6.84,6.84,-0.15,-2.15,1.57,38273464,,,-94.1313,2.7219,1.489,67.5749,2636754630.12,,,,,,,
2020-12-22,8010768,6.87,7.02,6.59,6.82,-0.02,-0.29,2,54296797,200,1364,-93.856,2.7139,1.4846,67.3773,2629044821.26,,,,,,,
2020-12-23,5341367,6.79,6.79,6.64,6.73,-0.09,-1.32,1.34,35808765,,,-92.6174,2.6781,1.465,66.4882,2594350681.39,,,,,,,
2020-12-24,6973580,6.69,6.85,6.54,6.62,-0.11,-1.63,1.73,46456619,6621,43831,-91.1036,2.6344,1.4411,65.4014,2551946732.66,,,,,,,
2020-12-25,4700069,6.51,6.61,6.51,6.51,-0.11,-1.66,1.11,30761593,,,-89.5898,2.5906,1.4171,64.3147,2509542783.93,,,,,,,
2020-12-28,5320291,6.57,6.62,6.44,6.44,-0.07,-1.08,1.37,34672319,1600,10304,-88.6265,2.5627,1.4019,63.6231,2482558452.92,,,,,,,
2020-12-29,7562521,6.43,6.48,6.21,6.29,-0.15,-2.33,1.88,47719626,,,-86.5622,2.503,1.3693,62.1412,2424734886.47,,,,,,,
2020-12-30,7043583,6.21,6.36,6.11,6.16,-0.13,-2.07,1.8,43796062,,,-84.7732,2.4513,1.341,60.8569,2374621128.88,,,,,,,
2020-12-31,6889376,6.16,6.25,5.98,6,-0.16,-2.6,1.74,42012149,,,110.4775,2.3824,1.2678,-13.9205,2312942658,,,,,,,
2021-01-04,7413342,6,6.11,5.92,6.04,0.04,0.67,1.9,44686736,,,111.214,2.3983,1.2762,-14.0134,2328362275.72,,,,,,,
2021-01-05,7710942,6.04,6.09,5.79,5.79,-0.25,-4.14,1.97,45418798,,,106.6108,2.299,1.2234,-13.4333,2231989664.97,,,,,,,
2021-01-06,7555974,5.8,5.88,5.59,5.82,0.03,0.52,1.89,43407863,,,107.1632,2.3109,1.2298,-13.5029,2243554378.26,,,,,,,
2021-01-07,11903539,5.76,5.79,5.27,5.29,-0.53,-9.11,3.02,65305128,1800,9522,97.4043,2.1005,1.1178,-12.2733,2039244443.47,,,,,,,
2021-01-08,8222297,5.34,5.48,5.06,5.32,0.03,0.57,2.12,43572322,,,97.9567,2.1124,1.1241,-12.3429,2050809156.76,,,,,,,
2021-01-11,7497984,5.23,5.33,4.96,4.97,-0.35,-6.58,1.9,38077384,,,91.5122,1.9734,1.0502,-11.5309,1915887501.71,,,,,,,
2021-01-12,7683940,5,5.34,5,5.12,0.15,3.02,1.93,39778338,,,94.2741,2.033,1.0818,-11.8789,1973711068.16,,,,,,,
2021-01-13,5647793,5.1,5.15,4.92,4.97,-0.15,-2.93,1.44,28257090,,,91.5122,1.9734,1.0502,-11.5309,1915887501.71,,,,,,,
2021-01-14,3857241,4.98,5.01,4.86,4.9,-0.07,-1.41,0.98,19023370,,,90.2233,1.9456,1.0354,-11.3684,1888903170.7,,,,,,,
2021-01-15,7462381,4.88,5.26,4.88,5.21,0.31,6.33,1.92,38298868,,,95.9313,2.0687,1.1009,-12.0877,2008405208.03,,,,,,,
2021-01-18,5687073,5.18,5.39,5.11,5.27,0.06,1.15,1.46,30087708,,,97.0361,2.0926,1.1135,-12.2269,2031534634.61,,,,,,,
2021-01-19,8526377,5.2,5.63,5.19,5.61,0.34,6.45,2.19,46701241,1000,5610,103.2965,2.2276,1.1854,-13.0157,2162601385.23,,,,,,,
2021-01-20,6281013,5.68,5.69,5.39,5.41,-0.2,-3.57,1.61,34487305,,,99.6139,2.1482,1.1431,-12.5517,2085503296.63,,,,,,,
2021-01-21,4783137,5.38,5.49,5.33,5.33,-0.08,-1.48,1.23,25792760,,,98.1409,2.1164,1.1262,-12.3661,2054664061.19,,,,,,,
2021-01-22,3816943,5.33,5.41,5.24,5.29,-0.04,-0.75,0.98,20310808,,,97.4043,2.1005,1.1178,-12.2733,2039244443.47,,,,,,,
2021-01-25,4195551,5.3,5.32,5.09,5.1,-0.19,-3.59,1.08,21610092,,,93.9059,2.0251,1.0776,-11.8325,1966001259.3,,,,,,,
2021-01-26,4087158,5.05,5.28,4.97,5.09,-0.01,-0.2,1.05,21072764,,,93.7218,2.0211,1.0755,-11.8093,1962146354.87,,,,,,,
2021-01-27,4360425,5.01,5.12,4.94,5.08,-0.01,-0.2,1.13,21932956,,,93.5376,2.0171,1.0734,-11.7861,1958291450.44,,,,,,,
2021-01-28,4277982,5.02,5.24,4.98,5.13,0.05,0.98,1.1,21923122,,,94.4583,2.037,1.084,-11.9021,1977565972.59,,,,,,,
2021-01-29,10153165,5.14,5.49,5.1,5.31,0.18,3.51,2.61,53964541,,,97.7726,2.1084,1.122,-12.3197,2046954252.33,,,,,,,
2021-02-01,7500591,5.18,5.27,4.98,5.02,-0.29,-5.46,1.93,38134023,,,92.4328,1.9933,1.0607,-11.6469,1935162023.86,,,,,,,
2021-02-02,5322979,5,5.13,4.9,4.92,-0.1,-1.99,1.33,26522510,,,90.5916,1.9536,1.0396,-11.4148,1896612979.56,,,,,,,
2021-02-03,3857783,4.89,4.97,4.76,4.86,-0.06,-1.22,0.99,18666183,,,89.4868,1.9298,1.0269,-11.2756,1873483552.98,,,,,,,
2021-02-04,4402446,4.86,4.86,4.52,4.64,-0.22,-4.53,1.13,20399570,,,85.4359,1.8424,0.9804,-10.7652,1788675655.52,,,,,,,
2021-02-05,4217414,4.63,4.8,4.6,4.72,0.08,1.72,1.08,19946825,,,86.909,1.8742,0.9973,-10.9508,1819514890.96,,,,,,,
2021-02-08,4456760,4.81,4.98,4.73,4.91,0.19,4.03,1.14,21726813,,,90.4074,1.9496,1.0375,-11.3916,1892758075.13,,,,,,,
2021-02-09,4746814,4.98,5.01,4.81,4.86,-0.05,-1.02,1.21,23124083,,,89.4868,1.9298,1.0269,-11.2756,1873483552.98,,,,,,,
2021-02-10,3270129,4.81,4.92,4.79,4.92,0.06,1.23,0.83,15864947,,,90.5916,1.9536,1.0396,-11.4148,1896612979.56,,,,,,,
2021-02-18,3983297,5.07,5.16,5.01,5.07,0.15,3.05,1.02,20249785,,,93.3535,2.0131,1.0713,-11.7629,1954436546.01,,,,,,,
2021-02-19,7035978,5.01,5.5,5,5.48,0.41,8.09,1.79,37570769,,,100.9028,2.1759,1.1579,-12.7141,2112487627.64,,,,,,,
2021-02-22,7524223,5.48,5.81,5.4,5.56,0.08,1.46,1.93,42652763,,,102.3758,2.2077,1.1748,-12.8997,2143326863.08,,,,,,,
2021-02-23,3818121,5.56,5.72,5.42,5.43,-0.13,-2.34,0.98,20991523,,,99.9821,2.1561,1.1474,-12.5981,2093213105.49,,,,,,,
2021-02-24,16074563,5.51,6.42,5.48,6.28,0.85,15.65,4.09,95785484,,,115.6331,2.4936,1.327,-14.5702,2420879982.04,,,,,,,
2021-02-25,13223697,6.11,6.3,5.9,6.15,-0.13,-2.07,3.38,80648014,,,113.2394,2.442,1.2995,-14.2686,2370766224.45,,,,,,,
2021-02-26,17809520,5.95,6.86,5.9,6.76,0.61,9.92,4.55,115353528,,,124.4713,2.6842,1.4284,-15.6838,2605915394.68,,,,,,,
2021-03-01,18976540,6.81,7.28,6.72,6.81,0.05,0.74,4.87,131822390,,,125.392,2.704,1.4389,-15.7998,2625189916.83,,,,,,,
2021-03-02,15854524,6.95,7.23,6.71,7.11,0.3,4.41,4.02,109712090,900,6399,130.9158,2.8232,1.5023,-16.4959,2740837049.73,,,,,,,
2021-03-03,11987309,6.87,7.1,6.76,7,-0.11,-1.55,3.06,83190845,,,128.8904,2.7795,1.4791,-16.2406,2698433101,,,,,,,
2021-03-04,8421312,6.87,7.06,6.75,6.78,-0.22,-3.14,2.14,57830831,,,124.8396,2.6921,1.4326,-15.7302,2613625203.54,,,,,,,
2021-03-05,8858590,6.93,7.08,6.76,6.92,0.14,2.06,2.27,61286973,,,127.4174,2.7477,1.4622,-16.055,2667593865.56,,,,,,,
2021-03-08,9529363,7.07,7.13,6.84,6.93,0.01,0.14,2.38,66184283,,,127.6015,2.7517,1.4643,-16.0782,2671448769.99,,,,,,,
2021-03-09,10087830,6.81,6.87,6.35,6.56,-0.37,-5.34,2.6,66450729,,,120.7887,2.6048,1.3861,-15.2198,2528817306.08,,,,,,,
2021-03-10,6801663,6.66,6.74,6.45,6.47,-0.09,-1.37,1.76,44779233,,,119.1316,2.569,1.3671,-15.011,2494123166.21,,,,,,,
2021-03-11,4718721,6.42,6.66,6.42,6.62,0.15,2.32,1.21,31086420,,,121.8935,2.6286,1.3988,-15.359,2551946732.66,,,,,,,
2021-03-12,6898636,6.57,6.74,6.41,6.67,0.05,0.76,1.79,45747508,1600,10672,122.8142,2.6485,1.4094,-15.475,2571221254.81,,,,,,,
2021-03-15,11197323,6.63,6.97,6.53,6.89,0.22,3.3,2.88,75983725,,,126.865,2.7358,1.4558,-15.9854,2656029152.27,,,,,,,
2021-03-16,15475968,6.98,7.45,6.89,7.18,0.29,4.21,3.97,110222118,,,132.2048,2.851,1.5171,-16.6583,2767821380.74,,,,,,,
2021-03-17,9581700,7.06,7.09,6.84,6.85,-0.33,-4.6,2.43,66298684,,,126.1285,2.7199,1.4474,-15.8926,2640609534.55,,,,,,,
2021-03-18,7867553,6.73,6.91,6.63,6.75,-0.1,-1.46,1.99,53106616,,,124.2872,2.6802,1.4263,-15.6606,2602060490.25,,,,,,,
2021-03-19,3994498,6.63,6.8,6.61,6.62,-0.13,-1.93,1.02,26727476,,,121.8935,2.6286,1.3988,-15.359,2551946732.66,,,,,,,
2021-03-22,12363430,6.6,7.22,6.6,7.18,0.56,8.46,3.15,86276111,500,3590,132.2048,2.851,1.5171,-16.6583,2767821380.74,,,,,,,
2021-03-23,8733964,7.1,7.14,6.8,6.88,-0.3,-4.18,2.25,60503101,,,126.6809,2.7318,1.4537,-15.9622,2652174247.84,,,,,,,
2021-03-24,14253801,6.88,7.28,6.82,6.95,0.07,1.02,3.67,101317252,,,127.9698,2.7596,1.4685,-16.1246,2679158578.85,,,,,,,
2021-03-25,9364346,6.98,7.11,6.66,6.67,-0.28,-4.03,2.41,63836431,,,122.8142,2.6485,1.4094,-15.475,2571221254.81,,,,,,,
2021-03-26,6042519,6.67,6.96,6.57,6.78,0.11,1.65,1.55,40918042,,,124.8396,2.6921,1.4326,-15.7302,2613625203.54,,,,,,,
2021-03-29,5114627,6.78,6.97,6.63,6.79,0.01,0.15,1.31,34670877,,,125.0237,2.6961,1.4347,-15.7534,2617480107.97,,,,,,,
2021-03-30,8898124,6.66,6.75,6.18,6.2,-0.59,-8.69,2.28,56463195,,,114.1601,2.4618,1.3101,-14.3846,2390040746.6,,,,,,,
2021-03-31,5958291,6.14,6.51,6.14,6.4,0.2,3.23,1.53,37742490,,,78.8819,2.5939,1.346,-14.8486,2467138835.2,,,,,,,
2021-04-01,3815483,6.32,6.34,6.2,6.22,-0.18,-2.81,0.98,23883723,,,76.6633,2.5209,1.3081,-14.431,2397750555.46,,,,,,,
2021-04-02,4242697,6.3,6.3,6.06,6.09,-0.13,-2.09,1.08,25921359,,,75.0611,2.4682,1.2808,-14.1294,2347636797.87,,,,,,,
2021-04-06,2658219,6.08,6.19,6,6.14,0.05,0.82,0.68,16306147,,,75.6773,2.4885,1.2913,-14.2454,2366911320.02,,,,,,,
2021-04-07,3241727,6.15,6.27,6.13,6.18,0.04,0.65,0.83,20064901,,,76.1703,2.5047,1.2997,-14.3382,2382330937.74,,,,,,,
2021-04-08,3986197,6.18,6.2,6.01,6.13,-0.05,-0.81,1.03,24231791,,,75.5541,2.4844,1.2892,-14.2222,2363056415.59,,,,,,,
2021-04-09,2848727,6.15,6.28,6.06,6.11,-0.02,-0.33,0.73,17474618,,,75.3076,2.4763,1.285,-14.1758,2355346606.73,,,,,,,
2021-04-12,7744709,6.11,6.55,6.08,6.25,0.14,2.29,1.99,48727233,,,77.0331,2.5331,1.3144,-14.5006,2409315268.75,,,,,,,
2021-04-13,6883317,6.27,6.46,6.03,6.22,-0.03,-0.48,1.77,42656036,,,76.6633,2.5209,1.3081,-56.6922,2397750555.46,,,,,,,
2021-04-14,4042618,6.16,6.19,6.01,6.1,-0.12,-1.93,1.04,24565747,,,75.1843,2.4723,1.2829,-55.5984,2351491702.3,,,,,,,
2021-04-15,4633078,6.17,6.29,6.08,6.17,0.07,1.15,1.18,28719187,,,76.0471,2.5006,1.2976,-56.2364,2378476033.31,,,,,,,
2021-04-16,5770070,6.15,6.44,6.15,6.36,0.19,3.08,1.48,36601207,,,78.3889,2.5776,1.3375,-57.9682,2451719217.48,,,,,,,
2021-04-19,4809631,6.5,6.51,6.33,6.34,-0.02,-0.31,1.24,30769117,,,78.1424,2.5695,1.3333,-57.7859,2444009408.62,,,,,,,
2021-04-20,3855962,6.28,6.43,6.22,6.24,-0.1,-1.58,0.99,24297175,,,76.9099,2.529,1.3123,-56.8745,2405460364.32,,,,,,,
2021-04-21,3084909,6.1,6.33,6.1,6.12,-0.12,-1.92,0.78,18984465,,,75.4308,2.4804,1.2871,-55.7807,2359201511.16,,,,,,,
2021-04-22,2041476,6.13,6.18,6.08,6.08,-0.04,-0.65,0.52,12471600,,,74.9378,2.4642,1.2787,-55.4161,2343781893.44,,,,,,,
2021-04-23,3347649,6.06,6.13,5.91,5.97,-0.11,-1.81,0.86,20061144,,,73.582,2.4196,1.2555,-54.4135,2301377944.71,,,,,,,
2021-04-26,2465479,5.96,5.98,5.81,5.82,-0.15,-2.51,0.63,14517883,,,71.7332,2.3588,1.224,-53.0464,2243554378.26,,,,,,,
2021-04-27,3285841,5.8,5.94,5.58,5.73,-0.09,-1.55,0.85,18648792,,,70.624,2.3223,1.2051,-52.2261,2208860238.39,,,,,,,
2021-04-28,1803854,5.75,5.88,5.65,5.78,0.05,0.87,0.46,10409540,,,71.2402,2.3426,1.2156,-52.6818,2228134760.54,,,,,,,
2021-04-29,1506421,5.74,5.83,5.7,5.76,-0.02,-0.35,0.39,8673211,,,70.9937,2.3345,1.2114,-52.4995,2220424951.68,,,,,,,
2021-04-30,1860952,5.72,5.74,5.59,5.7,-0.06,-1.04,0.48,10522364,,,70.2542,2.3102,1.1987,-51.9526,2197295525.1,,,,,,,
2021-05-06,1834950,5.7,5.87,5.7,5.81,0.11,1.93,0.47,10662892,,,71.61,2.3547,1.2219,-52.9552,2239699473.83,,,,,,,
2021-05-07,1899719,5.81,5.95,5.75,5.85,0.04,0.69,0.49,11104580,,,72.103,2.3709,1.2303,-53.3198,2255119091.55,,,,,,,
2021-05-10,2096753,5.85,5.89,5.66,5.7,-0.15,-2.56,0.54,12098542,,,70.2542,2.3102,1.1987,-51.9526,2197295525.1,,,,,,,
2021-05-11,1350357,5.74,5.78,5.65,5.73,0.03,0.53,0.34,7726043,,,70.624,2.3223,1.2051,-52.2261,2208860238.39,,,,,,,
2021-05-12,1376278,5.7,5.73,5.63,5.71,-0.02,-0.35,0.35,7814914,,,70.3774,2.3142,1.2008,-52.0438,2201150429.53,,,,,,,
2021-05-13,1632074,5.71,5.83,5.67,5.73,0.02,0.35,0.42,9411583,,,70.624,2.3223,1.2051,-52.2261,2208860238.39,,,,,,,
2021-05-14,7693687,5.88,6.88,5.88,6.88,1.15,20.07,1.99,51917263,8100,55728,84.798,2.7884,1.4469,-62.7077,2652174247.84,,,,,,,
2021-05-17,31565319,7.34,8.14,6.87,6.87,-0.01,-0.15,8.1,232915921,2600,17862,84.6748,2.7843,1.4448,-62.6166,2648319343.41,,,,,,,
2021-05-18,22624722,6.55,7.28,6.42,7.11,0.24,3.49,5.81,155470125,,,87.6329,2.8816,1.4953,-64.8041,2740837049.73,,,,,,,
2021-05-19,17047483,7,7.34,6.92,6.97,-0.14,-1.97,4.26,120728631,500,3485,85.9073,2.8249,1.4658,-63.528,2686868387.71,,,,,,,
2021-05-20,18265489,6.88,7.26,6.69,7.1,0.13,1.87,4.68,128725924,200,1420,87.5096,2.8776,1.4932,-64.7129,2736982145.3,,,,,,,
2021-05-21,11055447,6.97,7.15,6.88,6.95,-0.15,-2.11,2.81,77254123,,,85.6608,2.8168,1.4616,-63.3458,2679158578.85,,,,,,,
2021-05-24,18727423,7.11,7.4,7,7.32,0.37,5.32,4.8,135427043,,,90.2212,2.9667,1.5394,-66.7181,2821790042.76,,,,,,,
2021-05-25,12264121,7.32,7.33,7.03,7.14,-0.18,-2.46,3.13,87151712,300,2142,88.0026,2.8938,1.5016,-65.0775,2752401763.02,,,,,,,
2021-05-26,8754273,7.13,7.18,7,7.12,-0.02,-0.28,2.24,62030128,1400,9968,87.7561,2.8857,1.4974,-64.8952,2744691954.16,,,,,,,
2021-05-27,10821581,7.15,7.37,7.06,7.1,-0.02,-0.28,2.78,77934786,,,87.5096,2.8776,1.4932,-64.7129,2736982145.3,,,,,,,
2021-05-28,8249342,7,7.22,6.95,6.99,-0.11,-1.55,2.11,58060060,,,86.1538,2.833,1.47,-63.7103,2694578196.57,,,,,,,
2021-05-31,6787250,7,7.17,6.94,7.07,0.08,1.14,1.72,47809427,600,4242,87.1398,2.8654,1.4869,-64.4395,2725417432.01,,,,,,,
2021-06-01,7523559,7.07,7.09,6.75,6.99,-0.08,-1.13,1.93,51976121,,,86.1538,2.833,1.47,-63.7103,2694578196.57,,,,,,,
2021-06-02,5653213,6.99,7.07,6.8,6.84,-0.15,-2.15,1.45,39169643,,,84.305,2.7722,1.4385,-62.3432,2636754630.12,,,,,,,
2021-06-03,4689882,6.93,6.98,6.77,6.8,-0.04,-0.58,1.21,32144430,,,83.812,2.756,1.4301,-61.9786,2621335012.4,,,,,,,
2021-06-04,4517929,6.76,6.85,6.7,6.76,-0.04,-0.59,1.16,30534519,,,83.319,2.7398,1.4217,-61.614,2605915394.68,,,,,,,
2021-06-07,3407307,6.72,6.84,6.69,6.82,0.06,0.89,0.87,23035221,,,84.0585,2.7641,1.4343,-62.1609,2629044821.26,,,,,,,
2021-06-08,3454445,6.82,6.84,6.7,6.75,-0.07,-1.03,0.89,23284019,,,83.1958,2.7357,1.4196,-61.5229,2602060490.25,,,,,,,
2021-06-09,5383317,6.75,6.77,6.55,6.55,-0.2,-2.96,1.34,35635836,,,80.7307,2.6547,1.3775,-59.7,2524962401.65,,,,,,,
2021-06-10,4428026,6.56,6.68,6.52,6.53,-0.02,-0.31,1.15,29144032,,,80.4842,2.6465,1.3733,-59.5177,2517252592.79,,,,,,,
2021-06-11,7096776,6.28,6.48,6.1,6.38,-0.15,-2.3,1.82,45115400,,,78.6354,2.5858,1.3417,-58.1505,2459429026.34,,,,,,,
2021-06-15,10187454,6.5,6.72,6.11,6.11,-0.27,-4.23,2.61,65034584,,,75.3076,2.4763,1.285,-55.6896,2355346606.73,,,,,,,
2021-06-16,6107040,6.25,6.34,6.12,6.16,0.05,0.82,1.57,37966428,,,75.9238,2.4966,1.2955,-56.1453,2374621128.88,,,,,,,
2021-06-17,5538775,6.23,6.23,6.01,6.1,-0.06,-0.97,1.43,33720891,,,75.1843,2.4723,1.2829,-55.5984,2351491702.3,,,,,,,
2021-06-18,5918665,6.15,6.3,6.02,6.27,0.17,2.79,1.52,36318715,,,77.2796,2.5412,1.3186,-57.1479,2417025077.61,,,,,,,
2021-06-21,4472458,6.2,6.39,6.2,6.3,0.03,0.48,1.14,28171280,,,77.6494,2.5533,1.3249,-57.4213,2428589790.9,,,,,,,
2021-06-22,4720546,6.35,6.39,6.25,6.34,0.04,0.63,1.21,29791567,,,78.1424,2.5695,1.3333,-57.7859,2444009408.62,,,,,,,
2021-06-23,5398618,6.37,6.52,6.23,6.42,0.08,1.26,1.39,34607722,,,79.1284,2.602,1.3502,-58.5151,2474848644.06,,,,,,,
2021-06-24,19310870,6.34,7.42,6.3,6.93,0.51,7.94,4.97,131274199,,,85.4143,2.8087,1.4574,-63.1635,2671448769.99,,,,,,,
2021-06-25,11847042,6.83,6.84,6.61,6.68,-0.25,-3.61,3.04,79262281,,,82.333,2.7073,1.4048,-60.8848,2575076159.24,,,,,,,
2021-06-28,11002074,6.69,6.99,6.61,6.83,0.15,2.25,2.83,74733912,,,84.1818,2.7681,1.4364,-62.252,2632899725.69,,,,,,,
2021-06-29,6553431,6.83,6.83,6.6,6.6,-0.23,-3.37,1.69,43664118,,,81.347,2.6749,1.388,-60.1557,2544236923.8,,,,,,,
2021-06-30,4881698,6.63,6.63,6.45,6.47,-0.13,-1.97,1.25,31742802,,,-1371.8065,2.6982,1.4926,-36.604,2494123166.21,,,,,,,
2021-07-01,4721027,6.5,6.63,6.36,6.38,-0.09,-1.39,1.2,30766222,,,-1352.7242,2.6606,1.4719,-36.0948,2459429026.34,,,,,,,
2021-07-02,4580566,6.35,6.55,6.29,6.46,0.08,1.25,1.17,29444578,,,-1369.6863,2.694,1.4903,-36.5474,2490268261.78,,,,,,,
2021-07-05,6544305,6.46,6.74,6.42,6.65,0.19,2.94,1.68,43361754,,,-1409.9712,2.7732,1.5342,-37.6223,2563511445.95,,,,,,,
2021-07-06,5544130,6.58,6.75,6.58,6.72,0.07,1.05,1.42,37061057,,,-1424.813,2.8024,1.5503,-38.0183,2590495776.96,,,,,,,
2021-07-07,10993912,6.78,7.06,6.72,6.8,0.08,1.19,2.83,75763470,,,-1441.775,2.8358,1.5688,-38.4709,2621335012.4,,,,,,,
2021-07-08,8415981,6.83,6.97,6.71,6.73,-0.07,-1.03,2.16,57513224,,,-1426.9332,2.8066,1.5526,-38.0749,2594350681.39,,,,,,,
2021-07-09,16541051,6.73,7.38,6.71,7.09,0.36,5.35,4.2,117371891,,,-1503.2625,2.9567,1.6357,-40.1116,2733127240.87,,,,,,,
2021-07-12,12716537,7.09,7.21,6.93,7.13,0.04,0.56,3.26,90122972,,,-1511.7435,2.9734,1.6449,-40.3379,2748546858.59,,,,,,,
2021-07-13,11263821,7.15,7.29,7.01,7.25,0.12,1.68,2.85,80759837,,,-1537.1866,3.0234,1.6726,-41.0168,2794805711.75,,,,,,,
2021-07-14,20754757,7.6,7.96,7.04,7.11,-0.14,-1.93,5.35,155475273,,,-1507.503,2.9651,1.6403,-40.2248,2740837049.73,,,,,,,
2021-07-15,14130424,6.83,7,6.7,6.78,-0.33,-4.64,3.65,96225978,,,-1437.5345,2.8274,1.5641,-38.3578,2613625203.54,,,,,,,
2021-07-16,8072983,6.83,6.86,6.61,6.61,-0.17,-2.51,2.04,54021108,,,-1401.4901,2.7565,1.5249,-37.396,2548091828.23,,,,,,,
2021-07-19,7438207,6.55,6.6,6.44,6.48,-0.13,-1.97,1.91,48414805,,,-1373.9268,2.7023,1.4949,-36.6605,2497978070.64,,,,,,,
2021-07-20,5455794,6.45,6.6,6.4,6.59,0.11,1.7,1.4,35551671,,,-1397.2496,2.7482,1.5203,-37.2829,2540382019.37,,,,,,,
2021-07-21,11113914,6.58,6.93,6.55,6.83,0.24,3.64,2.83,75453344,,,-1448.1358,2.8483,1.5757,-38.6407,2632899725.69,,,,,,,
2021-07-22,9915406,6.79,7.03,6.76,7.01,0.18,2.64,2.52,68422618,,,-1486.3004,2.9234,1.6172,-39.659,2702288005.43,,,,,,,
2021-07-23,7542089,6.93,7.06,6.88,6.93,-0.08,-1.14,1.94,52434789,,,-1469.3384,2.89,1.5987,-39.2064,2671448769.99,,,,,,,
2021-07-26,11162819,6.93,7.05,6.6,6.84,-0.09,-1.3,2.86,76474406,,,-1450.256,2.8525,1.578,-38.6972,2636754630.12,,,,,,,
2021-07-27,9138763,6.84,6.94,6.41,6.44,-0.4,-5.85,2.35,61375486,,,-1365.4457,2.6857,1.4857,-36.4342,2482558452.92,,,,,,,
2021-07-28,8030605,6.33,6.47,6.06,6.13,-0.31,-4.81,2.06,49863816,,,-1299.7178,2.5564,1.4142,-34.6804,2363056415.59,,,,,,,
2021-07-29,6065440,6.15,6.32,6.13,6.26,0.13,2.12,1.56,37926958,,,-1327.2811,2.6106,1.4442,-35.4159,2413170173.18,,,,,,,
2021-07-30,8194992,6.24,6.6,6.2,6.56,0.3,4.79,2.09,52931265,,,-1390.8888,2.7357,1.5134,-37.1131,2528817306.08,,,,,,,
2021-08-02,10302242,6.54,6.9,6.46,6.73,0.17,2.59,2.64,69708676,,,-1426.9332,2.8066,1.5526,-38.0749,2594350681.39,,,,,,,
2021-08-03,10321258,6.78,6.97,6.76,6.84,0.11,1.63,2.62,70943838,4000,27360,-1450.256,2.8525,1.578,-38.6972,2636754630.12,,,,,,,
2021-08-04,7533797,6.84,6.91,6.75,6.89,0.05,0.73,1.94,51555833,500,3445,-1460.8573,2.8733,1.5895,-38.9801,2656029152.27,,,,,,,
2021-08-05,5206213,6.93,6.93,6.78,6.84,-0.05,-0.73,1.35,35577404,,,-1450.256,2.8525,1.578,-38.6972,2636754630.12,,,,,,,
2021-08-06,6068036,6.87,6.94,6.76,6.91,0.07,1.02,1.55,41741404,,,-1465.0978,2.8817,1.5941,-39.0933,2663738961.13,,,,,,,
2021-08-09,11880617,6.92,7.25,6.9,7.2,0.29,4.2,3.01,84673836,,,-1526.5853,3.0026,1.661,-40.7339,2775531189.6,,,,,,,
2021-08-10,11949702,7.12,7.31,7.07,7.11,-0.09,-1.25,3.08,85733399,,,-1507.503,2.9651,1.6403,-40.2248,2740837049.73,,,,,,,
2021-08-11,10068706,7.11,7.19,6.97,6.99,-0.12,-1.69,2.57,71075181,,,-1482.0599,2.915,1.6126,-39.5459,2694578196.57,,,,,,,
2021-08-12,8331843,7.22,7.24,6.93,7.08,0.09,1.29,2.14,58780236,,,-1501.1422,2.9525,1.6334,-40.055,2729272336.44,,,,,,,
2021-08-13,6780395,7.06,7.12,6.88,6.94,-0.14,-1.98,1.73,47194179,,,-1471.4586,2.8942,1.6011,-39.263,2675303674.42,,,,,,,
2021-08-16,19005195,6.91,7.45,6.91,7.39,0.45,6.48,4.87,138164190,,,-1566.8702,3.0818,1.7049,-41.8088,2848774373.77,,,,,,,
2021-08-17,12426419,7.39,7.46,7.12,7.19,-0.2,-2.71,3.18,90437510,,,-1524.4651,2.9984,1.6587,-40.6773,2771676285.17,,,,,,,
2021-08-18,14500011,7.12,7.45,7.1,7.39,0.2,2.78,3.69,106001519,,,-1566.8702,3.0818,1.7049,-41.8088,2848774373.77,,,,,,,
2021-08-19,14839079,7.45,7.5,6.98,7.12,-0.27,-3.65,3.82,105821572,,,-1509.6233,2.9692,1.6426,-40.2813,2744691954.16,,,,,,,
2021-08-20,11928083,7.12,7.3,6.97,7.24,0.12,1.69,3.07,84742685,,,-1535.0663,3.0193,1.6703,-40.9602,2790950807.32,,,,,,,
2021-08-23,13235102,7.2,7.36,7.03,7.22,-0.02,-0.28,3.38,94523251,,,-1530.8258,3.0109,1.6657,-40.8471,2783240998.46,,,,,,,
2021-08-24,26190191,7.3,7.68,7.03,7.12,-0.1,-1.39,6.76,193105608,,,-1509.6233,2.9692,1.6426,-40.2813,2744691954.16,,,,,,,
2021-08-25,16064583,7.03,7.25,6.8,7.18,0.06,0.84,4.08,113135345,,,-1522.3448,2.9943,1.6564,-40.6208,2767821380.74,,,,,,,
2021-08-26,27332003,7.22,7.76,6.91,7.46,0.28,3.9,6.99,200480363,1400,10444,-1581.712,3.111,1.721,-42.2049,2875758704.78,,,,,,,
2021-08-27,34503499,7.33,7.39,6.55,6.66,-0.8,-10.72,8.9,239504204,,,-1412.0914,2.7774,1.5365,-37.6789,2567366350.38,,,,,,,
2021-08-30,22678973,6.4,6.51,6.03,6.1,-0.56,-8.41,5.79,140206295,,,-1293.357,2.5439,1.4073,-34.5107,2351491702.3,,,,,,,
2021-08-31,14765873,6.1,6.42,6.1,6.27,0.17,2.79,3.8,92711758,,,-1329.4014,2.6148,1.4465,-35.4725,2417025077.61,,,,,,,
2021-09-01,13251353,6.23,6.33,5.96,6,-0.27,-4.31,3.34,80877350,,,-1272.1544,2.5022,1.3842,-33.9449,2312942658,,,,,,,
2021-09-02,8048918,5.98,6.13,5.88,6.11,0.11,1.83,2.05,48415900,,,-1295.4773,2.548,1.4096,-34.5673,2355346606.73,,,,,,,
2021-09-03,6904926,6.09,6.25,6.05,6.11,0,0,1.77,42390285,,,-1295.4773,2.548,1.4096,-34.5673,2355346606.73,,,,,,,
2021-09-06,5745548,6.08,6.17,6,6.08,-0.03,-0.49,1.46,34879595,,,-1289.1165,2.5355,1.4027,-34.3975,2343781893.44,,,,,,,
2021-09-07,6051167,6.1,6.24,6.05,6.21,0.13,2.14,1.56,37361068,,,-1316.6798,2.5897,1.4326,-35.133,2393895651.03,,,,,,,
2021-09-08,6547368,6.18,6.29,6.18,6.27,0.06,0.97,1.67,40830799,,,-1329.4014,2.6148,1.4465,-35.4725,2417025077.61,,,,,,,
2021-09-09,5547162,6.27,6.3,6.19,6.24,-0.03,-0.48,1.4,34573228,,,-1323.0406,2.6022,1.4396,-35.3027,2405460364.32,,,,,,,
2021-09-10,7053927,6.21,6.21,6,6.07,-0.17,-2.72,1.8,43083893,,,-1286.9962,2.5314,1.4003,-34.341,2339926989.01,,,,,,,
2021-09-13,5969284,6.1,6.29,6.08,6.24,0.17,2.8,1.51,37114656,,,-1323.0406,2.6022,1.4396,-35.3027,2405460364.32,,,,,,,
2021-09-14,5679485,6.19,6.26,6.07,6.09,-0.15,-2.4,1.45,34928412,,,-1291.2367,2.5397,1.405,-34.4541,2347636797.87,,,,,,,
2021-09-15,5042506,6.07,6.24,6.05,6.21,0.12,1.97,1.3,31219201,1500,9315,-1316.6798,2.5897,1.4326,-35.133,2393895651.03,,,,,,,
2021-09-16,4892592,6.27,6.27,6.06,6.06,-0.15,-2.42,1.25,30094734,,,-1284.876,2.5272,1.398,-34.2844,2336072084.58,,,,,,,
2021-09-17,5140051,6.06,6.12,5.91,6.03,-0.03,-0.5,1.32,30898134,,,-1278.5152,2.5147,1.3911,-34.1147,2324507371.29,,,,,,,
2021-09-22,3053242,5.97,6.14,5.93,6.12,0.09,1.49,0.78,18462414,900,5508,-1297.5975,2.5522,1.4119,-34.6238,2359201511.16,,,,,,,
2021-09-23,11134244,6.11,6.4,6.11,6.4,0.28,4.58,2.82,69933788,4000,25600,-1356.9647,2.669,1.4765,-36.2079,2467138835.2,,,,,,,
2021-09-24,6608637,6.3,6.37,6.15,6.16,-0.24,-3.75,1.7,41106671,,,-1306.0785,2.5689,1.4211,-34.8501,2374621128.88,,,,,,,
2021-09-27,6001818,6.14,6.16,5.85,5.9,-0.26,-4.22,1.54,35888085,,,-1250.9519,2.4605,1.3611,-33.3792,2274393613.7,,,,,,,
2021-09-28,2191494,5.89,6,5.86,5.98,0.08,1.36,0.55,13042020,,,-1267.9139,2.4938,1.3796,-33.8318,2305232849.14,,,,,,,
2021-09-29,4471466,5.95,5.96,5.65,5.66,-0.32,-5.35,1.15,25806433,,,-1200.0657,2.3604,1.3058,-32.0214,2181875907.38,,,,,,,
2021-09-30,1912907,5.72,5.78,5.67,5.76,0.1,1.77,0.48,10991060,,,-58.9131,2.4442,1.7324,-30.4223,2220424951.68,,,,,,,
2021-10-08,1870208,5.81,5.94,5.81,5.89,0.13,2.26,0.48,11020578,,,-60.2427,2.4994,1.7715,-31.1089,2270538709.27,,,,,,,
2021-10-11,2200211,5.9,5.91,5.76,5.79,-0.1,-1.7,0.56,12757128,,,-59.2199,2.4569,1.7415,-30.5808,2231989664.97,,,,,,,
2021-10-12,2007692,5.82,5.82,5.62,5.69,-0.1,-1.73,0.52,11417759,,,-58.1971,2.4145,1.7114,-30.0526,2193440620.67,,,,,,,
2021-10-13,2333701,5.71,5.71,5.57,5.66,-0.03,-0.53,0.6,13108074,,,-57.8903,2.4018,1.7024,-29.8941,2181875907.38,,,,,,,
2021-10-14,1767125,5.66,5.69,5.55,5.69,0.03,0.53,0.45,9956815,,,-58.1971,2.4145,1.7114,-30.0526,2193440620.67,,,,,,,
2021-10-15,1826967,5.71,5.71,5.58,5.63,-0.06,-1.05,0.47,10297654,,,-57.5834,2.389,1.6933,-29.7357,2170311194.09,,,,,,,
2021-10-18,3773793,5.65,5.65,5.46,5.51,-0.12,-2.13,0.97,20948466,,,-56.3561,2.3381,1.6572,-29.1019,2124052340.93,,,,,,,
2021-10-19,5535542,5.51,5.51,5.25,5.32,-0.19,-3.45,1.42,29556327,,,-54.4128,2.2575,1.6001,-28.0984,2050809156.76,,,,,,,
2021-10-20,3562412,5.36,5.39,5.24,5.26,-0.06,-1.13,0.91,18773344,,,-53.7991,2.232,1.582,-27.7815,2027679730.18,,,,,,,
2021-10-21,6630324,5.26,5.42,5.09,5.28,0.02,0.38,1.69,34572362,,,-54.0036,2.2405,1.5881,-27.8871,2035389539.04,,,,,,,
2021-10-22,4378256,5.24,5.24,5.06,5.06,-0.22,-4.17,1.11,22466030,,,-51.7535,2.1472,1.5219,-26.7251,1950581641.58,,,,,,,
2021-10-25,2536286,5.01,5.18,5.01,5.16,0.1,1.98,0.65,12988751,,,-52.7763,2.1896,1.552,-27.2533,1989130685.88,,,,,,,
2021-10-26,1882065,5.16,5.17,5.04,5.06,-0.1,-1.94,0.48,9581234,,,-51.7535,2.1472,1.5219,-26.7251,1950581641.58,,,,,,,
2021-10-27,3900967,5.1,5.1,4.83,4.9,-0.16,-3.16,0.99,19160954,,,-50.117,2.0793,1.4738,-25.8801,1888903170.7,,,,,,,
2021-10-28,2184566,4.89,4.91,4.78,4.86,-0.04,-0.82,0.55,10583580,,,-49.7079,2.0623,1.4617,-25.6688,1873483552.98,,,,,,,
2021-10-29,1993959,4.82,4.95,4.8,4.92,0.06,1.23,0.51,9740274,,,-50.3216,2.0878,1.4798,-25.9857,1896612979.56,,,,,,,
2021-11-01,1822925,4.94,5,4.88,4.97,0.05,1.02,0.47,9038468,,,-50.833,2.109,1.4948,-26.2498,1915887501.71,,,,,,,
2021-11-02,2861076,4.96,5.07,4.81,4.85,-0.12,-2.41,0.72,14103483,,,-49.6056,2.0581,1.4587,-25.616,1869628648.55,,,,,,,
2021-11-03,2290116,4.9,4.99,4.84,4.94,0.09,1.86,0.58,11300479,,,-50.5261,2.0962,1.4858,-26.0913,1904322788.42,,,,,,,
2021-11-04,1565325,4.94,5,4.93,4.98,0.04,0.81,0.38,7772057,,,-50.9352,2.1132,1.4978,-26.3026,1919742406.14,,,,,,,
2021-11-05,2810271,4.99,5.08,4.98,5.06,0.08,1.61,0.72,14148610,,,-51.7535,2.1472,1.5219,-26.7251,1950581641.58,,,,,,,
2021-11-08,10160765,5.49,5.73,5.25,5.27,0.21,4.15,2.61,54697049,,,-53.9014,2.2363,1.5851,-27.8343,2031534634.61,,,,,,,
2021-11-09,6470628,5.2,5.34,5.12,5.19,-0.08,-1.52,1.65,33497404,,,-53.0831,2.2023,1.561,-27.4118,2000695399.17,,,,,,,
2021-11-10,3394329,5.2,5.22,5.1,5.21,0.02,0.39,0.86,17500430,,,-53.2877,2.2108,1.567,-27.5174,2008405208.03,,,,,,,
2021-11-11,3806220,5.22,5.33,5.22,5.23,0.02,0.38,0.98,20027489,,,-53.4922,2.2193,1.573,-27.623,2016115016.89,,,,,,,
2021-11-12,12123586,5.27,5.69,5.25,5.52,0.29,5.54,3.12,66682053,,,-56.4583,2.3424,1.6602,-29.1547,2127907245.36,,,,,,,
2021-11-15,10306944,5.49,5.79,5.49,5.68,0.16,2.9,2.65,58571510,,,-58.0948,2.4103,1.7084,-29.9998,2189585716.24,,,,,,,
2021-11-16,6385644,5.69,5.75,5.54,5.56,-0.12,-2.11,1.64,35834878,,,-56.8675,2.3593,1.6723,-29.366,2143326863.08,,,,,,,
2021-11-17,3566098,5.57,5.68,5.57,5.66,0.1,1.8,0.9,20063743,,,-57.8903,2.4018,1.7024,-29.8941,2181875907.38,,,,,,,
2021-11-18,3087093,5.66,5.71,5.53,5.54,-0.12,-2.12,0.79,17289060,,,-56.6629,2.3509,1.6663,-29.2603,2135617054.22,,,,,,,
2021-11-19,4401473,5.52,5.71,5.52,5.67,0.13,2.35,1.13,24849171,,,-57.9925,2.406,1.7054,-29.947,2185730811.81,,,,,,,
2021-11-22,3456844,5.65,5.71,5.56,5.62,-0.05,-0.88,0.89,19416673,,,-57.4811,2.3848,1.6903,-29.6829,2166456289.66,,,,,,,
2021-11-23,2464857,5.7,5.7,5.53,5.6,-0.02,-0.36,0.64,13802711,,,-57.2766,2.3763,1.6843,-29.5772,2158746480.8,,,,,,,
2021-11-24,2861004,5.6,5.6,5.5,5.56,-0.04,-0.71,0.73,15893529,200,1112,-56.8675,2.3593,1.6723,-29.366,2143326863.08,,,,,,,
2021-11-25,2781296,5.58,5.61,5.48,5.57,0.01,0.18,0.71,15453183,,,-56.9697,2.3636,1.6753,-29.4188,2147181767.51,,,,,,,
2021-11-26,4041137,5.54,5.65,5.49,5.54,-0.03,-0.54,1.04,22548138,,,-56.6629,2.3509,1.6663,-29.2603,2135617054.22,,,,,,,
2021-11-29,2583762,5.46,5.56,5.4,5.5,-0.04,-0.72,0.66,14194154,,,-56.2538,2.3339,1.6542,-29.0491,2120197436.5,,,,,,,
2021-11-30,3142928,5.5,5.63,5.5,5.57,0.07,1.27,0.81,17525801,,,-56.9697,2.3636,1.6753,-29.4188,2147181767.51,,,,,,,
2021-12-01,11085305,5.56,5.95,5.55,5.93,0.36,6.46,2.83,64443030,,,-60.6518,2.5163,1.7836,-31.3202,2285958326.99,,,,,,,
2021-12-02,12261251,5.87,6.15,5.87,5.97,0.04,0.67,3.17,74007882,,,-61.0609,2.5333,1.7956,-31.5314,2301377944.71,,,,,,,
2021-12-03,8012843,5.97,6.11,5.97,5.99,0.02,0.34,2.07,48404673,,,-61.2655,2.5418,1.8016,-31.6371,2309087753.57,,,,,,,
2021-12-06,7346634,6.01,6.15,5.95,6.05,0.06,1,1.88,44414013,,,-61.8792,2.5673,1.8197,-31.954,2332217180.15,,,,,,,
2021-12-07,4955000,5.98,6.04,5.8,5.87,-0.18,-2.98,1.28,29112812,,,-60.0381,2.4909,1.7655,-31.0033,2262828900.41,,,,,,,
2021-12-08,7168110,5.9,6.14,5.81,6.09,0.22,3.75,1.82,43329896,,,-62.2883,2.5842,1.8317,-32.1652,2347636797.87,,,,,,,
2021-12-09,10683894,6.02,6.25,6.02,6.21,0.12,1.97,2.73,65601111,,,-63.5156,2.6352,1.8678,-32.799,2393895651.03,,,,,,,
2021-12-10,18590207,6.19,6.64,6.11,6.55,0.34,5.48,4.75,119893818,,,-66.9931,2.7794,1.97,-34.5948,2524962401.65,,,,,,,
2021-12-13,29329428,6.56,7.35,6.56,7.2,0.65,9.92,7.54,206510875,2100,15120,-73.6413,3.0553,2.1655,-38.0279,2775531189.6,,,,,,,
2021-12-14,23266299,7.26,7.49,6.97,7.35,0.15,2.08,5.96,168495818,,,-75.1755,3.1189,2.2107,-38.8201,2833354756.05,,,,,,,
2021-12-15,22027497,7.28,7.86,7.28,7.62,0.27,3.67,5.62,168706991,,,-77.9371,3.2335,2.2919,-40.2462,2937437175.66,,,,,,,
2021-12-16,15346186,7.66,7.82,7.45,7.54,-0.08,-1.05,3.92,116696001,100,754,-77.1188,3.1995,2.2678,-39.8236,2906597940.22,,,,,,,
2021-12-17,12498919,7.61,7.75,7.49,7.58,0.04,0.53,3.21,94898937,,,-77.5279,3.2165,2.2798,-40.0349,2922017557.94,,,,,,,
2021-12-20,15628161,7.5,7.78,7.37,7.39,-0.19,-2.51,4.02,117637123,,,-75.5846,3.1359,2.2227,-39.0314,2848774373.77,,,,,,,
2021-12-21,8242527,7.37,7.64,7.33,7.39,0,0,2.09,61077875,,,-75.5846,3.1359,2.2227,-39.0314,2848774373.77,,,,,,,
2021-12-22,12354589,7.4,7.45,7.04,7.18,-0.21,-2.84,3.16,88565335,,,-73.4368,3.0468,2.1595,-37.9222,2767821380.74,,,,,,,
2021-12-23,7982569,7.24,7.24,6.91,6.94,-0.24,-3.34,1.99,56092865,,,-70.982,2.9449,2.0873,-36.6546,2675303674.42,,,,,,,
2021-12-24,5778498,7,7.06,6.8,6.82,-0.12,-1.73,1.48,39752403,,,-69.7547,2.894,2.0512,-36.0209,2629044821.26,,,,,,,
2021-12-27,6783707,6.82,6.89,6.69,6.77,-0.05,-0.73,1.72,45933795,,,-69.2433,2.8728,2.0362,-35.7568,2609770299.11,,,,,,,
2021-12-28,9700858,6.77,6.8,6.51,6.67,-0.1,-1.48,2.48,64232075,,,-68.2205,2.8304,2.0061,-35.2286,2571221254.81,,,,,,,
2021-12-29,14654055,6.65,6.91,6.25,6.8,0.13,1.95,3.77,96468653,,,-69.5501,2.8855,2.0452,-35.9152,2621335012.4,,,,,,,
2021-12-30,13466829,6.75,7.31,6.75,7.23,0.43,6.32,3.45,95769037,,,-73.9482,3.068,2.1746,-38.1863,2787095902.89,,,,,,,
2021-12-31,35163723,7.25,7.28,6.33,6.69,-0.54,-7.47,8.99,237225512,,,-6.0127,5.1823,2.2582,50.3307,2578931063.67,,,,,,,
2022-01-04,21448796,6.68,7.28,6.67,7.21,0.52,7.77,5.51,150483053,,,-6.4801,5.5851,2.4337,54.2428,2779386094.03,,,,,,,
2022-01-05,13079569,7.21,7.37,6.99,7.2,-0.01,-0.14,3.33,93516396,700,5040,-6.4711,5.5774,2.4303,54.1676,2775531189.6,,,,,,,
2022-01-06,34948516,7.21,8.64,7.17,8.64,1.44,20,9.04,288577107,1100,9504,-7.7653,6.6929,2.9164,65.0011,3330637427.52,,,,,,,
2022-01-07,54621629,8.29,8.4,7.79,7.79,-0.85,-9.84,13.89,440440300,,,-7.0013,6.0344,2.6295,58.6063,3002970550.97,,,,,,,
2022-01-10,34068163,7.74,8.42,7.74,8.2,0.41,5.26,8.73,276155196,5300,43460,-7.3698,6.352,2.7679,61.6909,3161021632.6,,,,,,,
2022-01-11,26416658,8.32,8.55,8,8.14,-0.06,-0.73,6.75,217071002,,,-7.3159,6.3056,2.7476,61.2395,3137892206.02,,,,,,,
2022-01-12,16966369,8.12,8.21,7.83,8.05,-0.09,-1.11,4.33,136866329,,,-7.235,6.2358,2.7172,60.5624,3103198066.15,,,,,,,
2022-01-13,12698267,8.1,8.19,7.75,8.16,0.11,1.37,3.2,102173498,,,-7.3339,6.321,2.7544,61.39,3145602014.88,,,,,,,
2022-01-14,12594927,8.15,8.35,7.91,7.95,-0.21,-2.57,3.2,101670135,,,-7.1451,6.1584,2.6835,59.8101,3064649021.85,,,,,,,
2022-01-17,11590559,7.99,8.17,7.91,8.11,0.16,2.01,2.91,93174308,,,-7.2889,6.2823,2.7375,61.0138,3126327492.73,,,,,,,
2022-01-18,11184581,8.12,8.26,7.8,7.87,-0.24,-2.96,2.87,89634471,,,-7.0732,6.0964,2.6565,59.2082,3033809786.41,,,,,,,
2022-01-19,17541967,7.86,7.98,7.5,7.63,-0.24,-3.05,4.5,134629609,400,3052,-6.8575,5.9105,2.5755,57.4026,2941292080.09,,,,,,,
2022-01-20,12943962,7.77,7.77,7.07,7.12,-0.51,-6.68,3.33,94372878,,,-6.3992,5.5154,2.4033,53.5658,2744691954.16,,,,,,,
2022-01-21,10604885,7.01,7.63,7.01,7.41,0.29,4.07,2.72,78160942,200,1482,-6.6598,5.7401,2.5012,55.7475,2856484182.63,,,,,,,
2022-01-24,8691509,7.41,7.55,7.21,7.41,0,0,2.23,64384141,,,-6.6598,5.7401,2.5012,55.7475,2856484182.63,,,,,,,
2022-01-25,8459732,7.4,7.55,7.13,7.23,-0.18,-2.43,2.16,62156372,,,-6.498,5.6006,2.4405,54.3933,2787095902.89,,,,,,,
2022-01-26,14089025,7.53,7.73,6.8,7.01,-0.22,-3.04,3.61,99869854,,,-6.3003,5.4302,2.3662,52.7382,2702288005.43,,,,,,,
2022-01-27,9986682,7.02,7.09,6.67,6.75,-0.26,-3.71,2.52,68504196,,,-6.0666,5.2288,2.2784,50.7821,2602060490.25,,,,,,,
2022-01-28,10607057,6.69,7.36,6.69,7.15,0.4,5.93,2.73,75546479,,,-6.4261,5.5387,2.4135,53.7915,2756256667.45,,,,,,,
2022-02-07,18596419,8.05,8.05,7.01,7.1,-0.05,-0.7,4.76,136271186,,,-6.3812,5.4999,2.3966,53.4153,2736982145.3,,,,,,,
2022-02-08,14389362,7.03,7.47,6.86,7.29,0.19,2.68,3.72,103406658,,,-6.552,5.6471,2.4607,54.8447,2810225329.47,,,,,,,
2022-02-09,9207855,7.26,7.38,7.14,7.31,0.02,0.27,2.34,66873289,,,-6.5699,5.6626,2.4675,54.9952,2817935138.33,,,,,,,
2022-02-10,10232394,7.52,7.61,7.15,7.27,-0.04,-0.55,2.62,74973807,,,-6.534,5.6316,2.454,54.6942,2802515520.61,,,,,,,
2022-02-11,9317192,7.2,7.26,6.94,6.97,-0.3,-4.13,2.4,65719143,,,-6.2644,5.3992,2.3527,52.4373,2686868387.71,,,,,,,
2022-02-14,5138838,6.95,7.09,6.81,6.87,-0.1,-1.43,1.29,35629635,,,-6.1745,5.3218,2.3189,51.6849,2648319343.41,,,,,,,
2022-02-15,5789637,6.85,6.88,6.65,6.69,-0.18,-2.62,1.48,38960753,,,-6.0127,5.1823,2.2582,50.3307,2578931063.67,,,,,,,
2022-02-16,6423994,6.68,6.99,6.68,6.86,0.17,2.54,1.65,43854540,,,-6.1655,5.314,2.3156,51.6097,2644464438.98,,,,,,,
2022-02-17,10680163,6.84,7.21,6.84,6.89,0.03,0.44,2.75,75221764,,,-6.1925,5.3373,2.3257,51.8354,2656029152.27,,,,,,,
2022-02-18,5720412,6.76,6.95,6.7,6.8,-0.09,-1.31,1.46,38937967,,,-6.1116,5.2675,2.2953,51.1583,2621335012.4,,,,,,,
2022-02-21,10451756,6.91,7.18,6.73,7.06,0.26,3.82,2.68,72915577,,,-6.3453,5.4689,2.3831,53.1144,2721562527.58,,,,,,,
2022-02-22,8277358,6.99,7.17,6.82,6.85,-0.21,-2.97,2.13,57531699,,,-6.1565,5.3063,2.3122,51.5345,2640609534.55,,,,,,,
2022-02-23,7180759,6.77,6.94,6.67,6.83,-0.02,-0.29,1.83,48900645,,,-6.1385,5.2908,2.3054,51.384,2632899725.69,,,,,,,
2022-02-24,10579127,6.81,6.87,6.42,6.6,-0.23,-3.37,2.71,69967660,,,-5.9318,5.1126,2.2278,49.6536,2544236923.8,,,,,,,
2022-02-25,4996221,6.69,6.73,6.6,6.62,0.02,0.3,1.29,33192160,,,-5.9498,5.1281,2.2346,49.8041,2551946732.66,,,,,,,
2022-02-28,5757782,6.6,6.7,6.4,6.58,-0.04,-0.6,1.48,37638677,,,-5.9138,5.0971,2.2211,49.5032,2536527114.94,,,,,,,
2022-03-01,10157809,6.56,6.93,6.53,6.86,0.28,4.26,2.63,69140281,,,-6.1655,5.314,2.3156,51.6097,2644464438.98,,,,,,,
2022-03-02,15016759,6.88,7.39,6.87,7.13,0.27,3.94,3.85,107728240,,,-6.4082,5.5232,2.4067,53.641,2748546858.59,,,,,,,
2022-03-03,9168172,7.13,7.2,6.95,6.98,-0.15,-2.1,2.35,64689819,,,-6.2733,5.407,2.3561,52.5125,2690723292.14,,,,,,,
2022-03-04,5941285,6.81,7.01,6.75,6.75,-0.23,-3.3,1.5,40764169,,,-6.0666,5.2288,2.2784,50.7821,2602060490.25,,,,,,,
2022-03-07,5227739,6.74,6.82,6.6,6.65,-0.1,-1.48,1.34,35005696,,,-5.9768,5.1513,2.2447,50.0298,2563511445.95,,,,,,,
2022-03-08,6476748,6.71,6.76,6.4,6.52,-0.13,-1.95,1.67,42554759,,,-5.8599,5.0506,2.2008,49.0518,2513397688.36,,,,,,,
2022-03-09,11395799,6.5,6.7,6.08,6.36,-0.16,-2.45,2.94,72780907,,,-5.7161,4.9267,2.1468,47.8481,2451719217.48,,,,,,,
2022-03-10,7900018,6.47,6.63,6.32,6.34,-0.02,-0.31,2.02,51018517,,,-5.6981,4.9112,2.14,47.6976,2444009408.62,,,,,,,
2022-03-11,6904865,6.35,6.35,6.06,6.28,-0.06,-0.95,1.78,42721601,,,-5.6442,4.8647,2.1198,47.2462,2420879982.04,,,,,,,
2022-03-14,6165420,6.3,6.3,6.07,6.07,-0.21,-3.34,1.58,37941756,,,-5.4555,4.7021,2.0489,45.6663,2339926989.01,,,,,,,
2022-03-15,6721730,6.06,6.1,5.67,5.7,-0.37,-6.1,1.73,39801689,,,-5.1229,4.4154,1.924,42.8827,2197295525.1,,,,,,,
2022-03-16,6736975,5.87,5.99,5.66,5.95,0.25,4.39,1.73,39370260,,,-5.3476,4.6091,2.0084,44.7635,2293668135.85,,,,,,,
2022-03-17,5346043,6.05,6.17,6.01,6.07,0.12,2.02,1.37,32599832,,,-5.4555,4.7021,2.0489,45.6663,2339926989.01,,,,,,,
2022-03-18,4241758,6.08,6.15,6.02,6.08,0.01,0.16,1.09,25864065,,,-5.4645,4.7098,2.0523,45.7415,2343781893.44,,,,,,,
2022-03-21,3730826,6.13,6.17,6.05,6.15,0.07,1.15,0.96,22843297,,,-5.5274,4.764,2.0759,46.2682,2370766224.45,,,,,,,
2022-03-22,2764614,6.14,6.16,6.03,6.08,-0.07,-1.14,0.71,16801572,,,-5.4645,4.7098,2.0523,45.7415,2343781893.44,,,,,,,
2022-03-23,4113524,6.08,6.17,5.99,6.1,0.02,0.33,1.06,25008686,,,-5.4824,4.7253,2.059,45.892,2351491702.3,,,,,,,
2022-03-24,3612078,6.12,6.12,5.95,6.01,-0.09,-1.48,0.93,21697639,,,-5.4016,4.6556,2.0287,45.2149,2316797562.43,,,,,,,
2022-03-25,4401216,6.02,6.11,5.96,6.03,0.02,0.33,1.13,26637640,,,-5.4195,4.6711,2.0354,45.3654,2324507371.29,,,,,,,
2022-03-28,3375407,6.04,6.04,5.86,5.91,-0.12,-1.99,0.87,19976333,,,-5.3117,4.5781,1.9949,44.4626,2278248518.13,,,,,,,
2022-03-29,3110234,5.98,5.98,5.74,5.77,-0.14,-2.37,0.8,18081222,,,-5.1858,4.4697,1.9476,43.4093,2224279856.11,,,,,,,
2022-03-30,2123327,5.77,5.87,5.71,5.82,0.05,0.87,0.55,12291741,,,-5.2308,4.5084,1.9645,43.7855,2243554378.26,,,,,,,
2022-03-31,4630063,5.81,6.04,5.78,5.97,0.15,2.58,1.19,27563349,,,-5.2943,4.5094,2.0033,20.2291,2301377944.71,,,,,,,
2022-04-01,3124366,5.91,6.12,5.88,5.98,0.01,0.17,0.8,18782549,,,-5.3032,4.5169,2.0066,20.263,2305232849.14,,,,,,,
2022-04-06,3031273,5.99,6.12,5.95,6.07,0.09,1.51,0.77,18406994,,,-5.383,4.5849,2.0368,20.5679,2339926989.01,,,,,,,
2022-04-07,3791591,6.15,6.15,5.85,5.85,-0.22,-3.62,0.97,22622315,,,-5.1879,4.4187,1.963,19.8225,2255119091.55,,,,,,,
2022-04-08,2932713,5.9,5.9,5.7,5.74,-0.11,-1.88,0.76,16870488,,,-5.0903,4.3356,1.9261,19.4497,2212715142.82,,,,,,,
2022-04-11,4728091,5.69,5.78,5.36,5.39,-0.35,-6.1,1.22,26119723,,,-4.7799,4.0713,1.8086,18.2638,2077793487.77,,,,,,,
2022-04-12,3765470,5.39,5.6,5.38,5.59,0.2,3.71,0.97,20743835,,,-4.9573,4.2223,1.8757,18.9415,2154891576.37,,,,,,,
2022-04-13,2576598,5.61,5.78,5.49,5.52,-0.07,-1.25,0.66,14316835,,,-4.8952,4.1695,1.8523,18.7043,2127907245.36,,,,,,,
2022-04-14,2160120,5.54,5.62,5.5,5.51,-0.01,-0.18,0.55,12016149,,,-4.8864,4.1619,1.8489,18.6704,2124052340.93,,,,,,,
2022-04-15,3210113,5.52,5.52,5.29,5.32,-0.19,-3.45,0.83,17256933,,,-4.7179,4.0184,1.7851,18.0266,2050809156.76,,,,,,,
2022-04-18,2499316,5.32,5.38,5.15,5.38,0.06,1.13,0.63,13270898,,,-4.7711,4.0637,1.8053,18.2299,2073938583.34,,,,,,,
2022-04-19,1584110,5.38,5.48,5.34,5.41,0.03,0.56,0.4,8562136,,,-4.7977,4.0864,1.8153,18.3315,2085503296.63,,,,,,,
2022-04-20,2361629,5.4,5.49,5.26,5.33,-0.08,-1.48,0.61,12665412,,,-4.7267,4.0259,1.7885,18.0605,2054664061.19,,,,,,,
2022-04-21,3773860,5.28,5.34,5.05,5.09,-0.24,-4.5,0.96,19526017,,,-4.5139,3.8447,1.708,17.2472,1962146354.87,,,,,,,
2022-04-22,3927222,5.1,5.25,4.93,5.19,0.1,1.96,1.01,20155526,,,-4.6026,3.9202,1.7415,17.5861,2000695399.17,,,,,,,
2022-04-25,6990016,5.13,5.15,4.75,4.75,-0.44,-8.48,1.8,34614259,,,-4.2124,3.5878,1.5939,16.0952,1831079604.25,,,,,,,
2022-04-26,5076510,4.63,4.89,4.51,4.55,-0.2,-4.21,1.3,23884706,,,-4.035,3.4368,1.5268,15.4175,1753981515.65,,,,,,,
2022-04-27,4129205,4.55,4.71,4.31,4.71,0.16,3.52,1.05,18745029,,,-4.1769,3.5576,1.5805,15.9596,1815659986.53,,,,,,,
2022-04-28,5054916,4.62,5.02,4.6,4.72,0.01,0.21,1.27,24322520,,,-4.1858,3.5652,1.5838,15.9935,1819514890.96,,,,,,,
2022-04-29,5001113,4.78,5.1,4.74,5.04,0.32,6.78,1.29,24738781,,,-4.4696,3.8069,1.6912,17.0778,1942871832.72,,,,,,,
2022-05-05,4691415,5.02,5.15,4.99,5.03,-0.01,-0.2,1.21,23675025,,,-4.4607,3.7993,1.6878,17.0439,1939016928.29,,,,,,,
2022-05-06,9426922,4.97,5.44,4.92,5.14,0.11,2.19,2.44,49023619,,,-4.5582,3.8824,1.7247,17.4167,1981420877.02,,,,,,,
2022-05-09,7536172,5.07,5.38,5.06,5.18,0.04,0.78,1.94,39194204,,,-4.5937,3.9126,1.7382,17.5522,1996840494.74,,,,,,,
2022-05-10,5795291,5.02,5.14,5,5.06,-0.12,-2.32,1.48,29449466,,,-4.4873,3.822,1.6979,17.1456,1950581641.58,,,,,,,
2022-05-11,5494080,5.05,5.21,5.04,5.06,0,0,1.41,28226773,,,-4.4873,3.822,1.6979,17.1456,1950581641.58,,,,,,,
2022-05-12,6106247,5.06,5.3,5.06,5.2,0.14,2.77,1.57,31733473,,,-4.6115,3.9278,1.7449,17.62,2004550303.6,,,,,,,
2022-05-13,16442389,5.24,5.85,5.18,5.6,0.4,7.69,4.21,91387241,,,-4.9662,4.2299,1.8791,18.9753,2158746480.8,,,,,,,
2022-05-16,8140163,5.5,5.7,5.4,5.49,-0.11,-1.96,2.1,44793472,,,-4.8686,4.1468,1.8422,18.6026,2116342532.07,,,,,,,
2022-05-17,5529505,5.49,5.59,5.27,5.33,-0.16,-2.91,1.42,29615179,,,-4.7267,4.0259,1.7885,18.0605,2054664061.19,,,,,,,
2022-05-18,3997096,5.29,5.44,5.29,5.33,0,0,1.03,21447071,,,-4.7267,4.0259,1.7885,18.0605,2054664061.19,,,,,,,
2022-05-19,4020104,5.24,5.48,5.2,5.47,0.14,2.63,1.01,21621447,,,-4.8509,4.1317,1.8355,18.5348,2108632723.21,,,,,,,
2022-05-20,6333377,5.44,5.69,5.43,5.67,0.2,3.66,1.62,35540110,,,-5.0283,4.2828,1.9026,19.2125,2185730811.81,,,,,,,
2022-05-23,5206815,5.79,5.79,5.47,5.61,-0.06,-1.06,1.34,29103420,,,-4.975,4.2374,1.8825,19.0092,2162601385.23,,,,,,,
2022-05-24,4389904,5.61,5.64,5.38,5.4,-0.21,-3.74,1.11,24067644,1000,5400,-4.7888,4.0788,1.812,18.2977,2081648392.2,,,,,,,
2022-05-25,2619955,5.46,5.54,5.36,5.52,0.12,2.22,0.67,14277910,,,-4.8952,4.1695,1.8523,18.7043,2127907245.36,,,,,,,
2022-05-26,1988798,5.53,5.59,5.42,5.46,-0.06,-1.09,0.5,10898744,,,-4.842,4.1241,1.8321,18.501,2104777818.78,,,,,,,
2022-05-27,2619804,5.4,5.51,5.32,5.44,-0.02,-0.37,0.66,14152580,,,-4.8243,4.109,1.8254,18.4332,2097068009.92,,,,,,,
2022-05-30,3057441,5.43,5.53,5.42,5.43,-0.01,-0.18,0.79,16677717,,,-4.8154,4.1015,1.8221,18.3993,2093213105.49,,,,,,,
2022-05-31,3517961,5.49,5.49,5.29,5.35,-0.08,-1.47,0.9,18783987,,,-4.7445,4.0411,1.7952,18.1282,2062373870.05,,,,,,,
2022-06-01,3648574,5.35,5.48,5.3,5.42,0.07,1.31,0.94,19684375,,,-4.8066,4.0939,1.8187,18.3654,2089358201.06,,,,,,,
2022-06-02,3659189,5.48,5.5,5.28,5.44,0.02,0.37,0.94,19803202,,,-4.8243,4.109,1.8254,18.4332,2097068009.92,,,,,,,
2022-06-06,7283919,5.44,5.59,5.42,5.56,0.12,2.21,1.88,40249677,,,-4.9307,4.1997,1.8657,18.8398,2143326863.08,,,,,,,
2022-06-07,5134693,5.58,5.59,5.35,5.42,-0.14,-2.52,1.33,27921471,,,-4.8066,4.0939,1.8187,18.3654,2089358201.06,,,,,,,
2022-06-08,18656683,5.43,6,5.25,5.93,0.51,9.41,4.79,106442355,,,-5.2588,4.4791,1.9898,20.0935,2285958326.99,,,,,,,
2022-06-09,15898556,5.93,6.15,5.75,5.85,-0.08,-1.35,4.07,94309798,,,-5.1879,4.4187,1.963,19.8225,2255119091.55,,,,,,,
2022-06-10,12999185,5.76,5.99,5.7,5.91,0.06,1.03,3.33,75936008,,,-5.2411,4.464,1.9831,20.0258,2278248518.13,,,,,,,
2022-06-13,18777605,5.9,6.43,5.78,6.24,0.33,5.58,4.84,114940770,,,-5.5337,4.7133,2.0939,21.144,2405460364.32,,,,,,,
2022-06-14,14871397,6.17,6.48,6.06,6.37,0.13,2.08,3.83,93581796,,,-5.649,4.8115,2.1375,21.5845,2455574121.91,,,,,,,
2022-06-15,11696984,6.43,6.43,6.11,6.12,-0.25,-3.92,2.98,73211836,,,-5.4273,4.6227,2.0536,20.7373,2359201511.16,,,,,,,
2022-06-16,12094669,6.1,6.45,6.1,6.38,0.26,4.25,3.12,76719898,,,-5.6579,4.819,2.1408,21.6183,2459429026.34,,,,,,,
2022-06-17,11128070,6.33,6.65,6.31,6.36,-0.02,-0.31,2.82,71961794,,,-5.6402,4.8039,2.1341,21.5506,2451719217.48,,,,,,,
2022-06-20,8526967,6.31,6.52,6.29,6.42,0.06,0.94,2.21,54686144,,,-5.6934,4.8493,2.1543,21.7539,2474848644.06,,,,,,,
2022-06-21,6283754,6.39,6.45,6.3,6.35,-0.07,-1.09,1.62,40012484,,,-5.6313,4.7964,2.1308,21.5167,2447864313.05,,,,,,,
2022-06-22,5121437,6.33,6.4,6.23,6.23,-0.12,-1.89,1.32,32313181,,,-5.5249,4.7057,2.0905,21.1101,2401605459.89,,,,,,,
2022-06-23,6911615,6.25,6.33,6.17,6.27,0.04,0.64,1.77,43124305,,,-5.5603,4.736,2.1039,21.2456,2417025077.61,,,,,,,
2022-06-24,7744414,6.29,6.35,6.07,6.17,-0.1,-1.59,1.99,47868439,,,-5.4717,4.6604,2.0704,20.9068,2378476033.31,,,,,,,
2022-06-27,12517101,6.13,6.5,6,6.4,0.23,3.73,3.23,78379955,,,-5.6756,4.8342,2.1475,21.6861,2467138835.2,,,,,,,
2022-06-28,16713693,6.42,6.95,6.34,6.77,0.37,5.78,4.3,112207373,,,-6.0038,5.1136,2.2717,22.9398,2609770299.11,,,,,,,
2022-06-29,7335511,6.81,6.85,6.64,6.68,-0.09,-1.33,1.88,49196887,,,-5.9239,5.0456,2.2415,22.6349,2575076159.24,,,,,,,
2022-06-30,7838313,6.68,6.75,6.44,6.48,-0.2,-2.99,2.02,51546011,,,-5.7466,4.8946,2.1744,21.9572,2497978070.64,,,,,,,
2022-07-01,30550922,6.55,7.5,6.45,7.18,0.7,10.8,7.86,214902300,,,-6.3674,5.4233,2.4093,24.3291,2767821380.74,,,,,,,
2022-07-04,25981256,7.41,7.77,7.22,7.6,0.42,5.85,6.65,194788319,200,1520,-6.7398,5.7406,2.5502,25.7523,2929727366.8,,,,,,,
2022-07-05,16546261,7.53,7.6,7.04,7.1,-0.5,-6.58,4.21,119641037,,,-6.2964,5.3629,2.3824,24.058,2736982145.3,,,,,,,
2022-07-06,16949499,7.09,7.44,7.06,7.23,0.13,1.83,4.33,123303022,,,-6.4117,5.4611,2.4261,24.4985,2787095902.89,,,,,,,
2022-07-07,16769139,7.23,7.8,7.15,7.65,0.42,5.81,4.32,128135238,,,-6.7842,5.7783,2.567,25.9217,2949001888.95,,,,,,,
2022-07-08,15625378,7.58,8.14,7.53,7.75,0.1,1.31,4.01,121450902,,,-6.8728,5.8539,2.6005,26.2605,2987550933.25,,,,,,,
2022-07-11,15228124,7.75,7.75,7.18,7.33,-0.42,-5.42,3.94,112678681,,,-6.5004,5.5366,2.4596,24.8374,2825644947.19,,,,,,,
2022-07-12,7256846,7.29,7.37,7.1,7.19,-0.14,-1.91,1.87,52522569,100,719,-6.3762,5.4309,2.4126,24.363,2771676285.17,,,,,,,
2022-07-13,8117527,7.25,7.43,7.1,7.4,0.21,2.92,2.08,59088753,,,-6.5625,5.5895,2.4831,25.0746,2852629278.2,,,,,,,
2022-07-14,17966813,7.4,7.98,7.2,7.6,0.2,2.7,4.63,136690416,,,-6.7398,5.7406,2.5502,25.7523,2929727366.8,,,,,,,
2022-07-15,14659660,7.62,7.88,7.36,7.65,0.05,0.66,3.73,111570229,,,-6.7842,5.7783,2.567,25.9217,2949001888.95,,,,,,,
2022-07-18,11787943,7.6,7.94,7.6,7.79,0.14,1.83,3.03,92253759,,,-6.9083,5.8841,2.614,26.3961,3002970550.97,,,,,,,
2022-07-19,22140609,7.79,7.85,7.18,7.33,-0.46,-5.91,5.68,165663319,,,-6.5004,5.5366,2.4596,24.8374,2825644947.19,,,,,,,
2022-07-20,12598331,7.31,7.41,7.13,7.25,-0.08,-1.09,3.24,90840718,,,-6.4294,5.4762,2.4328,24.5663,2794805711.75,,,,,,,
2022-07-21,9830601,7.2,7.4,7.13,7.3,0.05,0.69,2.52,71656412,,,-6.4738,5.514,2.4495,24.7357,2814080233.9,,,,,,,
2022-07-22,9534724,7.32,7.77,7.31,7.4,0.1,1.37,2.45,71504956,,,-6.5625,5.5895,2.4831,25.0746,2852629278.2,,,,,,,
2022-07-25,11082650,7.3,7.41,6.99,7.09,-0.31,-4.19,2.86,79337063,,,-6.2875,5.3553,2.3791,24.0241,2733127240.87,,,,,,,
2022-07-26,6210223,7.1,7.22,6.92,7.02,-0.07,-0.99,1.6,43462215,,,-6.2255,5.3025,2.3556,23.787,2706142909.86,,,,,,,
2022-07-27,6256564,7.06,7.16,6.88,6.91,-0.11,-1.57,1.59,43549484,,,-6.1279,5.2194,2.3187,23.4142,2663738961.13,,,,,,,
2022-07-28,11512838,6.93,7,6.66,6.73,-0.18,-2.6,2.95,78031868,,,-5.9683,5.0834,2.2583,22.8043,2594350681.39,,,,,,,
2022-07-29,36838197,6.68,7.88,6.59,7.72,0.99,14.71,9.45,273593730,,,-6.8462,5.8312,2.5905,26.1589,2975986219.96,,,,,,,
2022-08-01,17634536,7.57,7.83,7.44,7.72,0,0,4.52,134489291,800,6176,-6.8462,5.8312,2.5905,26.1589,2975986219.96,,,,,,,
2022-08-02,18955101,7.83,7.85,7.18,7.4,-0.32,-4.15,4.89,139607485,,,-6.5625,5.5895,2.4831,25.0746,2852629278.2,,,,,,,
2022-08-03,15281317,7.36,7.65,6.91,6.96,-0.44,-5.95,3.93,110074622,,,-6.1723,5.2571,2.3355,23.5836,2683013483.28,,,,,,,
2022-08-04,28582448,7,7.97,6.87,7.77,0.81,11.64,7.33,211899834,,,-6.8906,5.869,2.6073,26.3283,2995260742.11,,,,,,,
2022-08-05,19205155,7.82,7.89,7.56,7.77,0,0,4.95,148072264,600,4662,-6.8906,5.869,2.6073,26.3283,2995260742.11,,,,,,,
2022-08-08,21941325,7.71,8.29,7.56,7.91,0.14,1.8,5.6,175290632,,,-7.0147,5.9747,2.6542,26.8027,3049229404.13,,,,,,,
2022-08-09,10404662,7.86,8,7.65,7.74,-0.17,-2.15,2.67,80873905,,,-6.864,5.8463,2.5972,26.2266,2983696028.82,,,,,,,
2022-08-10,16097923,7.76,8.07,7.54,8.01,0.27,3.49,3.92,125560182,,,-7.1034,6.0502,2.6878,27.1415,3087778448.43,,,,,,,
2022-08-11,22434793,7.91,8.35,7.86,8.18,0.17,2.12,5.73,183692914,,,-7.2542,6.1787,2.7448,27.7176,3153311823.74,,,,,,,
2022-08-12,22288609,8.18,8.65,8.07,8.55,0.37,4.52,5.71,187676099,,,-7.5823,6.4581,2.869,28.9713,3295943287.65,,,,,,,
2022-08-15,40920475,8.8,9.93,8.42,9.69,1.14,13.33,10.51,380095066,,,-8.5933,7.3192,3.2515,32.8341,3735402392.67,,,,,,,
2022-08-16,31874425,9.63,9.99,9.24,9.85,0.16,1.65,8.17,308292247,300,2955,-8.7352,7.4401,3.3052,33.3763,3797080863.55,,,,,,,
2022-08-17,29368430,9.88,10.27,9.15,9.2,-0.65,-6.6,7.46,281843934,,,-8.1587,6.9491,3.0871,31.1738,3546512075.6,,,,,,,
2022-08-18,28957014,9.3,10.21,8.93,9.78,0.58,6.3,7.42,277773373,,,-8.6731,7.3872,3.2817,33.1391,3770096532.54,,,,,,,
2022-08-19,29959078,9.8,10.47,9.69,10.28,0.5,5.11,7.63,303934621,800,8224,-9.1165,7.7649,3.4495,34.8333,3962841754.04,,,,,,,
2022-08-22,17482824,10.03,10.28,9.8,10.09,-0.19,-1.85,4.46,175437097,,,-8.948,7.6213,3.3857,34.1895,3889598569.87,,,,,,,
2022-08-23,19423803,10.14,10.57,9.83,9.92,-0.17,-1.68,4.97,197199424,600,5952,-8.7972,7.4929,3.3287,33.6135,3824065194.56,,,,,,,
2022-08-24,12943773,9.99,10.16,9.55,9.6,-0.32,-3.23,3.31,126015977,,,-8.5135,7.2512,3.2213,32.5292,3700708252.8,,,,,,,
2022-08-25,20857830,9.63,10.25,9.62,10.16,0.56,5.83,5.31,209241269,,,-9.0101,7.6742,3.4092,34.4267,3916582900.88,,,,,,,
2022-08-26,16759629,10,10.33,9.83,10.19,0.03,0.3,4.3,168851515,,,-9.0367,7.6969,3.4193,34.5284,3928147614.17,,,,,,,
2022-08-29,14035438,9.81,10.1,9.5,9.85,-0.34,-3.34,3.58,138107276,,,-9.3963,7.452,3.2597,33.0405,3797080863.55,,,,,,,
2022-08-30,15720101,10.19,10.37,9.65,9.84,-0.01,-0.1,4.04,156403840,,,-9.3868,7.4444,3.2564,33.007,3793225959.12,,,,,,,
2022-08-31,13561672,9.63,9.84,9.19,9.42,-0.42,-4.27,3.46,128293915,,,-8.9861,7.1267,3.1174,31.5981,3631319973.06,,,,,,,
2022-09-01,7088201,9.32,9.72,9.32,9.41,-0.01,-0.11,1.78,67191518,,,-8.9766,7.1191,3.1141,31.5646,3627465068.63,,,,,,,
2022-09-02,9888488,9.46,9.6,8.93,9.52,0.11,1.17,2.53,91839421,,,-9.0815,7.2023,3.1505,31.9336,3669869017.36,,,,,,,
2022-09-05,9535525,9.55,9.62,9.04,9.19,-0.33,-3.47,2.45,88880259,300,2757,-8.7667,6.9527,3.0413,30.8266,3542657171.17,,,,,,,
2022-09-06,11060421,9.3,9.67,9.12,9.63,0.44,4.79,2.82,105012657,,,-9.1864,7.2855,3.1869,32.3026,3712272966.09,,,,,,,
2022-09-07,11186233,9.62,10.12,9.46,9.82,0.19,1.97,2.87,110284030,,,-9.3677,7.4293,3.2498,32.9399,3785516150.26,,,,,,,
2022-09-08,6216131,9.84,9.95,9.55,9.6,-0.22,-2.24,1.58,59960334,,,-9.1578,7.2628,3.177,32.2019,3700708252.8,,,,,,,
2022-09-09,6031486,9.54,9.66,9.23,9.29,-0.31,-3.23,1.53,56579326,,,-8.8621,7.0283,3.0744,31.1621,3581206215.47,,,,,,,
2022-09-13,11738836,9.5,9.64,9,9.11,-0.18,-1.94,3.02,108530835,,,-8.6904,6.8921,3.0149,30.5583,3511817935.73,,,,,,,
2022-09-14,11534907,9.1,9.22,8.73,8.92,-0.19,-2.09,2.94,103008708,,,-8.5091,6.7484,2.952,29.921,3438574751.56,,,,,,,
2022-09-15,11152627,8.82,9,8.25,8.43,-0.49,-5.49,2.84,94998179,,,-8.0417,6.3777,2.7898,28.2773,3249684434.49,,,,,,,
2022-09-16,9795108,8.39,8.78,8.27,8.42,-0.01,-0.12,2.5,83811201,,,-8.0322,6.3701,2.7865,28.2438,3245829530.06,,,,,,,
2022-09-19,5229719,8.55,8.55,8.18,8.31,-0.11,-1.31,1.34,43664447,,,-7.9272,6.2869,2.7501,27.8748,3203425581.33,,,,,,,
2022-09-20,6983349,8.31,8.76,8.31,8.69,0.38,4.57,1.78,60136571,,,-8.2897,6.5744,2.8759,29.1494,3349911949.67,,,,,,,
2022-09-21,6945499,8.71,8.71,8.3,8.47,-0.22,-2.53,1.73,58816009,,,-8.0799,6.408,2.8031,28.4115,3265104052.21,,,,,,,
2022-09-22,6608812,8.2,8.64,8.09,8.28,-0.19,-2.24,1.66,55252016,,,-7.8986,6.2642,2.7402,27.7742,3191860868.04,,,,,,,
2022-09-23,9552235,8.27,8.33,7.8,7.92,-0.36,-4.35,2.45,76221098,,,-7.5552,5.9919,2.621,26.5666,3053084308.56,,,,,,,
2022-09-26,14893259,7.85,8.78,7.85,8.5,0.58,7.32,3.83,125257129,,,-8.1085,6.4306,2.813,28.5121,3276668765.5,,,,,,,
2022-09-27,13929884,8.57,9.07,8.56,8.91,0.41,4.82,3.59,123483135,,,-8.4996,6.7408,2.9487,29.8874,3434719847.13,,,,,,,
2022-09-28,10508449,8.92,9.36,8.84,8.86,-0.05,-0.56,2.69,95960075,,,-8.4519,6.703,2.9321,29.7197,3415445324.98,,,,,,,
2022-09-29,10575885,8.96,9.26,8.77,9.13,0.27,3.05,2.63,95297164,,,-8.7095,6.9073,3.0215,30.6254,3519527744.59,,,,,,,
2022-09-30,24576885,8.9,9.05,8,8.06,-1.07,-11.72,6.31,207034001,200,1612,-7.689,6.106,2.6477705567517313,21.882925684524963,3107052971,,,,,,,
2022-10-10,7958556,8.05,8.28,7.79,7.88,-0.18,-2.23,2.05,63796474,,,-7.517,5.9616,2.6078,26.4324,3037664690.84,,,,,,,
2022-10-11,6569267,7.79,8.23,7.68,8.16,0.28,3.55,1.67,52539989,,,-7.7842,6.1734,2.7005,27.3716,3145602014.88,,,,,,,
2022-10-12,7278977,8.07,8.31,7.88,8.26,0.1,1.23,1.87,58920064,500,4130,-7.8795,6.2491,2.7336,27.7071,3184151059.18,,,,,,,
2022-10-13,7597099,8.26,8.33,7.92,8.02,-0.24,-2.91,1.95,61431439,,,-7.6506,6.0675,2.6541,26.902,3091633352.86,,,,,,,
2022-10-14,12347682,8,8.69,7.97,8.43,0.41,5.11,3.17,103057878,,,-8.0417,6.3777,2.7898,28.2773,3249684434.49,,,,,,,
2022-10-17,6459839,8.39,8.44,8.2,8.37,-0.06,-0.71,1.66,53723672,1100,9207,-7.9845,6.3323,2.77,28.0761,3226555007.91,,,,,,,
2022-10-18,11477814,8.33,8.88,8.33,8.55,0.18,2.15,2.96,99217218,,,-8.1562,6.4685,2.8295,28.6798,3295943287.65,,,,,,,
2022-10-19,5833367,8.55,8.72,8.31,8.32,-0.23,-2.69,1.49,49360157,,,-8.031,6.515,2.7656,27.9083,3207280485.76,,,,,,,
2022-10-20,6060715,8.31,8.33,8.01,8.03,-0.29,-3.49,1.56,49304148,,,-7.7511,6.2879,2.6692,19.5511,3095488257.29,,,,,,,
2022-10-21,5388604,8.05,8.15,7.82,7.87,-0.16,-1.99,1.38,42868073,,,-7.5966,6.1626,2.616,19.1615,3033809786.41,,,,,,,
2022-10-24,10735301,7.87,8.28,7.87,8.03,0.16,2.03,2.78,86953549,,,-7.7511,6.2879,2.6692,19.5511,3095488257.29,,,,,,,
2022-10-25,6017617,8.03,8.17,7.8,8.06,0.03,0.37,1.54,48038056,,,-7.78,6.3114,2.6792,19.6241,3107052970.58,,,,,,,
2022-10-26,5612671,8.05,8.27,7.95,8,-0.06,-0.74,1.44,45272895,,,-7.7221,6.2644,2.6592,19.478,3083923544,,,,,,,
2022-10-27,6790050,7.99,8.11,7.63,7.66,-0.34,-4.25,1.75,53276861,,,-7.3939,5.9982,2.5462,18.6502,2952856793.38,,,,,,,
2022-10-28,5687275,7.67,7.75,7.32,7.35,-0.31,-4.05,1.45,42890138,,,-7.0947,5.7554,2.4432,17.8955,2833354756.05,,,,,,,
2022-10-31,8729736,7.46,7.75,7.33,7.7,0.35,4.76,2.26,66519548,200,1540,-7.4325,6.0295,2.5595,18.7476,2968276411.1,,,,,,,
2022-11-01,9755834,7.75,8.17,7.65,8.13,0.43,5.58,2.49,78581626,,,-7.8476,6.3662,2.7024,19.7946,3134037301.59,,,,,,,
2022-11-02,10675505,8.1,8.51,8.05,8.32,0.19,2.34,2.71,89287668,,,-8.031,6.515,2.7656,20.2572,3207280485.76,,,,,,,
2022-11-03,11290825,8.32,8.79,8.2,8.72,0.4,4.81,2.92,97280627,,,-8.4171,6.8282,2.8986,21.2311,3361476662.96,,,,,,,
2022-11-04,13145802,8.69,9.1,8.6,9.03,0.31,3.56,3.31,117452219,,,-8.7163,7.0709,3.0016,21.9858,3480978700.29,,,,,,,
2022-11-07,12303159,9.03,9.3,8.9,9.15,0.12,1.33,3.15,112576939,,,-8.8322,7.1649,3.0415,22.278,3527237553.45,,,,,,,
2022-11-08,9030653,9.19,9.3,9.03,9.19,0.04,0.44,2.29,82470190,,,-8.8708,7.1962,3.0548,22.3754,3542657171.17,,,,,,,
2022-11-09,13442536,9.28,9.29,8.74,8.77,-0.42,-4.57,3.45,120505992,,,-8.4654,6.8673,2.9152,21.3528,3380751185.11,,,,,,,
2022-11-10,9201544,8.82,8.83,8.51,8.57,-0.2,-2.28,2.36,79351720,,,-8.2723,6.7107,2.8487,20.8659,3303653096.51,,,,,,,
2022-11-11,13821847,8.7,8.86,8.27,8.38,-0.19,-2.22,3.56,117094799,,,-8.0889,6.562,2.7855,20.4033,3230409912.34,,,,,,,
2022-11-14,8512504,8.47,8.65,8.23,8.42,0.04,0.48,2.19,72135782,,,-8.1275,6.5933,2.7988,20.5006,3245829530.06,,,,,,,
2022-11-15,7010254,8.43,8.5,8.3,8.39,-0.03,-0.36,1.8,58657180,,,-8.0986,6.5698,2.7889,20.4276,3234264816.77,,,,,,,
2022-11-16,5676796,8.35,8.48,8.31,8.39,0,0,1.45,47576926,,,-8.0986,6.5698,2.7889,20.4276,3234264816.77,,,,,,,
2022-11-17,5689639,8.41,8.46,8.2,8.33,-0.06,-0.72,1.45,47365292,,,-8.0407,6.5228,2.7689,20.2815,3211135390.19,,,,,,,
2022-11-18,7062699,8.29,8.45,8.22,8.27,-0.06,-0.72,1.81,58844630,,,-7.9827,6.4758,2.749,20.1354,3188005963.61,,,,,,,
2022-11-21,5212257,8.2,8.37,8.15,8.31,0.04,0.48,1.34,43043311,,,-8.0213,6.5071,2.7623,20.2328,3203425581.33,,,,,,,
2022-11-22,8387800,8.26,8.6,8.21,8.22,-0.09,-1.08,2.16,70091730,,,-7.9345,6.4367,2.7323,20.0137,3168731441.46,,,,,,,
2022-11-23,6480484,8.2,8.28,7.98,8.26,0.04,0.49,1.67,52730397,,,-7.9731,6.468,2.7456,20.1111,3184151059.18,,,,,,,
2022-11-24,7551511,8.39,8.52,8.05,8.12,-0.14,-1.69,1.95,62337137,,,-7.8379,6.3584,2.6991,19.7702,3130182397.16,,,,,,,
2022-11-25,4474168,8.12,8.13,7.98,8.01,-0.11,-1.35,1.14,35963358,,,-7.7318,6.2722,2.6625,19.5024,3087778448.43,,,,,,,
2022-11-28,7261520,8.04,8.33,7.9,7.95,-0.06,-0.75,1.87,58411187,,,-7.6739,6.2252,2.6426,19.3563,3064649021.85,,,,,,,
2022-11-29,6695326,7.88,8.05,7.82,7.85,-0.1,-1.26,1.73,52835167,,,-7.5773,6.1469,2.6094,19.1128,3026099977.55,,,,,,,
2022-11-30,6115995,7.85,8.05,7.75,7.89,0.04,0.51,1.58,48309120,,,-7.6159,6.1783,2.6227,19.2102,3041519595.27,,,,,,,
2022-12-01,5056464,7.89,8.04,7.85,7.9,0.01,0.13,1.3,40130493,,,-7.6256,6.1861,2.626,19.2346,3045374499.7,,,,,,,
2022-12-02,3743767,7.88,8,7.82,7.96,0.06,0.76,0.96,29673453,,,-7.6835,6.2331,2.6459,19.3807,3068503926.28,,,,,,,
