timestamp,volume,open,high,low,close,chg,percent,turnoverrate,amount,volume_post,amount_post,pe,pb,ps,pcf,market_capital,balance,hold_volume_cn,hold_ratio_cn,net_volume_cn,hold_volume_hk,hold_ratio_hk,net_volume_hk
2015-03-19,115664,10.5235,10.5235,10.5235,10.5235,3.2143,43.98,0.09,1893420,,,26.6317,3.7058,3.8825,23.1595,10625767000,,,,,,,
2015-03-20,36800,11.5777,11.5777,11.5777,11.5777,1.0542,10.02,0.03,662768,,,29.2998,4.0771,4.2714,25.4797,11690291000,,,,,,,
2015-03-23,54537,12.7349,12.7349,12.7349,12.7349,1.1572,10,0.04,1080378,,,32.2281,4.4846,4.6983,28.0263,12858671000,,,,,,,
2015-03-24,358604,14.0077,14.0077,14.0077,14.0077,1.2728,9.99,0.28,7813981,,,35.4493,4.9328,5.1679,30.8275,14143889000,,,,,,,
2015-03-25,1202577,15.4091,15.4091,15.4091,15.4091,1.4014,10,0.93,28825771,,,38.9958,5.4263,5.685,33.9116,15558927000,,,,,,,
2015-03-26,68991744,15.8655,16.7527,14.792,16.277,0.8679,5.63,53.44,1720142744,,,41.1921,5.7319,6.0051,35.8215,16435212000,,,,,,,
2015-03-27,32383272,15.4155,15.9427,15.1134,15.3191,-0.9579,-5.88,25.08,775844655,,,38.7681,5.3946,5.6517,33.7136,15468053000,,,,,,,
2015-03-30,23870807,15.1263,15.1648,14.8048,14.882,-0.4371,-2.85,18.49,552856312,,,37.6618,5.2407,5.4905,32.7515,15026665000,,,,,,,
2015-03-31,15189601,14.8498,15.0491,14.8048,14.9784,0.0964,0.65,11.77,352798280,,,38.1223,5.1142,5.5045,34.5368,15124030000,,,,,,,
2015-04-01,13713427,14.9463,15.0684,14.8498,15.0363,0.0579,0.39,10.62,319222323,,,38.2696,5.134,5.5257,34.6702,15182449000,,,,,,,
2015-04-02,28297723,15.0813,16.0712,14.9848,15.6213,0.585,3.89,21.92,686633726,,,39.7585,5.3337,5.7407,36.0191,15773130000,,,,,,,
2015-04-03,17217098,15.4541,15.5955,15.242,15.5184,-0.1029,-0.66,13.34,412776931,,,39.4967,5.2986,5.7029,35.7819,15669274000,,,,,,,
2015-04-07,18962358,15.4991,15.7177,15.3384,15.6598,0.1414,0.91,14.69,459925049,,,39.8566,5.3469,5.7549,36.108,15812076000,,,,,,,
2015-04-08,19936460,15.6534,15.7177,15.107,15.3127,-0.3471,-2.22,15.44,476582893,,,38.9731,5.2284,5.6273,35.3076,15461562000,,,,,,,
2015-04-09,13923357,15.2741,15.2741,14.882,15.1134,-0.1993,-1.3,10.78,325668954,,,38.4659,5.1603,5.5541,34.8481,15260341000,,,,,,,
2015-04-10,11843602,15.0813,15.3448,14.9848,15.2805,0.1671,1.11,9.17,280758167,,,38.8913,5.2174,5.6155,35.2335,15429107000,,,,,,,
2015-04-13,21661139,15.4798,15.8784,15.3705,15.7241,0.4436,2.9,16.78,526947313,,,40.0203,5.3689,5.7785,36.2562,15876986000,,,,,,,
2015-04-14,15955662,15.6855,15.6855,15.242,15.3255,-0.3986,-2.53,12.36,384364821,,,39.0058,5.2328,5.632,35.3372,15474544000,,,,,,,
2015-04-15,10811263,15.0748,15.2677,14.8948,14.9591,-0.3664,-2.39,8.37,253214702,,,38.0732,5.1077,5.4974,34.4923,15104557000,,,,,,,
2015-04-16,9352863,14.9141,15.3834,14.8048,15.3127,0.3536,2.36,7.24,221568494,,,38.9731,5.2284,5.6273,35.3076,15461562000,,,,,,,
2015-04-17,16473701,15.4927,15.8591,15.422,15.4348,0.1221,0.8,12.76,399284965,,,39.284,5.2701,5.6722,35.5892,15584891000,,,,,,,
2015-04-20,15270578,15.467,15.7755,15.1713,15.197,-0.2378,-1.54,11.83,367814842,,,38.6786,5.1889,5.5848,35.0408,15344724000,,,,,,,
2015-04-21,19632598,15.107,15.872,15.0684,15.8655,0.6685,4.4,15.21,477694019,,,40.3802,5.4171,5.8305,36.5823,16019788000,,,,,,,
2015-04-22,22211168,15.962,16.3605,15.8784,15.9362,0.0707,0.45,17.2,554413641,,,40.5602,5.4413,5.8565,36.7454,16091189000,,,,,,,
2015-04-23,14025501,15.9427,15.9684,15.6727,15.8077,-0.1285,-0.81,10.86,343903091,,,40.233,5.3974,5.8092,36.4489,15961369000,,,,,,,
2015-04-24,11602643,15.5441,15.7948,15.4605,15.7241,-0.0836,-0.53,8.99,281819772,,,40.0203,5.3689,5.7785,36.2562,15876986000,,,,,,,
2015-04-27,16463040,15.8655,16.0455,15.6598,16.007,0.2829,1.8,12.75,406184170,,,40.7402,5.4654,5.8825,36.9084,16162590000,,,,,,,
2015-04-28,28876963,16.052,17.2798,15.9234,16.5084,0.5014,3.13,22.37,747995281,,,42.0164,5.6366,6.0667,38.0646,16668888000,,,,,,,
2015-04-29,17114164,16.1805,16.8105,16.052,16.6562,0.1478,0.9,13.26,435673858,,,42.3927,5.6871,6.1211,38.4055,16818181000,,,,,,,
2015-04-30,12898286,16.7141,16.8041,16.1484,16.1677,-0.4885,-2.93,9.99,330284526,,,41.1492,5.5203,5.9415,37.279,16324865000,,,,,,,
2015-05-04,9913199,16.0712,16.0905,15.6855,15.8784,-0.2893,-1.79,7.68,244183298,,,40.4129,5.4215,5.8352,36.612,16032770000,,,,,,,
2015-05-05,11060157,15.8334,16.007,15.2484,15.2805,-0.5979,-3.77,8.57,268083591,,,38.8913,5.2174,5.6155,35.2335,15429107000,,,,,,,
2015-05-06,9025906,15.3384,15.4734,14.837,14.9655,-0.315,-2.06,6.99,213983749,,,38.0896,5.1099,5.4998,34.5072,15111048000,,,,,,,
2015-05-07,8970126,14.8627,15.0491,14.342,14.3934,-0.5721,-3.82,6.95,204969408,,,36.6334,4.9145,5.2895,33.1879,14533349000,,,,,,,
2015-05-08,9445200,14.657,14.9527,14.5284,14.9463,0.5529,3.84,7.32,216306497,,,38.0405,5.1033,5.4927,34.4627,15091575000,,,,,,,
2015-05-11,11700537,15.1713,15.5377,14.9527,15.5313,0.585,3.91,9.06,277983544,,,39.5294,5.303,5.7076,35.8116,15682256000,,,,,,,
2015-05-12,12457543,15.6148,15.8077,15.377,15.6213,0.09,0.58,9.65,302146980,,,39.7585,5.3337,5.7407,36.0191,15773130000,,,,,,,
2015-05-13,18949872,15.557,16.3477,15.3255,16.0584,0.4371,2.8,14.68,470149022,,,40.8711,5.483,5.9014,37.027,16214518000,,,,,,,
2015-05-14,31708771,16.2512,17.5369,16.0648,17.4662,1.4078,8.77,24.56,838136812,,,44.4542,5.9637,6.4187,40.2732,17636047000,,,,,,,
2015-05-15,36916529,17.5177,19.1055,16.7977,18.3855,0.9193,5.26,28.6,1031419095,,,46.7939,6.2776,6.7566,42.3928,18564260000,,,,,,,
2015-05-18,36737582,18.3212,20.2241,17.9998,20.2176,1.8321,9.96,28.46,1107577964,,,51.457,6.9031,7.4299,46.6173,20414195000,,,,,,,
2015-05-19,36970268,20.7448,21.7605,18.5655,19.3819,-0.8357,-4.13,28.64,1146910981,,,49.33,6.6178,7.1227,44.6903,19570365000,,,,,,,
2015-05-20,26470416,19.0798,20.3591,18.9062,19.1184,-0.2635,-1.36,20.5,805386674,,,48.6591,6.5278,7.0259,44.0826,19304234000,,,,,,,
2015-05-21,22741325,18.8355,19.4526,18.3984,19.1891,0.0707,0.37,17.62,667458772,,,48.8391,6.5519,7.0519,44.2456,19375635000,,,,,,,
2015-05-22,32975507,19.4012,21.1112,18.8484,21.1112,1.9221,10.02,25.54,1028025725,,,53.7312,7.2082,7.7582,48.6776,21316444000,,,,,,,
2015-05-25,39817530,21.754,23.2197,21.1112,23.2197,2.1085,9.99,30.84,1394168140,,,59.0978,7.9282,8.5331,53.5395,23445492000,,,,,,,
2015-05-26,28507851,25.0711,25.5404,23.7854,25.5404,2.3207,9.99,22.08,1114347106,,,65.0043,8.7205,9.386,58.8904,25788743000,,,,,,,
2015-05-27,26698013,27.5654,28.0925,26.5626,28.0925,2.5521,9.99,20.68,1154494365,,,71.4998,9.5919,10.3238,64.775,28365670000,,,,,,,
2015-05-28,24702335,30.8568,30.9018,25.2833,25.4054,-2.6871,-9.57,19.13,1128606769,,,64.6607,8.6745,9.3363,58.5792,25652432000,,,,,,,
2015-05-29,50023740,24.4283,27.6747,22.9497,27.604,2.1986,8.65,38.75,1998048812,,,70.2563,9.4251,10.1443,63.6485,27872354000,,,,,,,
2015-06-01,33680415,27.6554,29.2497,25.1354,26.4211,-1.1829,-4.29,26.09,1404779017,,,67.2458,9.0213,9.7096,60.9211,26678010000,,,,,,,
2015-06-02,29946452,25.7654,26.2604,24.3126,25.0711,-1.35,-5.11,23.2,1165081264,,,63.8099,8.5603,9.2135,57.8084,25314900000,,,,,,,
2015-06-03,23052451,25.0069,26.9226,24.4926,25.8747,0.8036,3.21,17.86,929842636,,,65.8551,8.8347,9.5088,59.6612,26126275000,,,,,,,
2015-06-04,22584644,25.5854,25.5854,23.2905,23.6183,-2.2564,-8.72,17.49,840040382,,,60.1122,8.0643,8.6796,54.4585,23847934000,,,,,,,
2015-06-05,22803627,23.8626,24.4283,22.2426,22.9883,-0.63,-2.67,17.66,828184947,,,58.5088,7.8492,8.4481,53.0058,23211816000,,,,,,,
2015-06-08,18663712,22.8855,22.9176,21.8183,22.069,-0.9193,-4,14.46,647890947,,,56.1691,7.5353,8.1102,50.8862,22283603000,,,,,,,
2015-06-09,16647030,21.8569,23.1297,21.709,22.8662,0.7972,3.61,12.89,587811935,,,58.1979,7.8074,8.4032,52.7242,23088487000,,,,,,,
2015-06-10,19586481,22.7247,24.3769,22.1848,23.7533,0.8871,3.88,15.17,720502961,,,60.4558,8.1104,8.7292,54.7697,23984245000,,,,,,,
2015-06-11,23338321,23.5476,25.3926,23.3033,25.0776,1.3243,5.58,18.08,889781380,,,63.8263,8.5625,9.2159,57.8232,25321391000,,,,,,,
2015-06-12,20674963,25.0069,25.2961,23.6633,24.0169,-1.0607,-4.23,16.01,781337702,,,61.1266,8.2003,8.8261,55.3775,24250376000,,,,,,,
2015-06-15,18335317,23.7854,23.7854,21.8569,21.934,-2.0829,-8.67,14.2,641048330,,,55.8255,7.4892,8.0606,50.5749,22147292000,,,,,,,
2015-06-16,11427050,21.3748,21.8698,21.0855,21.5355,-0.3985,-1.82,8.85,381789956,,,54.8111,7.3531,7.9142,49.6559,21744850000,,,,,,,
2015-06-17,10653923,21.5676,22.4997,21.2333,22.384,0.8485,3.94,8.25,363730986,,,56.9708,7.6428,8.226,51.6125,22601662000,,,,,,,
2015-06-18,11947993,22.384,22.384,20.2498,20.3398,-2.0442,-9.13,9.25,396775462,,,51.7678,6.9448,7.4747,46.8989,20537524000,,,,,,,
2015-06-19,11575450,19.6326,19.9991,18.3084,18.3084,-2.0314,-9.99,8.97,344804094,,,46.5976,6.2512,6.7282,42.2149,18486368000,,,,,,,
2015-06-23,11213100,18.3534,19.1569,17.2669,19.1441,0.8357,4.56,8.69,321174309,,,48.7246,6.5366,7.0353,44.1419,19330198000,,,,,,,
2015-06-24,11119026,19.4784,19.7998,18.8226,19.4334,0.2893,1.51,8.61,335364998,,,49.4609,6.6353,7.1416,44.8089,19622293000,,,,,,,
2015-06-25,10071196,19.2791,19.2855,17.9098,18.1027,-1.3307,-6.85,7.8,293098077,,,46.074,6.181,6.6526,41.7406,18278656000,,,,,,,
2015-06-26,9942740,17.5369,17.5369,16.2898,16.2898,-1.8129,-10.01,7.7,258321608,,,41.4601,5.562,5.9864,37.5606,16448194000,,,,,,,
2015-06-29,12846580,16.8427,16.9391,14.6634,14.7148,-1.575,-9.67,9.95,311224797,,,37.4515,5.0242,5.4076,33.9291,14857899000,,,,,,,
2015-06-30,16584885,14.7148,16.187,13.4998,16.187,1.4722,10,12.85,385729735,,,40.6925,5.3064,5.7717,47.4952,16344338000,,,,,,,
2015-07-01,18849919,16.1998,17.3377,15.4284,15.7563,-0.4307,-2.66,14.6,488751345,,,39.6098,5.1652,5.6181,46.2314,15909441000,,,,,,,
2015-07-02,16561025,16.007,16.682,15.1391,16.3155,0.5592,3.55,12.83,413651039,,,41.0157,5.3485,5.8175,47.8724,16474158000,,,,,,,
2015-07-03,15742023,15.6855,17.0355,14.7213,15.5634,-0.7521,-4.61,12.19,387084717,,,39.1249,5.102,5.5494,45.6656,15714711000,,,,,,,
2015-07-06,16970758,17.1191,17.1191,15.0748,16.3605,0.7971,5.12,13.15,427912118,,,41.1289,5.3633,5.8336,48.0045,16519595000,,,,,,,
2015-07-07,10017378,15.6855,16.1484,14.7277,14.7277,-1.6328,-9.98,7.76,237282983,,,37.024,4.828,5.2514,43.2135,14870881000,,,,,,,
2015-07-08,736400,13.2556,13.2556,13.2556,13.2556,-1.4721,-10,0.57,15184568,,,33.3233,4.3454,4.7265,38.894,13384442000,,,,,,,
2015-07-09,22586752,11.9313,14.5798,11.9313,14.5798,1.3242,9.99,17.5,472491877,,,36.6524,4.7796,5.1987,42.7796,14721588000,,,,,,,
2015-07-10,19737935,15.0427,16.0391,14.5927,16.0391,1.4593,10.01,15.29,485017467,,,40.3208,5.2579,5.719,47.0614,16195045000,,,,,,,
2015-07-13,29084724,16.5855,17.6462,16.0455,17.6462,1.6071,10.02,22.53,773098375,,,44.361,5.7848,6.292,51.7769,17817795000,,,,,,,
2015-07-14,30221365,17.2027,18.5462,16.6498,16.997,-0.6492,-3.68,23.41,820200344,,,42.7288,5.5719,6.0605,49.8718,17162204000,,,,,,,
2015-07-15,12677751,16.3734,16.6112,15.2998,15.2998,-1.6972,-9.99,9.82,310352469,,,38.4623,5.0156,5.4554,44.8922,15448580000,,,,,,,
2015-07-16,14250314,13.7891,15.9234,13.7891,14.7984,-0.5014,-3.28,11.04,330003393,,,37.2018,4.8512,5.2766,43.4209,14942282000,,,,,,,
2015-07-17,11904973,14.9463,15.9491,14.7855,15.6855,0.8871,5.99,9.22,285359530,,,39.432,5.142,5.5929,46.0239,15838040000,,,,,,,
2015-07-20,12050660,15.9555,16.1934,15.4284,15.6984,0.0129,0.08,9.33,295661188,,,39.4643,5.1462,5.5975,46.0617,15851022000,,,,,,,
2015-07-21,13554441,15.4284,16.3155,15.107,16.1291,0.4307,2.74,10.5,332753773,,,40.5471,5.2874,5.7511,47.3254,16285919000,,,,,,,
2015-07-22,13431905,16.1548,16.5534,15.7498,16.3155,0.1864,1.16,10.4,339242976,,,41.0157,5.3485,5.8175,47.8724,16474158000,,,,,,,
2015-07-23,23451334,16.3155,17.9419,16.187,17.7169,1.4014,8.59,18.17,627586995,,,44.5388,5.808,6.3172,51.9844,17889196000,,,,,,,
2015-07-24,22719754,17.7234,17.9355,16.7141,16.9198,-0.7971,-4.5,17.6,613283290,,,42.5348,5.5466,6.033,49.6455,17084312000,,,,,,,
2015-07-27,14352140,16.3412,16.9327,15.2291,15.2291,-1.6907,-9.99,11.12,360561115,,,38.2846,4.9924,5.4302,44.6847,15377179000,,,,,,,
2015-07-28,12764940,14.0017,15.2263,13.7166,14.0147,-1.2144,-7.97,9.89,279691647,,,34.9555,4.7432,4.958,40.7991,14040033000,,,,,,,
2015-07-29,10040088,14.3192,15.3494,13.9758,15.2263,1.2116,8.65,7.78,224198295,,,37.9775,5.1533,5.3866,44.3263,15253850000,,,,,,,
2015-07-30,11581028,15.2198,15.7771,14.6432,14.8181,-0.4082,-2.68,8.97,274644603,,,36.9594,5.0151,5.2422,43.138,14844917000,,,,,,,
2015-07-31,8677606,14.384,15.479,14.3192,14.8311,0.013,0.09,6.72,199277778,,,36.9917,5.0195,5.2468,43.1757,14857899000,,,,,,,
2015-08-03,8672995,14.7728,15.2782,14.2544,14.7792,-0.0519,-0.35,6.72,197410188,,,36.8624,5.002,5.2285,43.0248,14805971000,,,,,,,
2015-08-04,12524092,15.0255,15.8742,14.857,15.8613,1.0821,7.32,9.7,297044506,,,39.5613,5.3682,5.6112,46.1748,15889968000,,,,,,,
2015-08-05,14175456,15.6475,16.1788,15.4272,15.8483,-0.013,-0.08,10.98,346467575,,,39.5289,5.3638,5.6067,46.1371,15876986000,,,,,,,
2015-08-06,7563766,15.3948,15.8289,15.2652,15.3559,-0.4924,-3.11,5.86,180722413,,,38.3007,5.1971,5.4325,44.7036,15383670000,,,,,,,
2015-08-07,9311839,15.492,15.9585,15.492,15.7771,0.4212,2.74,7.21,226336762,,,39.3512,5.3397,5.5814,45.9296,15805585000,,,,,,,
2015-08-10,13599535,15.939,16.6582,15.7706,16.4833,0.7062,4.48,10.53,340853213,,,41.1127,5.5787,5.8313,47.9856,16513104000,,,,,,,
2015-08-11,14647094,16.4963,16.8267,16.2954,16.5222,0.0389,0.24,11.35,373695311,,,41.2097,5.5918,5.845,48.0988,16552050000,,,,,,,
2015-08-12,10818126,16.3926,16.8785,16.2112,16.263,-0.2592,-1.57,8.38,276619859,,,40.5632,5.5041,5.7534,47.3443,16292410000,,,,,,,
2015-08-13,10625196,16.1205,16.5027,15.5762,16.4639,0.2009,1.24,8.23,264130175,,,41.0642,5.5721,5.8244,47.929,16493631000,,,,,,,
2015-08-14,11536780,16.8397,16.9109,16.3926,16.425,-0.0389,-0.24,8.94,294662731,,,40.9672,5.5589,5.8107,47.8159,16454685000,,,,,,,
2015-08-17,8525127,16.2954,16.3148,15.8095,16.1788,-0.2462,-1.5,6.6,211366965,,,40.3531,5.4756,5.7236,47.0991,16208027000,,,,,,,
2015-08-18,11803899,16.3148,16.4639,14.559,14.559,-1.6198,-10.01,9.14,283228368,,,36.313,4.9274,5.1505,42.3835,14585277000,,,,,,,
2015-08-19,9943392,14.2479,15.0903,13.2825,14.8894,0.3304,2.27,7.7,219380494,,,37.1372,5.0392,5.2674,43.3455,14916318000,,,,,,,
2015-08-20,6611662,14.397,14.7598,14.0665,14.1378,-0.7516,-5.05,5.12,147728210,,,35.2625,4.7849,5.0015,41.1575,14163362000,,,,,,,
2015-08-21,6626819,14.06,14.2868,13.289,13.3668,-0.771,-5.45,5.13,141191691,,,33.3394,4.5239,4.7288,38.9129,13390933000,,,,,,,
2015-08-24,7211876,12.5439,13.0234,12.032,12.032,-1.3348,-9.99,5.59,136120265,,,30.0103,4.0722,4.2566,35.0272,12053787000,,,,,,,
2015-08-25,7490850,10.8334,11.4878,10.8269,10.8269,-1.2051,-10.02,5.8,127805052,,,27.0044,3.6643,3.8302,31.5189,10846461000,,,,,,,
2015-08-26,14263360,11.2092,11.9089,10.4964,11.3193,0.4924,4.55,11.05,250918679,,,28.2327,3.831,4.0044,32.9524,11339777000,,,,,,,
2015-08-27,10755811,11.6692,11.8441,11.0342,11.8053,0.486,4.29,8.33,191302109,,,29.4447,3.9954,4.1763,34.3671,11826602000,,,,,,,
2015-08-28,13605464,11.9543,12.6476,11.5655,12.4597,0.6544,5.54,10.54,251459841,,,31.0769,4.2169,4.4079,36.2721,12482193000,,,,,,,
2015-08-31,8549534,12.1811,12.1875,11.3387,11.3647,-1.095,-8.79,6.62,155561051,,,28.3458,3.8463,4.0205,33.0844,11385214000,,,,,,,
2015-09-01,7559159,11.2545,11.2545,10.3928,10.4057,-0.959,-8.44,5.86,125444790,,,25.954,3.5218,3.6812,30.2928,10424546000,,,,,,,
2015-09-02,7607864,9.9198,11.0148,9.9003,10.2761,-0.1296,-1.25,5.89,123522574,,,25.6308,3.4779,3.6354,29.9156,10294726000,,,,,,,
2015-09-07,6236956,10.6908,10.9306,10.464,10.626,0.3499,3.4,4.83,102785772,,,26.5035,3.5963,3.7592,30.9341,10645240000,,,,,,,
2015-09-08,8775269,10.8204,11.5526,10.6519,11.4748,0.8488,7.99,6.8,149683213,,,28.6205,3.8836,4.0594,33.4051,11495561000,,,,,,,
2015-09-09,11950055,11.585,12.0385,11.4035,11.9996,0.5248,4.57,9.26,217691636,,,29.9295,4.0612,4.2451,34.9329,12021332000,,,,,,,
2015-09-10,9361096,11.6627,11.8053,11.3452,11.3776,-0.622,-5.18,7.25,167427290,,,28.3781,3.8507,4.0251,33.1221,11398196000,,,,,,,
2015-09-11,5113591,11.4035,11.6238,11.3193,11.5526,0.175,1.54,3.96,90537376,,,28.8144,3.9099,4.087,33.6314,11573453000,,,,,,,
2015-09-14,7945447,11.5202,11.6303,10.3993,10.3993,-1.1533,-9.98,6.15,132691872,,,25.9378,3.5196,3.6789,30.2739,10418055000,,,,,,,
2015-09-15,5949920,10.0818,10.3021,9.5829,9.6477,-0.7516,-7.23,4.61,91169699,,,24.0632,3.2652,3.4131,28.0859,9665099000,,,,,,,
2015-09-16,7071045,9.7513,10.6131,9.7513,10.6131,0.9654,10.01,5.48,110778479,,,26.4711,3.5919,3.7546,30.8964,10632258000,,,,,,,
2015-09-17,8854605,10.6843,10.95,10.3021,10.3215,-0.2916,-2.75,6.86,145842996,,,25.7439,3.4933,3.6514,30.0476,10340163000,,,,,,,
2015-09-18,4746983,10.4187,10.5548,10.179,10.4381,0.1166,1.13,3.68,75863170,,,26.0348,3.5327,3.6927,30.3871,10457001000,,,,,,,
2015-09-21,6344705,10.4316,10.9889,10.2308,10.9694,0.5313,5.09,4.91,104435634,,,27.36,3.7125,3.8807,31.9338,10989263000,,,,,,,
2015-09-22,7693511,11.0472,11.1379,10.7686,10.9759,0.0065,0.06,5.96,130557927,,,27.3761,3.7147,3.8829,31.9527,10995754000,,,,,,,
2015-09-23,5765233,10.8204,10.937,10.6325,10.7103,-0.2656,-2.42,4.47,95813742,,,26.7136,3.6248,3.789,31.1793,10729623000,,,,,,,
2015-09-24,5677117,10.8787,11.0018,10.7621,10.9694,0.2591,2.42,4.4,95521634,,,27.36,3.7125,3.8807,31.9338,10989263000,,,,,,,
2015-09-25,5558630,10.937,10.9435,10.3863,10.5548,-0.4146,-3.78,4.31,91674480,,,26.3257,3.5722,3.734,30.7266,10573839000,,,,,,,
2015-09-28,3403610,10.7232,10.8852,10.4316,10.8463,0.2915,2.76,2.64,56215062,,,27.0529,3.6709,3.8371,31.5754,10865934000,,,,,,,
2015-09-29,3292610,10.6843,10.6908,10.4511,10.5418,-0.3045,-2.81,2.55,53856822,,,26.2934,3.5678,3.7294,30.6889,10560857000,,,,,,,
2015-09-30,3586172,10.6649,10.8074,10.5548,10.7362,0.1944,1.84,2.78,59241742,,,28.5725,3.5374,3.7456,47.4361,10755587000,,,,,,,
2015-10-08,7135168,11.0925,11.3193,10.937,11.2092,0.473,4.41,5.53,122975186,,,29.8312,3.6932,3.9106,49.5259,11229430000,,,,,,,
2015-10-09,6728117,11.1185,11.6498,11.1185,11.5655,0.3563,3.18,5.21,117655934,,,30.7796,3.8106,4.0349,51.1004,11586435000,,,,,,,
2015-10-12,10242670,11.5979,12.2653,11.4878,12.0968,0.5313,4.59,7.93,189000460,,,32.1936,3.9857,4.2203,53.4479,12118697000,,,,,,,
2015-10-13,7367731,11.9348,12.0644,11.7988,11.9996,-0.0972,-0.8,5.71,135762738,,,31.9349,3.9537,4.1864,53.0185,12021332000,,,,,,,
2015-10-14,8201687,11.9219,11.9867,11.6044,11.7275,-0.2721,-2.27,6.35,148882588,,,31.2107,3.864,4.0914,51.8161,11748710000,,,,,,,
2015-10-15,8492201,11.7275,12.1616,11.5979,12.1357,0.4082,3.48,6.58,157003188,,,32.2971,3.9985,4.2338,53.6197,12157643000,,,,,,,
2015-10-16,9291126,12.3754,12.3754,11.9543,12.2782,0.1425,1.17,7.2,174581422,,,32.6764,4.0455,4.2836,54.2495,12300445000,,,,,,,
2015-10-19,10666879,12.4791,12.5374,12.0256,12.2264,-0.0518,-0.42,8.26,202428842,,,32.5385,4.0284,4.2655,54.0205,12248517000,,,,,,,
2015-10-20,8995143,12.1681,12.3949,12.0579,12.3495,0.1231,1.01,6.97,169788488,,,32.8661,4.0689,4.3084,54.5644,12371846000,,,,,,,
2015-10-21,10972989,12.3495,12.3495,11.112,11.112,-1.2375,-10.02,8.5,199541950,,,29.5726,3.6612,3.8767,49.0965,11132065000,,,,,,,
2015-10-22,7684510,11.1768,11.7275,11.0925,11.6433,0.5313,4.78,5.95,134871214,,,30.9866,3.8362,4.062,51.444,11664327000,,,,,,,
2015-10-23,7859020,11.7275,12.1033,11.5396,12.0579,0.4146,3.56,6.09,143244354,,,32.0901,3.9729,4.2067,53.2761,12079751000,,,,,,,
2015-10-26,8513207,12.4273,12.4273,11.9932,12.1422,0.0843,0.7,6.59,160571258,,,32.3143,4.0006,4.2361,53.6483,12164134000,,,,,,,
2015-10-27,8116590,11.9867,12.2782,11.5072,12.2394,0.0972,0.8,6.29,148571543,,,32.573,4.0326,4.27,54.0777,12261499000,,,,,,,
2015-10-28,15856949,12.1811,13.4121,12.0839,12.7642,0.5248,4.29,12.28,314004539,,,33.9697,4.2056,4.4531,56.3966,12787270000,,,,,,,
2015-10-29,9599643,12.8614,13.0622,12.4532,12.6346,-0.1296,-1.02,7.44,187961491,,,33.6248,4.1629,4.4079,55.824,12657450000,,,,,,,
2015-10-30,6562807,12.4791,12.6605,12.2199,12.3754,-0.2592,-2.05,5.08,125833767,,,32.9351,4.0775,4.3175,54.6789,12397810000,,,,,,,
2015-11-02,8766896,12.0515,12.816,11.9867,12.4078,0.0324,0.26,6.79,168488313,,,33.0213,4.0881,4.3288,54.822,12430265000,,,,,,,
2015-11-03,23776944,12.2653,13.6519,12.2653,13.6519,1.2441,10.03,18.42,487996982,,,36.332,4.498,4.7628,60.3186,13676537000,,,,,,,
2015-11-04,28584049,13.9305,14.1767,13.4316,14.0471,0.3952,2.89,22.14,608466557,,,37.3839,4.6283,4.9007,62.0648,14072488000,,,,,,,
2015-11-05,22883546,13.8009,14.9024,13.8009,14.0795,0.0324,0.23,17.73,505185030,,,37.4701,4.6389,4.912,62.208,14104943000,,,,,,,
2015-11-06,19094377,14.06,14.87,14.0147,14.5849,0.5054,3.59,14.79,429029037,,,38.8151,4.8054,5.0883,64.4409,14611241000,,,,,,,
2015-11-09,21019288,14.3387,15.4207,14.1378,14.9412,0.3563,2.44,16.28,479928571,,,39.7635,4.9229,5.2126,66.0155,14968246000,,,,,,,
2015-11-10,14836196,14.7728,14.8959,14.3322,14.4942,-0.447,-2.99,11.49,334784626,,,38.5737,4.7756,5.0566,64.0402,14520367000,,,,,,,
2015-11-11,14482274,14.4423,15.0967,14.3516,14.9607,0.4665,3.22,11.22,330414267,,,39.8152,4.9293,5.2194,66.1014,14987719000,,,,,,,
2015-11-12,24619857,15.1291,16.425,14.9736,16.1075,1.1468,7.67,19.07,593276041,,,42.8673,5.3071,5.6195,71.1685,16136626000,,,,,,,
2015-11-13,20163597,15.6928,15.9066,14.695,15.1032,-1.0043,-6.23,15.62,474333528,,,40.1946,4.9762,5.2691,66.7312,15130521000,,,,,,,
2015-11-16,10598535,14.546,15.3559,14.2544,15.2458,0.1426,0.94,8.21,245197865,,,40.5739,5.0232,5.3189,67.361,15273323000,,,,,,,
2015-11-17,11918850,15.4984,15.8742,14.8181,14.8635,-0.3823,-2.51,9.23,282772027,,,39.5566,4.8972,5.1855,65.6719,14890354000,,,,,,,
2015-11-18,7580555,15.0967,15.1615,14.2544,14.2803,-0.5832,-3.92,5.87,171547928,,,38.0047,4.7051,4.9821,63.0954,14306164000,,,,,,,
2015-11-19,6304261,14.3192,14.8246,14.2739,14.7598,0.4795,3.36,4.88,141117916,,,39.2807,4.8631,5.1493,65.2139,14786498000,,,,,,,
2015-11-20,7216904,14.8052,14.8764,14.5719,14.8376,0.0778,0.53,5.59,164034539,,,39.4876,4.8887,5.1765,65.5574,14864390000,,,,,,,
2015-11-23,7346549,14.7857,15.1356,14.6108,14.7339,-0.1037,-0.7,5.69,168457786,,,39.2117,4.8545,5.1403,65.0994,14760534000,,,,,,,
2015-11-24,11138412,14.7015,15.4401,14.5784,15.4207,0.6868,4.66,8.63,259933416,,,41.0395,5.0808,5.3799,68.1339,15448580000,,,,,,,
2015-11-25,12651312,15.5179,15.9779,15.3559,15.6151,0.1944,1.26,9.8,306460872,,,41.5568,5.1449,5.4477,68.9928,15643310000,,,,,,,
2015-11-26,10146491,15.6216,15.9909,15.3041,15.4142,-0.2009,-1.29,7.86,245183086,,,41.0223,5.0787,5.3776,68.1053,15442089000,,,,,,,
2015-11-27,10469866,15.1615,15.3753,13.9175,14.5136,-0.9006,-5.84,8.11,237207781,,,38.6254,4.782,5.0634,64.126,14539840000,,,,,,,
2015-11-30,8385280,14.3063,14.5849,13.6195,14.559,0.0454,0.31,6.5,184402955,,,38.7461,4.7969,5.0793,64.3264,14585277000,,,,,,,
2015-12-01,7158083,14.5719,14.9931,14.3905,14.6367,0.0777,0.53,5.54,162580710,,,38.9531,4.8225,5.1064,64.67,14663169000,,,,,,,
2015-12-02,5194018,14.5719,14.8181,13.6259,14.1767,-0.46,-3.14,4.02,113755165,,,37.7288,4.671,4.9459,62.6374,14202308000,,,,,,,
2015-12-03,5154161,14.3063,14.6367,14.2026,14.6043,0.4276,3.02,3.99,115160483,,,38.8668,4.8118,5.0951,64.5268,14630714000,,,,,,,
2015-12-04,6020060,14.6043,14.857,14.384,14.6626,0.0583,0.4,4.66,136196867,,,39.022,4.8311,5.1154,64.7845,14689133000,,,,,,,
2015-12-07,8096238,14.6302,15.3559,14.546,15.2846,0.622,4.24,6.27,186786983,,,40.6774,5.036,5.3324,67.5327,15312269000,,,,,,,
2015-12-08,6059572,15.0903,15.2263,14.6432,14.7015,-0.5831,-3.81,4.69,139116285,,,39.1255,4.8439,5.129,64.9562,14728079000,,,,,,,
2015-12-09,5154180,14.708,14.8246,14.2026,14.2868,-0.4147,-2.82,3.99,114663928,,,38.0219,4.7072,4.9843,63.1241,14312655000,,,,,,,
2015-12-10,6752845,15.7187,15.7187,15.7187,15.7187,1.4319,10.02,5.23,163824020,,,41.8327,5.179,5.4839,69.4508,15747166000,,,,,,,
2015-12-11,14636503,15.6604,15.8613,14.9024,14.9866,-0.7321,-4.66,11.34,345910119,,,39.8842,4.9378,5.2284,66.2159,15013683000,,,,,,,
2015-12-14,6624834,14.5201,15.0967,14.3322,15.0384,0.0518,0.35,5.13,149571410,,,40.0221,4.9549,5.2465,66.4449,15065611000,,,,,,,
2015-12-15,7219121,15.0838,15.4855,14.9218,15.2393,0.2009,1.34,5.59,169964819,,,40.5567,5.0211,5.3166,67.3323,15266832000,,,,,,,
2015-12-16,20293769,15.2911,16.7619,15.2911,16.7619,1.5226,9.99,15.72,518121068,,,44.6089,5.5227,5.8478,74.0599,16792217000,,,,,,,
2015-12-17,36593444,17.4293,17.7921,16.8461,17.6107,0.8488,5.06,28.34,985591662,,,46.8678,5.8024,6.1439,77.8101,17642538000,,,,,,,
2015-12-18,24424531,17.1831,18.5891,16.9239,18.0448,0.4341,2.46,18.92,661989473,,,48.0231,5.9454,6.2954,79.7281,18077435000,,,,,,,
2015-12-21,14942757,17.7532,17.9411,17.371,17.6042,-0.4406,-2.44,11.57,406473423,,,46.8506,5.8003,6.1417,77.7815,17636047000,,,,,,,
2015-12-22,12436646,17.507,17.6949,17.0405,17.5394,-0.0648,-0.37,9.63,333609809,,,46.6781,5.7789,6.1191,77.4952,17571137000,,,,,,,
2015-12-23,12758734,17.4163,17.8699,17.2738,17.3386,-0.2008,-1.14,9.88,345253105,,,46.1436,5.7127,6.049,76.6077,17369916000,,,,,,,
2015-12-24,8534849,17.4163,17.4941,16.9174,17.1247,-0.2139,-1.23,6.61,225123872,,,45.5746,5.6423,5.9744,75.663,17155713000,,,,,,,
2015-12-25,12890230,17.2349,17.9995,17.1053,17.8116,0.6869,4.01,9.98,350545031,,,47.4024,5.8686,6.214,78.6975,17843759000,,,,,,,
2015-12-28,20752121,17.8116,18.466,17.5848,17.818,0.0064,0.04,16.07,575886181,,,47.4196,5.8707,6.2163,78.7262,17850250000,,,,,,,
2015-12-29,25180589,17.9347,19.4379,17.5589,19.1268,1.3088,7.35,19.5,719028880,,,50.9028,6.3019,6.6729,84.509,19161432000,,,,,,,
2015-12-30,15006661,18.8223,18.9389,18.3364,18.5696,-0.5572,-2.91,11.62,431259443,,,49.4199,6.1183,6.4785,82.047,18603206000,,,,,,,
2015-12-31,12647027,18.5502,19.0621,18.0124,18.0448,-0.5248,-2.83,9.8,361479053,,,44.2483,5.7281,6.0114,75.9245,18077435000,,,,,,,
2016-01-04,10515072,17.8763,17.8763,16.2436,16.2436,-1.8012,-9.98,8.14,271053130,,,39.8315,5.1563,5.4113,68.3457,16272937000,,,,,,,
2016-01-05,12707227,14.6302,16.0621,14.6237,15.317,-0.9266,-5.7,9.84,298392982,,,37.5595,4.8622,5.1026,64.4472,15344724000,,,,,,,
2016-01-06,8993100,15.3559,15.8742,15.0903,15.7187,0.4017,2.62,6.97,215567439,,,38.5445,4.9897,5.2365,66.1375,15747166000,,,,,,,
2016-01-07,2989400,15.2458,15.4077,14.1443,14.1443,-1.5744,-10.02,2.32,66985210,,,34.6837,4.4899,4.712,59.5128,14169853000,,,,,,,
2016-01-08,10439246,14.4812,14.7533,12.8679,13.7555,-0.3888,-2.75,8.09,225016972,,,33.7304,4.3665,4.5824,57.8771,13780393000,,,,,,,
2016-01-11,8560359,13.2825,13.4704,12.3819,12.3819,-1.3736,-9.99,6.63,170403427,,,30.3622,3.9305,4.1249,52.0976,12404301000,,,,,,,
2016-01-12,6993404,12.5115,12.7253,11.8895,12.4273,0.0454,0.37,5.42,133656352,,,30.4734,3.9448,4.14,52.2884,12449738000,,,,,,,
2016-01-13,5871803,12.5633,12.6994,11.8765,11.8895,-0.5378,-4.33,4.55,112316378,,,29.1547,3.7741,3.9608,50.0257,11910985000,,,,,,,
2016-01-14,7620437,11.3387,12.5957,11.1444,12.4532,0.5637,4.74,5.9,141360342,,,30.5369,3.9531,4.1486,52.3975,12475702000,,,,,,,
2016-01-15,5855096,12.3106,12.4208,11.4619,11.6886,-0.7646,-6.14,4.54,108506174,,,28.6621,3.7104,3.8939,49.1806,11709764000,,,,,,,
2016-01-18,6133249,11.4359,12.2135,11.3387,11.9867,0.2981,2.55,4.75,113068102,,,29.393,3.805,3.9932,50.4346,12008350000,,,,,,,
2016-01-19,8657189,12.0515,12.9197,11.8247,12.7901,0.8034,6.7,6.71,166257948,,,31.3631,4.06,4.2608,53.8151,12813234000,,,,,,,
2016-01-20,8225309,12.6411,13.0752,12.4273,12.6216,-0.1685,-1.32,6.37,162247104,,,30.95,4.0066,4.2047,53.1063,12644468000,,,,,,,
2016-01-21,6349065,12.3042,12.816,11.9608,11.9932,-0.6284,-4.98,4.92,121410470,,,29.4089,3.807,3.9953,50.4619,12014841000,,,,,,,
2016-01-22,5444921,12.1811,12.3884,11.883,12.3625,0.3693,3.08,4.22,102400293,,,30.3145,3.9243,4.1184,52.0158,12384828000,,,,,,,
2016-01-25,4468502,12.5828,12.7253,12.3884,12.5633,0.2008,1.62,3.46,86581029,,,30.807,3.988,4.1853,52.8609,12586049000,,,,,,,
2016-01-26,6629789,12.3236,12.4078,11.3064,11.4359,-1.1274,-8.97,5.14,121418687,,,28.0425,3.6302,3.8097,48.1173,11456615000,,,,,,,
2016-01-27,4893883,11.5072,11.6433,10.5936,11.3517,-0.0842,-0.74,3.79,84039775,,,27.8359,3.6034,3.7817,47.7629,11372232000,,,,,,,
2016-01-28,3742445,11.1444,11.3323,10.5029,10.5807,-0.771,-6.79,2.9,63467461,,,25.9453,3.3587,3.5248,44.5188,10599803000,,,,,,,
2016-01-29,3455256,10.5807,11.2027,10.5742,11.0796,0.4989,4.72,2.68,58356137,,,27.1686,3.517,3.691,46.6179,11099610000,,,,,,,
2016-02-01,3039255,11.0925,11.3193,10.8269,11.112,0.0324,0.29,2.35,52131089,,,27.2481,3.5273,3.7018,46.7542,11132065000,,,,,,,
2016-02-02,3808044,11.1832,11.6238,11.1638,11.5137,0.4017,3.62,2.95,67308474,,,28.2331,3.6548,3.8356,48.4445,11534507000,,,,,,,
2016-02-03,3110403,11.3906,11.5137,11.1444,11.4619,-0.0518,-0.45,2.41,54257135,,,28.106,3.6384,3.8183,48.2264,11482579000,,,,,,,
2016-02-04,4037534,11.4619,12.0191,11.4619,11.7729,0.311,2.71,3.13,73508815,,,28.8687,3.7371,3.922,49.535,11794147000,,,,,,,
2016-02-05,2567183,11.7729,11.9478,11.5655,11.6044,-0.1685,-1.43,1.99,46403520,,,28.4556,3.6836,3.8658,48.8261,11625381000,,,,,,,
2016-02-15,2821391,10.9176,11.4554,10.9176,11.3582,-0.2462,-2.12,2.19,48839575,,,27.8518,3.6055,3.7838,47.7902,11378723000,,,,,,,
2016-02-16,4418793,11.4424,11.9413,11.4424,11.9154,0.5572,4.91,3.42,80301660,,,29.2182,3.7824,3.9694,50.1347,11936949000,,,,,,,
2016-02-17,5080128,11.883,12.1487,11.7275,12.1163,0.2009,1.69,3.94,93977883,,,29.7107,3.8461,4.0364,50.9798,12138170000,,,,,,,
2016-02-18,10669663,12.2458,13.3279,11.9478,13.3279,1.2116,10,8.26,207527798,,,32.6818,4.2307,4.44,56.0778,13351987000,,,,,,,
2016-02-19,18163313,12.9974,14.2544,12.9974,13.749,0.4211,3.16,14.07,387991489,,,33.7145,4.3644,4.5803,57.8498,13773902000,,,,,,,
2016-02-22,11358635,13.911,14.5136,13.6195,14.2544,0.5054,3.68,8.8,246628801,,,34.9538,4.5249,4.7487,59.9763,14280200000,,,,,,,
2016-02-23,13187025,14.1248,14.9801,13.9758,14.5266,0.2722,1.91,10.21,296933081,,,35.6211,4.6112,4.8393,61.1213,14552822000,,,,,,,
2016-02-24,9974185,14.3192,14.7598,13.6195,13.9434,-0.5832,-4.01,7.73,216789669,,,34.1912,4.4261,4.645,58.6677,13968632000,,,,,,,
2016-02-25,9789452,13.8009,14.235,12.5569,12.6605,-1.2829,-9.2,7.58,203672292,,,31.0453,4.0189,4.2177,53.2698,12683414000,,,,,,,
2016-02-26,8175096,12.9521,13.2501,12.5439,13.0039,0.3434,2.71,6.33,163650775,,,31.8874,4.1279,4.3321,54.7147,13027437000,,,,,,,
2016-02-29,13105880,12.9521,14.1248,11.8571,13.6648,0.6609,5.08,10.15,265988116,,,33.508,4.3377,4.5522,57.4954,13689519000,,,,,,,
2016-03-01,14663191,13.6713,15.0319,13.2825,14.7598,1.095,8.01,11.36,322800711,,,36.1931,4.6853,4.917,62.1027,14786498000,,,,,,,
2016-03-02,15978931,14.7598,15.4855,14.1767,15.155,0.3952,2.68,12.38,365352192,,,37.1623,4.8107,5.0487,63.7657,15182449000,,,,,,,
2016-03-03,10784116,14.844,15.4207,14.7728,14.7857,-0.3693,-2.44,8.35,249976250,,,36.2566,4.6935,4.9256,62.2118,14812462000,,,,,,,
2016-03-04,8924380,14.6497,14.8764,13.4834,13.8009,-0.9848,-6.66,6.91,195336202,,,33.8416,4.3809,4.5976,58.0679,13825830000,,,,,,,
2016-03-07,6411704,13.924,14.6432,13.924,14.3905,0.5896,4.27,4.97,141514336,,,35.2875,4.568,4.794,60.5488,14416511000,,,,,,,
2016-03-08,12415292,14.3711,15.4855,13.924,15.3041,0.9136,6.35,9.62,285868372,,,37.5277,4.858,5.0983,64.3927,15331742000,,,,,,,
2016-03-09,11891570,15.1421,15.6799,14.7728,15.2911,-0.013,-0.08,9.21,279245017,,,37.4959,4.8539,5.094,64.3382,15318760000,,,,,,,
2016-03-10,7331122,15.006,15.5179,14.5913,14.6302,-0.6609,-4.32,5.68,170582115,,,35.8753,4.6441,4.8738,61.5575,14656678000,,,,,,,
2016-03-11,4560646,14.3063,14.5654,13.9564,14.3516,-0.2786,-1.9,3.53,100259507,,,35.1921,4.5557,4.781,60.3852,14377565000,,,,,,,
2016-03-14,10736776,14.5784,15.006,14.222,14.533,0.1814,1.26,8.32,242759913,,,35.637,4.6133,4.8415,61.1485,14559313000,,,,,,,
2016-03-15,10433531,14.2415,14.6302,13.8268,14.1572,-0.3758,-2.59,8.08,227501361,,,34.7155,4.494,4.7163,59.5674,14182835000,,,,,,,
2016-03-16,5170745,14.1378,14.3775,13.8527,13.8721,-0.2851,-2.01,4.01,112596954,,,34.0164,4.4035,4.6213,58.3678,13897231000,,,,,,,
2016-03-17,7266855,13.9369,14.5654,13.8333,14.3581,0.486,3.5,5.63,160321170,,,35.208,4.5578,4.7832,60.4125,14384056000,,,,,,,
2016-03-18,17950165,14.1832,15.7965,14.0795,15.7965,1.4384,10.02,13.9,423562479,,,38.7352,5.0144,5.2624,66.4646,15825058000,,,,,,,
2016-03-21,21047261,16.3926,17.3645,16.3926,17.1895,1.393,8.82,12.33,548127256,,,42.1511,5.4566,5.7264,72.3259,17220623000,,,,,,,
2016-03-22,15554555,16.7166,17.8828,16.5546,16.885,-0.3045,-1.77,9.11,418998317,,,41.4044,5.3599,5.625,71.0446,16915546000,,,,,,,
2016-03-23,12709266,17.1053,18.3234,16.6194,17.818,0.933,5.53,7.45,344825352,,,43.6923,5.6561,5.9358,74.9704,17850250000,,,,,,,
2016-03-24,13124427,17.5135,19.1787,17.1701,17.5524,-0.2656,-1.49,7.69,368543359,,,43.0409,5.5717,5.8473,73.8526,17584119000,,,,,,,
2016-03-25,9244752,17.5005,18.0707,16.7813,17.1183,-0.4341,-2.47,5.42,244911769,,,41.9763,5.4339,5.7027,72.0261,17149222000,,,,,,,
2016-04-12,8832274,18.7899,18.8288,18.142,18.8288,1.7105,9.99,5.17,255029688,,,42.4441,5.7482,6.0552,69.1315,18862846000,,,,,,,
2016-04-13,20140350,18.3364,20.4097,17.9217,19.1657,0.3369,1.79,11.8,590757671,,,43.2036,5.8511,6.1636,70.3685,19200378000,,,,,,,
2016-04-14,12495039,19.2176,20.1959,19.2176,19.5026,0.3369,1.76,7.32,378966384,,,43.9631,5.9539,6.2719,71.6055,19537910000,,,,,,,
2016-04-15,7299454,19.4055,20.0469,19.0556,19.1528,-0.3498,-1.79,4.28,219774513,,,43.1744,5.8471,6.1594,70.3209,19187396000,,,,,,,
2016-04-18,9803065,18.5955,20.4745,18.466,19.8979,0.7451,3.89,5.74,294255747,,,44.854,6.0746,6.399,73.0567,19933861000,,,,,,,
2016-04-19,6391462,19.6322,20.1571,19.5026,19.5739,-0.324,-1.63,3.74,195236424,,,44.1238,5.9757,6.2948,71.8672,19609311000,,,,,,,
2016-04-20,9720973,19.535,19.6841,17.6301,17.7468,-1.8271,-9.33,5.69,276319421,,,40.005,5.4179,5.7072,65.1587,17778849000,,,,,,,
2016-04-21,8125979,17.6237,18.5631,17.1766,18.0642,0.3174,1.79,4.76,224142216,,,40.7206,5.5148,5.8093,66.3243,18096908000,,,,,,,
2016-04-22,8432988,17.6884,18.3882,17.1053,17.52,-0.5442,-3.01,4.94,228685141,,,39.4938,5.3486,5.6343,64.326,17551664000,,,,,,,
2016-04-25,8287634,17.5589,17.682,16.6906,16.9628,-0.5572,-3.18,4.86,217414321,,,38.2377,5.1785,5.4551,62.2802,16993438000,,,,,,,
2016-04-26,6393752,16.8461,17.669,16.8461,17.656,0.6932,4.09,3.75,170478963,,,39.8005,5.3902,5.6781,64.8256,17687975000,,,,,,,
2016-04-27,10194473,17.7208,18.8353,17.7208,18.155,0.499,2.83,5.97,287812796,,,40.9251,5.5425,5.8385,66.6574,18187782000,,,,,,,
2016-04-28,7622658,18.0124,18.3947,17.2349,18.0448,-0.1102,-0.61,4.47,209858203,,,40.6768,5.5089,5.8031,66.253,18077435000,,,,,,,
2016-04-29,4632190,17.8504,17.8958,17.4811,17.5848,-0.46,-2.55,2.71,126521489,,,39.6398,5.3684,5.6551,64.5639,17616574000,,,,,,,
2016-05-03,9542133,17.656,18.9389,17.5135,18.9066,1.3218,7.52,5.59,271965200,,,42.6194,5.7719,6.0802,69.4169,18940738000,,,,,,,
2016-05-04,11369453,18.8547,19.5545,18.7251,19.1009,0.1943,1.03,6.66,336770246,,,43.0575,5.8313,6.1427,70.1306,19135468000,,,,,,,
2016-05-05,8069334,19.075,19.1592,18.5113,18.913,-0.1879,-0.98,4.73,234553985,,,42.634,5.7739,6.0823,69.4407,18947229000,,,,,,,
2016-05-06,9201947,18.8806,19.3601,17.6949,17.7403,-1.1727,-6.2,5.39,263974397,,,39.9904,5.4159,5.7052,65.1349,17772358000,,,,,,,
2016-05-09,9474047,17.3645,17.4422,16.3602,17.0535,-0.6868,-3.87,5.55,247342682,,,38.4422,5.2062,5.4843,62.6132,17084312000,,,,,,,
2016-05-10,4019147,17.0405,17.3386,16.7166,16.8721,-0.1814,-1.06,2.35,105086896,,,38.0332,5.1508,5.4259,61.9471,16902564000,,,,,,,
2016-05-11,5617162,17.0924,17.4358,16.587,16.6842,-0.1879,-1.11,3.29,147878714,,,37.6096,5.0935,5.3655,61.2572,16714325000,,,,,,,
2016-05-12,5990552,16.3278,16.9109,15.8678,16.7166,0.0324,0.19,3.51,150567681,,,37.6827,5.1034,5.3759,61.3762,16746780000,,,,,,,
2016-05-13,4382216,16.587,17.0535,16.4574,16.9304,0.2138,1.28,2.57,113601007,,,38.1646,5.1686,5.4447,62.1612,16960983000,,,,,,,
2016-05-16,7170199,16.7813,16.9045,16.2954,16.8915,-0.0389,-0.23,4.2,183641551,,,38.077,5.1568,5.4322,62.0185,16922037000,,,,,,,
2016-05-17,7590276,17.0276,17.0859,16.1982,16.2112,-0.6803,-4.03,4.45,193245217,,,36.5434,4.9491,5.2134,59.5206,16240482000,,,,,,,
2016-05-18,5405475,16.25,16.5611,15.8872,16.1334,-0.0778,-0.48,3.17,135507671,,,36.3681,4.9253,5.1884,59.2351,16162590000,,,,,,,
2016-05-19,7220246,16.1269,16.4379,16.0168,16.2371,0.1037,0.64,4.23,180955475,,,36.6018,4.957,5.2217,59.6158,16266446000,,,,,,,
2016-05-20,5032721,15.9261,16.3084,15.7835,16.1205,-0.1166,-0.72,2.95,124642742,,,36.3389,4.9214,5.1842,59.1876,16149608000,,,,,,,
2016-05-23,10684415,16.114,17.4876,16.114,17.2997,1.1792,7.31,6.26,280844295,,,38.9972,5.2814,5.5635,63.5172,17330970000,,,,,,,
2016-05-24,7595154,17.1377,17.2219,16.5546,16.7943,-0.5054,-2.92,4.45,198053879,,,37.8579,5.1271,5.4009,61.6616,16824672000,,,,,,,
2016-05-25,7194082,16.9304,17.0988,16.5999,16.9498,0.1555,0.93,4.21,187169778,,,38.2085,5.1746,5.4509,62.2326,16980456000,,,,,,,
2016-05-26,8296547,16.8461,17.3386,16.3667,17.3256,0.3758,2.22,4.86,217137632,,,39.0556,5.2893,5.5718,63.6124,17356934000,,,,,,,
2016-05-27,6466223,17.1701,17.6042,17.0405,17.1053,-0.2203,-1.27,3.79,172744917,,,38.559,5.222,5.501,62.8035,17136240000,,,,,,,
2016-05-30,4941285,16.8461,17.1377,16.5222,16.885,-0.2203,-1.29,2.89,128664525,,,38.0624,5.1548,5.4301,61.9947,16915546000,,,,,,,
2016-05-31,9948965,16.8461,18.2068,16.8461,18.0642,1.1792,6.98,5.83,271028741,,,40.7206,5.5148,5.8093,66.3243,18096908000,,,,,,,
2016-06-01,9341871,18.0642,18.3364,17.7532,17.9541,-0.1101,-0.61,5.47,259777682,,,40.4723,5.4812,5.7739,65.9199,17986561000,,,,,,,
2016-06-02,7147159,17.9217,18.1874,17.5913,18.1355,0.1814,1.01,4.19,197390926,,,40.8813,5.5366,5.8323,66.586,18168309000,,,,,,,
2016-06-03,8110258,18.142,18.3299,17.8763,17.9476,-0.1879,-1.04,4.75,226089456,,,40.4577,5.4792,5.7718,65.8961,17980070000,,,,,,,
2016-06-06,7029437,18.0383,18.0837,17.656,17.8504,-0.0972,-0.54,4.12,193126313,,,40.2386,5.4495,5.7406,65.5393,17882705000,,,,,,,
2016-06-07,10833429,17.7468,18.2521,17.4293,18.1938,0.3434,1.92,6.35,298260027,,,41.0128,5.5544,5.851,66.8001,18226728000,,,,,,,
2016-06-08,11814361,18.1809,18.913,18.0254,18.3623,0.1685,0.93,6.92,337003845,,,41.3925,5.6058,5.9052,67.4186,18395494000,,,,,,,
2016-06-13,12125760,17.9411,18.9778,17.2025,17.2932,-1.0691,-5.82,7.1,342911106,,,38.9826,5.2794,5.5614,63.4934,17324479000,,,,,,,
2016-06-14,6035135,16.9433,17.4682,16.8461,17.196,-0.0972,-0.56,3.54,159562066,,,38.7635,5.2497,5.5301,63.1366,17227114000,,,,,,,
2016-06-15,16498455,16.8656,18.913,16.8656,18.8936,1.6976,9.87,9.67,472644424,,,42.5902,5.768,6.0761,69.3693,18927756000,,,,,,,
2016-06-16,10843014,18.764,19.1074,18.5308,18.7964,-0.0972,-0.51,6.35,314784654,,,42.3711,5.7383,6.0448,69.0125,18830391000,,,,,,,
2016-06-17,12558694,18.7899,19.1722,18.6409,18.9713,0.1749,0.93,7.36,365674815,,,42.7654,5.7917,6.1011,69.6548,19005648000,,,,,,,
2016-06-20,13411985,19.1463,20.0858,19.1074,19.6452,0.6739,3.55,7.86,408021513,,,44.2844,5.9974,6.3178,72.1289,19680712000,,,,,,,
2016-06-21,9500906,19.697,20.008,18.7251,18.8418,-0.8034,-4.09,5.57,285320454,,,42.4733,5.7522,6.0594,69.179,18875828000,,,,,,,
2016-06-22,7737266,18.7964,20.0858,18.6085,19.9627,1.1209,5.95,4.53,230553223,,,45.0001,6.0944,6.4199,73.2946,19998771000,,,,,,,
2016-06-23,7743065,20.0987,20.1506,18.9843,19.6905,-0.2722,-1.36,4.54,234420767,,,44.3867,6.0113,6.3323,72.2954,19726149000,,,,,,,
2016-06-24,8458758,19.6322,20.021,18.6603,19.3471,-0.3434,-1.74,4.96,253441084,,,43.6126,5.9064,6.2219,71.0346,19382126000,,,,,,,
2016-06-27,12892057,19.2305,21.2844,19.1139,21.2844,1.9373,10.01,7.55,415983712,,,47.9797,6.4979,6.8449,78.1476,21322935000,,,,,,,
2016-06-28,17660151,21.8222,22.3859,21.1225,21.5695,0.2851,1.34,10.35,593741392,,,48.6223,6.5849,6.9366,79.1943,21608539000,,,,,,,
2016-06-29,9587614,21.5825,21.6408,20.9475,21.4076,-0.1619,-0.75,5.62,314330693,,,48.2572,6.5355,6.8845,78.5996,21446264000,,,,,,,
2016-06-30,7805152,21.3557,21.9194,21.1678,21.3492,-0.0584,-0.27,4.57,259104087,,,46.0542,6.2458,6.6132,59.3203,21387845000,,,,,,,
2016-07-01,10482871,21.3557,22.7423,21.2326,21.5047,0.1555,0.73,6.14,354550074,,,46.3897,6.2913,6.6614,59.7523,21543629000,,,,,,,
2016-07-04,8006781,21.0706,21.9583,20.8503,21.3946,-0.1101,-0.51,4.69,263823282,,,46.152,6.2591,6.6273,59.4463,21433282000,,,,,,,
2016-07-05,5922246,21.3687,21.3752,20.9281,21.2456,-0.149,-0.7,3.47,193125118,,,45.8306,6.2155,6.5811,59.0322,21283989000,,,,,,,
2016-07-06,8497913,21.2391,21.2391,20.5069,20.6041,-0.6415,-3.02,4.98,271847525,,,44.4469,6.0278,6.3824,57.2499,20641380000,,,,,,,
2016-07-07,6922689,20.6689,21.2067,20.5069,20.9151,0.311,1.51,4.06,222219388,,,45.1178,6.1188,6.4788,58.1141,20952948000,,,,,,,
2016-07-08,4620157,20.9151,21.0447,20.5264,20.6106,-0.3045,-1.46,2.71,147254134,,,44.4608,6.0297,6.3844,57.2679,20647871000,,,,,,,
2016-07-11,6413574,20.6041,20.9929,20.2154,20.5847,-0.0259,-0.13,3.76,204389723,,,44.4049,6.0221,6.3764,57.1959,20621907000,,,,,,,
2016-07-12,7466134,20.5393,20.7013,19.71,20.2866,-0.2981,-1.45,4.37,231705581,,,43.762,5.9349,6.2841,56.3677,20323321000,,,,,,,
2016-07-13,6061891,20.183,20.6041,19.8914,20.3255,0.0389,0.19,3.55,189585756,,,43.8458,5.9463,6.2961,56.4758,20362267000,,,,,,,
2016-07-14,7437943,20.3773,21.2197,20.3061,20.9346,0.6091,3,4.36,239477351,,,45.1597,6.1245,6.4848,58.1681,20972421000,,,,,,,
2016-07-15,5088174,20.8633,21.1743,20.4616,20.4875,-0.4471,-2.14,2.98,162625646,,,44.1953,5.9937,6.3463,56.9258,20524542000,,,,,,,
2016-07-18,11377173,20.0858,20.3773,19.3083,19.3601,-1.1274,-5.5,6.66,344791931,,,41.7633,5.6639,5.9971,53.7933,19395108000,,,,,,,
2016-07-19,4250070,19.3277,19.6322,19.2305,19.4897,0.1296,0.67,2.49,127235614,,,42.0428,5.7018,6.0372,54.1534,19524928000,,,,,,,
2016-07-20,4447582,19.5286,19.8137,19.3666,19.6452,0.1555,0.8,2.61,134438359,,,42.3783,5.7473,6.0854,54.5854,19680712000,,,,,,,
2016-07-21,5915361,19.6517,19.8201,19.3795,19.6646,0.0194,0.1,3.47,178542818,,,42.4202,5.753,6.0914,54.6394,19700185000,,,,,,,
2016-07-22,7717180,19.6711,20.3255,19.5545,19.6193,-0.0453,-0.23,4.52,237388914,,,42.3224,5.7397,6.0774,54.5134,19654748000,,,,,,,
2016-07-25,6589331,19.6193,19.6193,18.9519,19.075,-0.5443,-2.77,3.86,195413442,,,41.1483,5.5805,5.9088,53.0012,19109504000,,,,,,,
2016-07-26,4480551,19.1463,19.4119,19.0167,19.399,0.324,1.7,2.62,132873966,,,41.8471,5.6753,6.0091,53.9013,19434054000,,,,,,,
2016-07-27,9795739,19.4767,19.561,17.656,18.3882,-1.0108,-5.21,5.74,280060772,,,39.6667,5.3795,5.696,51.0928,18421458000,,,,,,,
2016-07-28,4529280,18.2716,18.2716,17.831,18.1485,-0.2397,-1.3,2.65,126485236,,,39.1496,5.3094,5.6217,50.4267,18181291000,,,,,,,
2016-07-29,4668208,18.2133,18.5631,17.8828,18.3817,0.2332,1.28,2.73,131215893,,,39.6527,5.3777,5.694,51.0748,18414967000,,,,,,,
2016-08-01,5233506,18.3234,18.3364,17.4487,17.5977,-0.784,-4.27,3.07,142696152,,,37.9615,5.1483,5.4512,48.8965,17629556000,,,,,,,
2016-08-02,3095605,17.6107,17.9087,17.5589,17.831,0.2333,1.33,1.81,84799216,,,38.4647,5.2165,5.5234,49.5446,17863232000,,,,,,,
2016-08-03,2177516,17.8375,18.0059,17.6431,17.8763,0.0453,0.25,1.28,59872242,,,38.5625,5.2298,5.5375,49.6706,17908669000,,,,,,,
2016-08-04,5427869,17.9023,18.7251,17.8569,18.5696,0.6933,3.88,3.18,154864596,,,40.0581,5.4326,5.7522,51.5969,18603206000,,,,,,,
2016-08-05,3348549,18.5826,18.5826,18.155,18.2586,-0.311,-1.67,1.96,94898826,,,39.3872,5.3416,5.6559,50.7328,18291638000,,,,,,,
2016-08-08,2506522,18.2521,18.3493,17.9671,18.3234,0.0648,0.35,1.47,70161940,,,39.527,5.3606,5.6759,50.9128,18356548000,,,,,,,
2016-08-09,2673603,18.3882,18.7187,18.3299,18.4854,0.162,0.88,1.57,76512294,,,39.8764,5.408,5.7261,51.3629,18518823000,,,,,,,
2016-08-10,4681310,18.6603,19.2435,18.6344,19.1398,0.6544,3.54,2.74,137393991,,,41.2881,5.5994,5.9288,53.1812,19174414000,,,,,,,
2016-08-11,3810467,19.2435,19.2435,18.8029,19.0685,-0.0713,-0.37,2.23,111971309,,,41.1343,5.5786,5.9068,52.9832,19103013000,,,,,,,
2016-08-12,3426904,18.9195,19.0945,18.6215,18.8871,-0.1814,-0.95,2.01,99392443,,,40.7429,5.5255,5.8506,52.4791,18921265000,,,,,,,
2016-08-15,6066956,19.0361,19.3083,18.777,19.224,0.3369,1.78,3.55,178646800,,,41.4698,5.6241,5.9549,53.4152,19258797000,,,,,,,
2016-08-16,5346135,19.0815,19.3666,19.0815,19.3471,0.1231,0.64,3.13,158969840,,,41.7353,5.6601,5.9931,53.7573,19382126000,,,,,,,
2016-08-17,4684200,19.2856,19.2922,18.7233,18.8821,-0.465,-2.4,2.74,133779448,,,39.8904,6.1251,5.7281,51.3809,18525314000,,,,,,,
2016-08-18,7891008,18.7497,18.8821,18.108,18.3726,-0.5095,-2.7,4.62,219254336,,,38.8141,5.9598,5.5736,49.9946,18025507000,,,,,,,
2016-08-19,5507154,18.3726,19.0342,18.2072,18.8424,0.4698,2.56,3.23,155561924,,,39.8065,6.1122,5.7161,51.2729,18486368000,,,,,,,
2016-08-22,3947521,18.7762,19.1202,18.3131,18.3329,-0.5095,-2.7,2.31,111059247,,,38.7303,5.9469,5.5615,49.8866,17986561000,,,,,,,
2016-08-23,3696116,18.2668,18.5248,18.2072,18.3726,0.0397,0.22,2.17,102205802,,,38.8141,5.9598,5.5736,49.9946,18025507000,,,,,,,
2016-08-24,21484784,20.0729,20.1523,19.0541,19.3187,0.9461,5.15,12.59,630655770,,,40.8128,6.2667,5.8606,52.5691,18953720000,,,,,,,
2016-08-25,27298650,19.3187,20.8404,19.2261,20.2317,0.913,4.73,15.99,829964117,,,42.7417,6.5629,6.1376,55.0535,19849478000,,,,,,,
2016-08-26,14274560,19.9142,20.1589,19.5238,19.7686,-0.4631,-2.29,8.36,427689390,,,41.7633,6.4127,5.9971,53.7933,19395108000,,,,,,,
2016-08-29,10972556,19.6627,19.6694,18.9614,19.1732,-0.5954,-3.01,6.43,318755275,,,40.5053,6.2195,5.8164,52.173,18810918000,,,,,,,
2016-08-30,5830868,19.0408,19.2592,18.9218,19.0475,-0.1257,-0.66,3.42,167745089,,,40.2398,6.1787,5.7783,51.831,18687589000,,,,,,,
2016-08-31,5530156,19.0011,19.1401,18.7564,18.8093,-0.2382,-1.25,3.24,157672766,,,39.7366,6.1015,5.706,51.1829,18453913000,,,,,,,
2016-09-01,5420224,18.7828,19.0475,18.6836,18.8688,0.0595,0.32,3.18,154983915,,,39.8624,6.1208,5.7241,51.3449,18512332000,,,,,,,
2016-09-02,6719265,18.8688,18.9482,18.2469,18.3726,-0.4962,-2.63,3.94,188118878,,,38.8141,5.9598,5.5736,49.9946,18025507000,,,,,,,
2016-09-05,7986807,18.3925,19.1467,18.3925,19.1004,0.7278,3.96,4.68,227902923,,,40.3516,6.1959,5.7944,51.975,18739517000,,,,,,,
2016-09-06,4881208,19.1136,19.1599,18.7894,19.1268,0.0264,0.14,2.86,140304635,,,40.4075,6.2045,5.8024,52.047,18765481000,,,,,,,
2016-09-07,6270874,19.3319,19.5767,19.1864,19.2327,0.1059,0.55,3.67,183703450,,,40.6311,6.2388,5.8345,52.3351,18869337000,,,,,,,
2016-09-08,3251332,19.2393,19.3187,18.9879,19.0475,-0.1852,-0.96,1.9,93698895,,,40.2398,6.1787,5.7783,51.831,18687589000,,,,,,,
2016-09-09,4023104,19.0475,19.0607,18.591,18.6042,-0.4433,-2.33,2.36,114217284,,,39.3033,6.0349,5.6438,50.6248,18252692000,,,,,,,
2016-09-12,6493302,18.194,18.3991,17.797,17.8433,-0.7609,-4.09,3.8,176850544,,,37.696,5.7881,5.413,48.5544,17506227000,,,,,,,
2016-09-13,3302869,17.9095,18.2006,17.8632,17.9889,0.1456,0.82,1.93,89822787,,,38.0035,5.8353,5.4572,48.9505,17649029000,,,,,,,
2016-09-14,2135101,17.5655,18.1808,17.5655,17.797,-0.1919,-1.07,1.25,57602205,,,37.5981,5.7731,5.399,48.4284,17460790000,,,,,,,
2016-09-19,1554549,17.85,18.0154,17.85,17.9492,0.1522,0.86,0.91,42132630,,,37.9196,5.8225,5.4451,48.8424,17610083000,,,,,,,
2016-09-20,3709656,17.9095,17.9624,17.5721,17.6515,-0.2977,-1.66,2.17,98938453,,,37.2906,5.7259,5.3548,48.0323,17317988000,,,,,,,
2016-09-21,5948945,17.6449,18.2535,17.6382,18.1146,0.4631,2.62,3.48,161780241,,,38.269,5.8761,5.4953,49.2925,17772358000,,,,,,,
2016-09-22,5436277,18.1675,18.4586,18.1344,18.3726,0.258,1.42,3.18,150311660,,,38.8141,5.9598,5.5736,49.9946,18025507000,,,,,,,
2016-09-23,3663142,18.4454,18.5843,18.1344,18.5248,0.1522,0.83,2.15,101869052,,,39.1356,6.0092,5.6197,50.4087,18174800000,,,,,,,
2016-09-26,2859786,18.2006,18.452,17.8698,17.936,-0.5888,-3.18,1.68,79128435,,,37.8916,5.8182,5.4411,48.8064,17597101000,,,,,,,
2016-09-27,3414210,17.8103,18.4322,17.7441,18.4256,0.4896,2.73,2,93974643,,,38.9259,5.977,5.5896,50.1387,18077435000,,,,,,,
2016-09-28,3281655,18.4719,18.6902,18.2668,18.6637,0.2381,1.29,1.92,92210795,,,39.4291,6.0542,5.6619,50.7868,18311111000,,,,,,,
2016-09-29,2935633,18.7233,18.8291,18.591,18.7167,0.053,0.28,1.72,83059931,,,39.5409,6.0714,5.6779,50.9308,18363039000,,,,,,,
2016-09-30,2612740,18.6637,18.7696,18.452,18.6042,-0.1125,-0.6,1.53,73590743,,,33.8616,5.7405,5.1999,59.778,18252692000,,,,,,,
2016-10-10,2374173,18.6042,19.0872,18.591,19.021,0.4168,2.24,1.39,67532429,,,34.6203,5.8691,5.3164,61.1172,18661625000,,,,,,,
2016-10-11,4120475,19.1599,19.3716,19.0872,19.2856,0.2646,1.39,2.41,119896055,,,35.102,5.9508,5.3904,61.9676,18921265000,,,,,,,
2016-10-12,4027344,19.0607,19.2856,18.7762,18.9614,-0.3242,-1.68,2.36,115905991,,,34.5119,5.8507,5.2997,60.9259,18603206000,,,,,,,
2016-10-13,4939332,19.0276,19.537,18.9284,19.3187,0.3573,1.88,2.89,144639889,,,35.1622,5.961,5.3996,62.0739,18953720000,,,,,,,
2016-10-14,3148546,19.3716,19.3716,18.9151,19.1798,-0.1389,-0.72,1.84,90807667,,,34.9093,5.9181,5.3608,61.6274,18817409000,,,,,,,
2016-10-17,2478756,19.3253,19.3253,18.7167,18.7365,-0.4433,-2.31,1.45,70968886,,,34.1025,5.7813,5.2369,60.2031,18382512000,,,,,,,
2016-10-18,3753935,18.7034,18.9085,18.6306,18.8556,0.1191,0.64,2.2,106598397,,,34.3192,5.8181,5.2702,60.5858,18499350000,,,,,,,
2016-10-19,2882029,18.849,18.935,18.6439,18.71,-0.1456,-0.77,1.69,81652471,,,34.0543,5.7732,5.2295,60.1181,18356548000,,,,,,,
2016-10-20,2570232,18.7299,18.8291,18.6373,18.8225,0.1125,0.6,1.51,72792496,,,34.259,5.8079,5.2609,60.4795,18466895000,,,,,,,
2016-10-21,2875771,18.8887,18.8953,18.591,18.7167,-0.1058,-0.56,1.68,81347846,,,34.0664,5.7752,5.2313,60.1394,18363039000,,,,,,,
2016-10-24,7624981,18.849,19.4113,18.7762,19.3584,0.6417,3.43,4.47,221743366,,,35.2344,5.9732,5.4107,62.2014,18992666000,,,,,,,
2016-10-25,4537189,19.3716,19.4841,19.1599,19.365,0.0066,0.03,2.66,132383611,,,35.2465,5.9753,5.4125,62.2227,18999157000,,,,,,,
2016-10-26,3004725,19.3055,19.418,19.0673,19.1202,-0.2448,-1.26,1.76,87356838,,,34.8009,5.8997,5.3441,61.4361,18758990000,,,,,,,
2016-10-27,6085018,19.1864,19.7488,19.1268,19.5701,0.4499,2.35,3.56,178530159,,,35.6198,6.0386,5.4699,62.8817,19200378000,,,,,,,
2016-10-28,17021432,19.7752,20.8404,19.7752,20.4037,0.8336,4.26,9.97,522469531,,,37.137,6.2958,5.7029,65.5602,20018244000,,,,,,,
2016-10-31,7147403,20.1126,20.7081,19.8149,20.5427,0.139,0.68,4.19,218923265,,,37.3899,6.3386,5.7417,66.0066,20154555000,,,,,,,
2016-11-01,5073040,20.3773,20.6088,20.1457,20.4104,-0.1323,-0.64,2.97,156373372,,,37.1491,6.2978,5.7047,65.5815,20024735000,,,,,,,
2016-11-02,6244450,20.5096,20.9859,20.0465,20.0928,-0.3176,-1.56,3.66,194791321,,,36.5711,6.1998,5.616,64.5611,19713167000,,,,,,,
2016-11-03,4690277,19.9142,20.2516,19.9009,19.9142,-0.1786,-0.89,2.75,142331675,,,36.2459,6.1447,5.566,63.9871,19537910000,,,,,,,
2016-11-04,4300975,19.9274,20.417,19.8877,20.0531,0.1389,0.7,2.52,130817437,,,36.4988,6.1876,5.6049,64.4335,19674221000,,,,,,,
2016-11-07,2718211,19.9472,20.2979,19.9208,19.9803,-0.0728,-0.36,1.59,82542032,,,36.3663,6.1651,5.5845,64.1997,19602820000,,,,,,,
2016-11-08,4451818,20.1523,20.2251,19.9009,20.0994,0.1191,0.6,2.61,134757747,,,36.5831,6.2019,5.6178,64.5823,19719658000,,,,,,,
2016-11-09,8024808,20.2317,20.675,20.106,20.2516,0.1522,0.76,4.7,247173356,,,36.8601,6.2488,5.6603,65.0713,19868951000,,,,,,,
2016-11-10,5897152,20.417,20.5427,20.1259,20.2714,0.0198,0.1,3.45,180635204,,,36.8962,6.255,5.6659,65.135,19888424000,,,,,,,
2016-11-11,5553973,20.2119,20.2846,19.9142,20.0134,-0.258,-1.27,3.25,168498597,,,36.4266,6.1753,5.5938,64.306,19635275000,,,,,,,
2016-11-14,3710272,19.9803,20.1325,19.7091,19.9274,-0.086,-0.43,2.17,111688248,,,36.27,6.1488,5.5697,64.0296,19550892000,,,,,,,
2016-11-15,3158519,19.9472,20.0332,19.6032,19.7884,-0.139,-0.7,1.85,94292769,,,36.0171,6.1059,5.5309,63.5832,19414581000,,,,,,,
2016-11-16,2858200,19.8281,19.9803,19.7355,19.8745,0.0861,0.44,1.67,85961554,,,36.1737,6.1325,5.5549,63.8595,19498964000,,,,,,,
2016-11-17,3676726,19.9009,19.9142,19.4113,19.7157,-0.1588,-0.8,2.15,108820786,,,35.8847,6.0835,5.5106,63.3494,19343180000,,,,,,,
2016-11-18,1723700,19.6495,19.7686,19.5437,19.5701,-0.1456,-0.74,1.01,51225116,,,35.6198,6.0386,5.4699,62.8817,19200378000,,,,,,,
2016-11-21,3682306,19.5834,19.9075,19.4709,19.7884,0.2183,1.12,2.16,109650168,,,36.0171,6.1059,5.5309,63.5832,19414581000,,,,,,,
2016-11-22,3198999,19.8414,19.9605,19.6694,19.9274,0.139,0.7,1.87,96106902,,,36.27,6.1488,5.5697,64.0296,19550892000,,,,,,,
2016-11-23,3661735,19.9274,20.0068,19.6098,19.7157,-0.2117,-1.06,2.15,109714082,,,35.8847,6.0835,5.5106,63.3494,19343180000,,,,,,,
2016-11-24,4880187,19.7091,20.1523,19.7024,19.8414,0.1257,0.64,2.86,147324984,,,36.1135,6.1223,5.5457,63.7533,19466509000,,,,,,,
2016-11-25,6085302,19.9671,19.9671,19.1136,19.2724,-0.569,-2.87,3.56,178074466,,,35.0779,5.9467,5.3867,61.9251,18908283000,,,,,,,
2016-11-28,2583428,19.3849,19.3849,19.1864,19.2526,-0.0198,-0.1,1.51,75199484,,,35.0417,5.9406,5.3811,61.8613,18888810000,,,,,,,
2016-11-29,3758084,19.1864,19.3055,18.6571,18.7034,-0.5492,-2.85,2.2,107672436,,,34.0423,5.7711,5.2276,60.0969,18350057000,,,,,,,
2016-11-30,2373204,18.6968,18.9879,18.677,18.8556,0.1522,0.81,1.39,67650814,,,34.3192,5.8181,5.2702,60.5858,18499350000,,,,,,,
2016-12-01,1426712,18.9416,19.0011,18.7696,18.8953,0.0397,0.21,0.84,40723429,,,34.3915,5.8303,5.2813,60.7133,18538296000,,,,,,,
2016-12-02,1581995,18.8953,19.0078,18.71,18.7431,-0.1522,-0.81,0.93,45015942,,,34.1145,5.7834,5.2387,60.2244,18389003000,,,,,,,
2016-12-05,1965064,18.7233,19.0938,18.591,19.0475,0.3044,1.62,1.15,56293246,,,34.6684,5.8773,5.3238,61.2023,18687589000,,,,,,,
2016-12-06,2217596,18.9284,19.193,18.7564,18.7696,-0.2779,-1.46,1.3,63370240,,,34.1627,5.7915,5.2461,60.3094,18414967000,,,,,,,
2016-12-07,2138124,18.8754,18.8754,18.3991,18.6968,-0.0728,-0.39,1.25,60105018,,,34.0302,5.7691,5.2258,60.0756,18343566000,,,,,,,
2016-12-08,2322612,18.7233,18.7564,18.366,18.3859,-0.3109,-1.66,1.36,64829632,,,33.4643,5.6731,5.1389,59.0765,18038489000,,,,,,,
2016-12-09,1585120,18.366,18.6042,18.366,18.3991,0.0132,0.07,0.93,44239708,,,33.4883,5.6772,5.1426,59.119,18051471000,,,,,,,
2016-12-12,2715920,18.3594,18.452,17.7309,17.7706,-0.6285,-3.42,1.59,73681523,,,32.3444,5.4833,4.9669,57.0994,17434826000,,,,,,,
2016-12-13,2559451,17.7507,18.1146,17.3736,17.6184,-0.1522,-0.86,1.5,68271316,,,32.0674,5.4363,4.9244,56.6105,17285533000,,,,,,,
2016-12-14,2720292,17.6184,17.8169,17.5192,17.711,0.0926,0.53,1.59,72575019,,,32.236,5.4649,4.9503,56.9081,17376407000,,,,,,,
2016-12-15,4330633,17.6846,18.0484,17.5456,17.9294,0.2184,1.23,2.54,116272147,,,32.6334,5.5323,5.0113,57.6096,17590610000,,,,,,,
2016-12-16,4393663,17.9294,18.6902,17.8367,18.538,0.6086,3.39,2.57,122165019,,,33.7412,5.7201,5.1814,59.5654,18187782000,,,,,,,
2016-12-19,1525866,18.4123,18.6902,18.2535,18.4917,-0.0463,-0.25,0.89,42636480,,,33.6569,5.7058,5.1685,59.4166,18142345000,,,,,,,
2016-12-20,2249249,18.4917,18.7233,18.4057,18.6439,0.1522,0.82,1.32,63299053,,,33.9339,5.7528,5.211,59.9055,18291638000,,,,,,,
2016-12-21,2109036,18.6439,18.71,18.3131,18.624,-0.0199,-0.11,1.24,58966640,,,33.8978,5.7466,5.2054,59.8418,18272165000,,,,,,,
2016-12-22,1101844,18.624,18.6637,18.4057,18.4652,-0.1588,-0.85,0.65,30902586,,,33.6088,5.6976,5.1611,59.3316,18116381000,,,,,,,
2016-12-23,3843825,18.4652,18.6571,18.2138,18.5513,0.0861,0.47,2.25,107165090,,,33.7653,5.7242,5.1851,59.6079,18200764000,,,,,,,
2016-12-26,4412037,18.452,18.9681,18.3263,18.8556,0.3043,1.64,2.58,124925993,,,34.3192,5.8181,5.2702,60.5858,18499350000,,,,,,,
2016-12-27,2771043,18.7233,19.1202,18.7034,19.0938,0.2382,1.26,1.62,79545160,,,34.7527,5.8916,5.3367,61.3511,18733026000,,,,,,,
2016-12-28,2928053,19.1533,19.1864,18.9681,19.0872,-0.0066,-0.03,1.72,84356206,,,34.7407,5.8895,5.3349,61.3298,18726535000,,,,,,,
2016-12-29,3964697,18.9416,19.5503,18.9416,19.4246,0.3374,1.77,2.32,115999760,,,35.3548,5.9936,5.4292,62.414,19057576000,,,,,,,
2016-12-30,3291996,19.4444,19.5503,19.3319,19.4643,0.0397,0.2,1.93,96936262,,,35.4271,6.0059,5.4403,62.5415,19096522000,,,,,,,
2017-01-03,2353949,19.3915,19.5172,19.193,19.279,-0.1853,-0.95,1.38,69012421,,,30.7213,5.6101,4.8035,68.4542,18914774000,,,,,,,
2017-01-04,2998255,19.3783,19.8083,19.193,19.623,0.344,1.78,1.76,88465281,,,31.2695,5.7102,4.8892,69.6758,19252306000,,,,,,,
2017-01-05,3214142,19.6297,19.8149,19.2592,19.3518,-0.2712,-1.38,1.88,94758321,,,30.8372,5.6313,4.8216,68.7126,18986175000,,,,,,,
2017-01-06,2511838,19.3055,19.7951,19.2856,19.3187,-0.0331,-0.17,1.47,74116435,,,30.7845,5.6217,4.8134,68.5952,18953720000,,,,,,,
2017-01-09,1802465,19.3187,19.8083,19.3187,19.7024,0.3837,1.99,1.06,53544247,,,31.396,5.7333,4.909,69.9577,19330198000,,,,,,,
2017-01-10,1787099,19.7488,19.9605,19.4643,19.5437,-0.1587,-0.81,1.05,53248981,,,31.143,5.6871,4.8694,69.3939,19174414000,,,,,,,
2017-01-11,3919426,19.4047,19.5834,18.8225,18.8424,-0.7013,-3.59,2.3,113468070,,,30.0255,5.4831,4.6947,66.9038,18486368000,,,,,,,
2017-01-12,2404012,18.8754,19.1533,18.849,18.9416,0.0992,0.53,1.41,69047946,,,30.1836,5.5119,4.7194,67.2561,18583733000,,,,,,,
2017-01-13,2041870,18.9548,19.021,18.3528,18.5182,-0.4234,-2.24,1.2,57588584,,,29.5089,5.3887,4.6139,65.7527,18168309000,,,,,,,
2017-01-16,2046443,18.5248,18.6174,17.5986,18.4917,-0.0265,-0.14,1.2,57018421,,,29.4667,5.381,4.6073,65.6587,18142345000,,,,,,,
2017-01-17,2257201,18.28,18.5248,18.0352,18.3991,-0.0926,-0.5,1.32,62542025,,,29.3191,5.3541,4.5842,65.3298,18051471000,,,,,,,
2017-01-18,1844170,18.5182,19.021,18.2006,18.6042,0.2051,1.11,1.08,52154456,,,29.6459,5.4137,4.6353,66.0581,18252692000,,,,,,,
2017-01-19,5367009,18.9747,19.6164,18.9747,19.2261,0.6219,3.34,3.14,156977882,,,30.6369,5.5947,4.7903,68.2663,18862846000,,,,,,,
2017-01-20,3632873,19.2261,19.8083,19.193,19.676,0.4499,2.34,2.13,107964394,,,31.3538,5.7256,4.9024,69.8637,19304234000,,,,,,,
2017-01-23,3235079,19.6958,19.9538,19.6164,19.7355,0.0595,0.3,1.9,96675140,,,31.4487,5.743,4.9172,70.0751,19362653000,,,,,,,
2017-01-24,2013956,19.623,19.8149,19.5172,19.7686,0.0331,0.17,1.18,59820361,,,31.5014,5.7526,4.9255,70.1926,19395108000,,,,,,,
2017-01-25,3137837,19.7686,20.1325,19.3518,19.9803,0.2117,1.07,1.84,94010354,,,31.8388,5.8142,4.9782,70.9443,19602820000,,,,,,,
2017-01-26,1954345,19.934,20.1722,19.8281,20.02,0.0397,0.2,1.14,59164534,,,31.9021,5.8257,4.9881,71.0853,19641766000,,,,,,,
2017-02-03,1162059,19.9803,20.0332,19.623,19.7818,-0.2382,-1.19,0.68,34794010,,,31.5225,5.7564,4.9288,70.2396,19408090000,,,,,,,
2017-02-06,1930411,19.8215,20.0332,19.5304,19.8546,0.0728,0.37,1.13,57531425,,,31.6385,5.7776,4.9469,70.498,19479491000,,,,,,,
2017-02-07,5578019,19.8811,21.1381,19.8745,20.3707,0.5161,2.6,3.27,172955284,,,32.4608,5.9278,5.0755,72.3303,19985789000,,,,,,,
2017-02-08,3928275,20.3111,20.8073,19.9737,20.761,0.3903,1.92,2.3,121206750,,,33.0828,6.0414,5.1727,73.7163,20368758000,,,,,,,
2017-02-09,4286447,20.7081,20.7081,20.3508,20.503,-0.258,-1.24,2.51,132725452,,,32.6717,5.9663,5.1084,72.8001,20115609000,,,,,,,
2017-02-10,2955068,20.4434,20.6022,20.1986,20.4699,-0.0331,-0.16,1.73,90984498,,,32.619,5.9567,5.1002,72.6827,20083154000,,,,,,,
2017-02-13,2413058,20.4236,20.675,20.1854,20.6353,0.1654,0.81,1.41,74705704,,,32.8825,6.0048,5.1414,73.27,20245429000,,,,,,,
2017-02-14,1605431,20.7544,20.7544,20.3839,20.4236,-0.2117,-1.03,0.94,49707786,,,32.5452,5.9432,5.0887,72.5182,20037717000,,,,,,,
2017-02-15,2783459,20.2913,20.4765,19.8678,19.9671,-0.4565,-2.24,1.63,84642046,,,31.8177,5.8103,4.9749,70.8973,19589838000,,,,,,,
2017-02-16,2286759,19.8546,20.2648,19.8414,20.2516,0.2845,1.42,1.34,69584491,,,32.271,5.8931,5.0458,71.9075,19868951000,,,,,,,
2017-02-17,2594100,20.278,20.4699,19.7289,19.7488,-0.5028,-2.48,1.52,78220872,,,31.4698,5.7468,4.9205,70.1221,19375635000,,,,,,,
2017-02-20,3659138,19.9142,19.9142,19.6694,19.7818,0.033,0.17,2.14,109266265,,,31.5225,5.7564,4.9288,70.2396,19408090000,,,,,,,
2017-02-21,4064627,19.9009,20.1788,19.6826,19.8083,0.0265,0.13,2.38,122105885,,,31.5647,5.7641,4.9354,70.3335,19434054000,,,,,,,
2017-02-22,2565861,19.8877,20.0266,19.7223,19.9075,0.0992,0.5,1.5,76983147,,,31.7228,5.793,4.9601,70.6859,19531419000,,,,,,,
2017-02-23,3255993,19.9075,20.245,19.7223,19.9737,0.0662,0.33,1.91,98454115,,,31.8283,5.8123,4.9766,70.9208,19596329000,,,,,,,
2017-02-24,4784503,19.934,20.6618,19.7818,20.3574,0.3837,1.92,2.8,146933598,,,32.4397,5.9239,5.0722,72.2833,19972807000,,,,,,,
2017-02-27,4588763,20.1656,20.761,20.0928,20.5625,0.2051,1.01,2.69,142397362,,,32.7666,5.9836,5.1233,73.0116,20174028000,,,,,,,
2017-02-28,2851401,20.503,20.5625,20.2846,20.4434,-0.1191,-0.58,1.67,88062370,,,32.5768,5.949,5.0936,72.5887,20057190000,,,,,,,
2017-03-01,3307545,20.503,20.7808,20.3574,20.3707,-0.0727,-0.36,1.94,102881858,,,32.4608,5.9278,5.0755,72.3303,19985789000,,,,,,,
2017-03-02,2139637,20.1788,20.5096,20.0928,20.3177,-0.053,-0.26,1.25,65507769,,,32.3765,5.9124,5.0623,72.1424,19933861000,,,,,,,
2017-03-03,1780768,19.9869,20.417,19.9803,20.3177,0,0,1.04,54411040,,,32.3765,5.9124,5.0623,72.1424,19933861000,,,,,,,
2017-03-06,7393881,20.331,21.3498,20.245,21.33,1.0123,4.98,4.33,235147054,,,33.9895,6.2069,5.3145,75.7366,20926984000,,,,,,,
2017-03-07,4899147,21.3035,21.6012,21.0521,21.4954,0.1654,0.78,2.87,157657400,,,34.2531,6.2551,5.3557,76.3239,21089259000,,,,,,,
2017-03-08,3066487,21.3697,21.3895,20.9992,21.2241,-0.2713,-1.26,1.8,98037178,,,33.8208,6.1761,5.2881,75.3607,20823128000,,,,,,,
2017-03-09,3327435,21.1513,21.4821,20.9132,21.2837,0.0596,0.28,1.95,106616620,,,33.9157,6.1935,5.3029,75.5721,20881547000,,,,,,,
2017-03-10,6158824,21.1778,22.3025,21.1778,22.0908,0.8071,3.79,3.61,204582433,,,35.2019,6.4283,5.5041,78.4381,21673449000,,,,,,,
2017-03-13,4929032,22.0313,22.501,21.6475,21.9717,-0.1191,-0.54,2.89,165036273,,,35.0121,6.3937,5.4744,78.0152,21556611000,,,,,,,
2017-03-14,5222327,22.415,23.0237,21.7997,22.0511,0.0794,0.36,3.06,176470750,,,35.1386,6.4168,5.4942,78.2971,21634503000,,,,,,,
2017-03-15,3549503,21.9651,22.2165,21.5682,22.1504,0.0993,0.45,2.08,116942533,,,35.2968,6.4457,5.5189,78.6495,21731868000,,,,,,,
2017-03-16,3372804,22.0644,22.6002,21.8394,22.4812,0.3308,1.49,1.98,113719308,,,35.8239,6.5419,5.6013,79.8241,22056418000,,,,,,,
2017-03-17,7490240,22.4944,22.5936,21.3101,21.4888,-0.9924,-4.41,4.39,247883291,,,34.2425,6.2531,5.354,76.3004,21082768000,,,,,,,
2017-03-20,3626781,21.4358,21.6674,21.0918,21.5814,0.0926,0.43,2.12,117320881,,,34.3901,6.2801,5.3771,76.6292,21173642000,,,,,,,
2017-03-21,2649065,21.5615,21.7336,21.2043,21.3961,-0.1853,-0.86,1.55,85841539,,,34.0949,6.2262,5.331,75.9715,20991894000,,,,,,,
2017-03-22,3765196,21.3895,21.3961,20.8404,21.1844,-0.2117,-0.99,2.21,120074148,,,33.7576,6.1646,5.2782,75.2198,20784182000,,,,,,,
2017-03-23,4595346,21.1646,21.6674,20.8536,21.3697,0.1853,0.87,2.69,148028250,,,34.0528,6.2185,5.3244,75.8775,20965930000,,,,,,,
2017-03-24,4708953,21.3697,21.8063,21.2572,21.6872,0.3175,1.49,2.76,153762332,,,34.5588,6.3109,5.4035,77.0051,21277498000,,,,,,,
2017-03-27,4016805,21.6674,21.6674,21.277,21.4689,-0.2183,-1.01,2.35,130128729,,,34.2109,6.2474,5.3491,76.2299,21063295000,,,,,,,
2017-03-28,4107471,21.4226,21.6277,21.0389,21.244,-0.2249,-1.05,2.41,131509725,,,33.8524,6.1819,5.2931,75.4312,20842601000,,,,,,,
2017-03-29,4202948,21.105,21.3432,20.5824,21.1513,-0.0927,-0.44,2.46,133463886,,,33.7048,6.155,5.27,75.1023,20751727000,,,,,,,
2017-03-30,2973681,21.0786,21.2704,20.8404,21.158,0.0067,0.03,1.74,94863503,,,33.7154,6.1569,5.2716,75.1258,20758218000,,,,,,,
2017-03-31,3713230,21.1447,21.7534,20.9595,21.5615,0.4035,1.91,2.18,120548761,,,31.9247,5.9687,4.903,66.4159,21154169000,,,,,,,
2017-04-05,7728977,21.9651,23.0898,21.6872,22.8517,1.2902,5.98,4.53,261855901,,,33.8349,6.3258,5.1964,70.3898,22419914000,,,,,,,
2017-04-06,3892276,22.8914,22.8914,22.2827,22.3687,-0.483,-2.11,2.28,132061312,,,33.1198,6.1921,5.0865,68.9021,21946071000,,,,,,,
2017-04-07,5635831,22.3753,22.4944,21.7997,22.4679,0.0992,0.44,3.3,188030274,,,33.2668,6.2196,5.1091,69.2078,22043436000,,,,,,,
2017-04-10,5191920,22.1636,22.8252,22.0511,22.673,0.2051,0.91,3.04,176540447,,,33.5704,6.2764,5.1557,69.8396,22244657000,,,,,,,
2017-04-11,3087434,22.673,22.8318,21.9651,22.3621,-0.3109,-1.37,1.81,104457137,,,33.11,6.1903,5.085,68.8817,21939580000,,,,,,,
2017-04-12,3061474,22.3555,22.6863,22.0313,22.4878,0.1257,0.56,1.79,103722103,,,33.2961,6.2251,5.1136,69.2689,22062909000,,,,,,,
2017-04-13,2714476,22.3621,22.6267,21.8923,21.9651,-0.5227,-2.32,1.59,91135370,,,32.5223,6.0804,4.9948,67.659,21550120000,,,,,,,
2017-04-14,3690724,21.7534,21.8262,21.158,21.4557,-0.5094,-2.32,2.16,119516018,,,31.768,5.9394,4.8789,66.0898,21050313000,,,,,,,
2017-04-17,2130697,21.4424,21.5748,21.1977,21.5086,0.0529,0.25,1.25,69049283,,,31.8464,5.9541,4.891,66.2528,21102241000,,,,,,,
2017-04-18,2009633,21.3697,21.6939,21.0455,21.1844,-0.3242,-1.51,1.18,64909479,,,31.3664,5.8643,4.8172,65.2542,20784182000,,,,,,,
2017-04-19,2743774,21.0323,21.4689,20.6485,21.4292,0.2448,1.16,1.61,87109519,,,31.7288,5.9321,4.8729,66.0083,21024349000,,,,,,,
2017-04-20,2721690,21.502,21.7336,21.2903,21.5086,0.0794,0.37,1.59,88761029,,,31.8464,5.9541,4.891,66.2528,21102241000,,,,,,,
2017-04-21,1768878,21.4358,21.8063,21.4358,21.6012,0.0926,0.43,1.04,57999253,,,31.9835,5.9797,4.912,66.5381,21193115000,,,,,,,
2017-04-24,4649369,21.5814,22.2165,21.3763,22.1702,0.569,2.63,2.72,154033047,,,32.8259,6.1372,5.0414,68.2907,21751341000,,,,,,,
2017-04-25,4046860,22.2033,22.415,21.8328,21.9982,-0.172,-0.78,2.37,135423133,,,32.5713,6.0896,5.0023,67.7609,21582575000,,,,,,,
2017-04-26,5865281,21.8196,22.0048,20.8404,21.4755,-0.5227,-2.38,3.44,189265426,,,31.7974,5.9449,4.8834,66.1509,21069786000,,,,,,,
2017-04-27,3439000,21.3167,22.0974,21.1712,21.6211,0.1456,0.68,2.01,112409714,,,32.0129,5.9852,4.9165,66.5993,21212588000,,,,,,,
2017-04-28,5171734,21.6674,21.6674,20.675,20.7676,-0.8535,-3.95,3.03,164482259,,,30.7492,5.7489,4.7225,63.9704,20375249000,,,,,,,
2017-05-02,3783614,20.5228,21.2374,20.3773,21.1116,0.344,1.66,2.22,119361207,,,31.2586,5.8442,4.8007,65.0301,20712781000,,,,,,,
2017-05-03,2167366,20.9462,21.4292,20.9462,21.2903,0.1787,0.85,1.27,69663269,,,31.5231,5.8936,4.8413,65.5803,20888038000,,,,,,,
2017-05-04,2619668,21.1712,21.3564,20.7345,20.7941,-0.4962,-2.33,1.53,83421855,,,30.7884,5.7563,4.7285,64.0519,20401213000,,,,,,,
2017-05-05,5275893,20.6287,21.0786,20.1788,20.3045,-0.4896,-2.35,3.09,163641744,,,30.0635,5.6207,4.6172,62.5438,19920879000,,,,,,,
2017-05-08,1590157,20.1986,20.6287,20.1986,20.2846,-0.0199,-0.1,0.93,49209637,,,30.0341,5.6152,4.6126,62.4827,19901406000,,,,,,,
2017-05-09,1309315,20.364,20.7015,20.1126,20.5691,0.2845,1.4,0.77,40501931,,,30.4553,5.694,4.6773,63.359,20180519000,,,,,,,
2017-05-10,1740300,20.6088,20.8272,20.0465,20.1259,-0.4432,-2.15,1.02,53352595,,,29.799,5.5713,4.5765,61.9936,19745622000,,,,,,,
2017-05-11,2783744,19.9935,20.5162,19.59,20.4765,0.3506,1.74,1.63,84576566,,,30.3182,5.6684,4.6563,63.0737,20089645000,,,,,,,
2017-05-12,2052571,20.245,20.5758,20.02,20.0332,-0.4433,-2.16,1.2,62975948,,,29.6619,5.5456,4.5555,61.7083,19654748000,,,,,,,
2017-05-15,1713844,20.1722,20.6882,20.0465,20.4567,0.4235,2.11,1,52879538,,,30.2888,5.6629,4.6518,63.0125,20070172000,,,,,,,
2017-05-16,2802103,20.4434,21.3234,20.2516,21.0918,0.6351,3.1,1.64,88601441,,,31.2292,5.8387,4.7962,64.9689,20693308000,,,,,,,
2017-05-17,2159380,21.0256,21.6343,21.0058,21.3631,0.2713,1.29,1.26,69980486,,,31.6309,5.9138,4.8579,65.8045,20959439000,,,,,,,
2017-05-18,1063792,21.3564,21.3564,20.8933,20.9859,-0.3772,-1.77,0.62,33917880,,,31.0725,5.8094,4.7721,64.6429,20589452000,,,,,,,
2017-05-19,1127692,20.9066,21.2638,20.9066,21.0058,0.0199,0.09,0.66,35840961,,,31.1019,5.8149,4.7766,64.704,20608925000,,,,,,,
2017-05-22,1551290,21.0058,21.3432,20.6948,21.0521,0.0463,0.22,0.91,49233066,,,31.1704,5.8277,4.7872,64.8467,20654362000,,,,,,,
2017-05-23,1411759,20.9727,21.1183,20.3773,20.3839,-0.6682,-3.17,0.83,43981883,,,30.1811,5.6427,4.6352,62.7884,19998771000,,,,,,,
2017-05-24,1461636,20.5096,20.6287,20.0994,20.2913,-0.0926,-0.45,0.86,44927462,,,33.6763,3.7792,5.172,70.0598,22314809837.86,,,,,,,
2017-05-25,1986032,20.3574,20.4434,19.8348,20.2913,0,0,1.16,60643836,,,33.6763,3.7792,5.172,70.0598,22314809837.86,,,,,,,
2017-05-26,3081041,20.5162,21.0852,20.2317,20.3707,0.0794,0.39,1.8,96618317,,,33.8081,3.794,5.1922,70.3339,22402119168.82,,,,,,,
2017-05-31,1914206,20.6088,20.9595,20.4104,20.5162,0.1455,0.71,1.12,59686981,,,34.0496,3.8211,5.2293,70.8365,22562186275.58,,,,,,,
2017-06-01,1442151,20.3707,20.4897,20.0134,20.1325,-0.3837,-1.87,0.84,43976091,,,33.4128,3.7496,5.1315,69.5116,22140191175.94,,,,,,,
2017-06-02,1978347,20.1325,20.2119,19.9538,20.1788,0.0463,0.23,1.16,60025462,,,33.4896,3.7583,5.1433,69.6715,22191121619,,,,,,,
2017-06-05,1263008,20.2979,20.3773,19.9671,20.0002,-0.1786,-0.89,0.74,38308753,,,33.1932,3.725,5.0978,69.0547,21994675624.34,,,,,,,
2017-06-06,2049278,19.9803,20.6088,19.9803,20.6022,0.602,3.01,1.2,63039445,,,34.1924,3.8371,5.2513,71.1334,22656771384.12,,,,,,,
2017-06-07,2977572,20.5758,20.9462,20.4434,20.6816,0.0794,0.39,1.74,93146213,,,34.3241,3.8519,5.2715,71.4076,22744080715.08,,,,,,,
2017-06-08,2521001,20.6419,20.9066,20.4964,20.8205,0.1389,0.67,1.48,78959106,,,34.5547,3.8778,5.3069,71.8873,22896872044.26,,,,,,,
2017-06-09,1153392,20.9066,20.9066,20.6221,20.7015,-0.119,-0.57,0.68,36101068,,,34.3571,3.8556,5.2766,71.4761,22765908047.82,,,,,,,
2017-06-12,2137788,20.6287,20.9396,20.5162,20.6816,-0.0199,-0.1,1.25,66895209,,,34.3241,3.8519,5.2715,71.4076,22744080715.08,,,,,,,
2017-06-13,3328316,20.6816,21.4623,20.5559,21.3498,0.6682,3.23,1.95,106688047,,,35.4331,3.9764,5.4418,73.7147,23478934250.66,,,,,,,
2017-06-14,3192412,21.4557,21.7666,20.9727,21.0389,-0.3109,-1.46,1.87,103375395,,,34.9171,3.9185,5.3626,72.6411,23136972704.4,,,,,,,
2017-06-15,2118149,21.0323,21.3035,20.8999,21.0323,-0.0066,-0.03,1.24,67424402,,,34.9061,3.9172,5.3609,72.6182,23129696926.82,,,,,,,
2017-06-16,2609066,21.0389,21.4888,21.0389,21.4292,0.3969,1.89,1.53,84006411,,,35.5649,3.9912,5.4621,73.9888,23566243581.62,,,,,,,
2017-06-19,5306981,21.5615,22.2298,21.1712,21.9188,0.4896,2.28,3.11,174714947,,,36.3774,4.0823,5.5868,75.6792,24104651122.54,,,,,,,
2017-06-20,9300916,22.1834,22.6333,21.985,22.3555,0.4367,1.99,5.45,314821940,,,37.1021,4.1637,5.6981,77.1869,24584852442.82,,,,,,,
2017-06-21,4735056,22.1768,22.3356,21.7468,22.0379,-0.3176,-1.42,2.77,157107603,,,36.5751,4.1045,5.6172,76.0904,24235615118.98,,,,,,,
2017-06-22,8781352,22.0114,23.2222,21.6145,22.759,0.7211,3.27,5.14,297449422,,,37.7719,4.2388,5.801,78.5803,25028674875.2,,,,,,,
2017-06-23,6848123,22.2298,22.931,22.0644,22.4547,-0.3043,-1.34,4.01,232306674,,,37.2668,4.1822,5.7234,77.5295,24693989106.52,,,,,,,
2017-06-26,5958794,22.4613,23.2089,22.1107,23.1758,0.7211,3.21,3.49,202719559,,,38.4637,4.3165,5.9072,80.0194,25487048862.74,,,,,,,
2017-06-27,4430528,22.9046,23.0501,22.4944,22.8384,-0.3374,-1.46,2.6,152445106,,,37.9037,4.2536,5.8212,78.8544,25115984206.16,,,,,,,
2017-06-28,3790593,22.6929,22.6929,21.9982,22.0313,-0.8071,-3.53,2.22,128014695,,,36.5641,4.1033,5.6155,76.0676,24228339341.4,,,,,,,
2017-06-29,3598547,22.0445,22.5473,21.8526,22.3753,0.344,1.56,2.11,120667678,,,37.1351,4.1674,5.7032,77.2554,24606679775.56,,,,,,,
2017-06-30,3398920,22.2165,22.4812,21.9519,22.157,-0.2183,-0.98,1.99,113641165,,,33.1913,3.9821,5.2892,49.8099,24366579115.42,,,,,,,
2017-07-03,5031019,22.0313,22.5473,21.7997,22.2761,0.1191,0.54,2.95,168800022,,,33.3697,4.0035,5.3176,50.0776,24497543111.86,,,,,,,
2017-07-04,6774783,22.2628,22.6399,21.6409,21.9916,-0.2845,-1.28,3.97,225715361,,,32.9435,3.9523,5.2497,49.4381,24184684675.92,,,,,,,
2017-07-05,6952658,21.9585,22.6135,21.76,22.5539,0.5623,2.56,4.07,234393583,,,33.7859,4.0534,5.3839,50.7023,24803125770.22,,,,,,,
2017-07-06,5483656,22.6929,22.8781,22.0511,22.0644,-0.4895,-2.17,3.21,185403502,,,33.0525,3.9654,5.2671,49.6017,24264718229.3,,,,,,,
2017-07-07,5974035,21.8791,22.0511,21.3961,21.4226,-0.6418,-2.91,3.5,195149101,,,32.0912,3.8501,5.1139,48.159,23558967804.04,,,,,,,
2017-07-10,6028004,21.4358,21.8262,20.9066,21.0323,-0.3903,-1.82,3.53,194031115,,,31.5065,3.7799,5.0207,47.2815,23129696926.82,,,,,,,
2017-07-11,2730875,21.0389,21.2374,20.9132,20.9529,-0.0794,-0.38,1.6,86899600,,,31.3875,3.7657,5.0017,47.103,23042387595.86,,,,,,,
2017-07-12,3661474,20.9132,21.0918,20.5493,21.0852,0.1323,0.63,2.15,114810542,,,31.5857,3.7894,5.0333,47.4004,23187903147.46,,,,,,,
2017-07-13,4035796,21.0389,21.4623,20.8073,21.2969,0.2117,1,2.36,129323061,,,31.9029,3.8275,5.0839,47.8764,23420728030.02,,,,,,,
2017-07-14,3220286,21.1712,21.5946,20.9793,21.4226,0.1257,0.59,1.89,103889563,,,32.0912,3.8501,5.1139,48.159,23558967804.04,,,,,,,
2017-07-17,4646076,21.2704,21.2704,19.9472,20.8272,-0.5954,-2.78,2.72,146248187,,,31.1992,3.7431,4.9717,46.8204,22904147821.84,,,,,,,
2017-07-18,2747548,20.5758,21.0653,20.5493,20.6816,-0.1456,-0.7,1.61,86161956,,,30.9812,3.7169,4.937,46.4932,22744080715.08,,,,,,,
2017-07-19,2597157,20.6882,20.8073,20.3839,20.6948,0.0132,0.06,1.52,80848227,,,31.001,3.7193,4.9401,46.5229,22758632270.24,,,,,,,
2017-07-20,3476582,20.7213,21.0918,20.5691,20.6882,-0.0066,-0.03,2.04,109651203,,,30.9911,3.7181,4.9386,46.5081,22751356492.66,,,,,,,
2017-07-21,1946877,20.4633,20.9793,20.4567,20.6816,-0.0066,-0.03,1.14,60976610,,,30.9812,3.7169,4.937,46.4932,22744080715.08,,,,,,,
2017-07-24,3321890,20.5096,20.9066,20.1854,20.4897,-0.1919,-0.93,1.95,102962031,,,30.6938,3.6824,4.8912,46.0619,22533083165.26,,,,,,,
2017-07-25,2938129,20.503,20.9066,20.3177,20.8073,0.3176,1.55,1.72,91826101,,,31.1695,3.7395,4.967,46.7758,22882320489.1,,,,,,,
2017-07-26,3958960,20.8073,20.9793,20.0134,20.1457,-0.6616,-3.18,2.32,122391195,,,30.1784,3.6206,4.8091,45.2885,22154742731.1,,,,,,,
2017-07-27,2146805,20.1722,20.5691,20.1126,20.5228,0.3771,1.87,1.26,66026736,,,30.7433,3.6884,4.8991,46.1362,22569462053.16,,,,,,,
2017-07-28,2088443,20.5228,20.8338,20.3773,20.7345,0.2117,1.03,1.22,65340536,,,31.0605,3.7264,4.9496,46.6122,22802286935.72,,,,,,,
2017-07-31,3658820,20.761,21.0587,20.2979,20.3905,-0.344,-1.66,2.14,113898902,,,30.5451,3.6646,4.8675,45.8388,22423946501.56,,,,,,,
2017-08-01,3892624,20.3243,21.0058,20.1788,20.9264,0.5359,2.63,2.28,120679610,,,31.3479,3.7609,4.9954,47.0435,23013284485.54,,,,,,,
2017-08-02,2173022,20.8801,20.8801,20.3111,20.4964,-0.43,-2.05,1.27,67549212,,,30.7037,3.6836,4.8928,46.0767,22540358942.84,,,,,,,
2017-08-03,3208412,20.5162,20.5956,20.1854,20.2251,-0.2713,-1.32,1.88,98708805,,,30.2973,3.6349,4.828,45.4669,22242052062.06,,,,,,,
2017-08-04,16543146,20.0597,20.2119,18.2006,18.452,-1.7731,-8.77,9.69,466217839,,,27.6412,3.3162,4.4047,41.481,20292143670.62,,,,,,,
2017-08-07,7595998,18.2998,18.7233,17.936,18.591,0.139,0.75,4.45,211047434,,,27.8494,3.3412,4.4379,41.7933,20444934999.8,,,,,,,
2017-08-08,4997712,18.6505,19.2526,18.5314,19.1004,0.5094,2.74,2.93,143974141,,,28.6125,3.4327,4.5595,42.9385,21005169873.46,,,,,,,
2017-08-09,4685243,19.0541,19.4378,18.5248,18.7233,-0.3771,-1.97,2.74,134091497,,,28.0476,3.365,4.4695,42.0908,20590450551.4,,,,,,,
2017-08-10,2794701,18.7497,18.8159,18.2866,18.6042,-0.1191,-0.64,1.64,78282434,,,27.8692,3.3436,4.4411,41.823,20459486554.96,,,,,,,
2017-08-11,2783307,18.4189,18.5711,18.194,18.5248,-0.0794,-0.43,1.63,77308045,,,27.7503,3.3293,4.4221,41.6446,20372177224,,,,,,,
2017-08-14,4549625,18.4586,19.418,18.3462,19.2724,0.7476,4.04,2.67,131450343,,,28.8702,3.4637,4.6006,43.3252,21194340090.54,,,,,,,
2017-08-15,1966884,19.2922,19.4047,18.9548,19.1996,-0.0728,-0.38,1.15,56985566,,,28.7612,3.4506,4.5832,43.1616,21114306537.16,,,,,,,
2017-08-16,1737826,19.2724,19.2724,19.1268,19.1864,-0.0132,-0.07,1.02,50463975,,,28.7413,3.4482,4.58,43.1319,21099754982,,,,,,,
2017-08-17,1520714,19.0673,19.2062,18.9879,19.0078,-0.1786,-0.93,0.89,43785897,,,28.4738,3.4161,4.5374,42.7303,20903308987.34,,,,,,,
2017-08-18,1647289,18.9879,19.2989,18.9614,19.2195,0.2117,1.11,0.96,47827875,,,28.7909,3.4541,4.5879,43.2062,21136133869.9,,,,,,,
2017-08-21,1294553,19.2195,19.3386,19.1335,19.2261,0.0066,0.03,0.76,37643499,,,28.8008,3.4553,4.5895,43.2211,21143409647.48,,,,,,,
2017-08-22,1369414,19.1996,19.3783,19.0607,19.1004,-0.1257,-0.65,0.8,39720367,,,28.6125,3.4327,4.5595,42.9385,21005169873.46,,,,,,,
2017-08-23,1038031,19.1533,19.2327,19.0607,19.2195,0.1191,0.62,0.61,30090478,,,28.7909,3.4541,4.5879,43.2062,21136133869.9,,,,,,,
2017-08-24,1154107,19.2393,19.2393,18.935,19.0011,-0.2184,-1.14,0.68,33200849,,,28.4638,3.4149,4.5358,42.7154,20896033209.76,,,,,,,
2017-08-25,1035543,18.9879,19.1798,18.8887,19.0805,0.0794,0.42,0.61,29863812,,,28.5828,3.4292,4.5548,42.8939,20983342540.72,,,,,,,
2017-08-28,5435031,19.3849,20.1656,19.2526,19.8678,0.7873,4.13,3.18,163076549,,,29.7622,3.5707,4.7427,44.6638,21849160072.74,,,,,,,
2017-08-29,2951291,20.0134,20.1457,19.9142,20.0266,0.1588,0.8,1.73,89457306,,,30,3.5992,4.7806,45.0208,22023778734.66,,,,,,,
2017-08-30,1351564,19.9935,20.0994,19.6694,19.7488,-0.2778,-1.39,0.79,40489012,,,29.5838,3.5493,4.7143,44.3961,21718196076.3,,,,,,,
2017-08-31,1338433,19.7488,19.9472,19.537,19.6098,-0.139,-0.7,0.78,39770027,,,29.3756,3.5243,4.6811,44.0838,21565404747.12,,,,,,,
2017-09-01,1731794,19.6826,19.848,19.4444,19.6297,0.0199,0.1,1.01,51406920,,,29.4054,3.5279,4.6859,44.1284,21587232079.86,,,,,,,
2017-09-04,3244220,19.6297,20.0465,19.4907,19.7289,0.0992,0.51,1.9,96992508,,,29.554,3.5457,4.7096,44.3515,21696368743.56,,,,,,,
2017-09-05,2148819,19.7157,19.9208,19.6694,19.7421,0.0132,0.07,1.26,64278822,,,29.5739,3.5481,4.7127,44.3812,21710920298.72,,,,,,,
2017-09-06,2423134,19.7223,19.7752,19.504,19.5834,-0.1587,-0.8,1.42,71690899,,,29.336,3.5195,4.6748,44.0243,21536301636.8,,,,,,,
2017-09-07,2143046,19.59,19.6958,19.4775,19.4841,-0.0993,-0.51,1.26,63234885,,,29.1873,3.5017,4.6511,43.8012,21427164973.1,,,,,,,
2017-09-08,3129004,19.4841,19.6826,19.1533,19.365,-0.1191,-0.61,1.83,91938291,,,29.0089,3.4803,4.6227,43.5334,21296200976.66,,,,,,,
2017-09-11,3460749,19.3319,19.6495,19.2922,19.5503,0.1853,0.96,2.03,102057245,,,29.2864,3.5136,4.6669,43.9499,21499922748.9,,,,,,,
2017-09-12,6289530,19.6826,20.4037,19.6826,19.9671,0.4168,2.13,3.68,191454978,,,29.9108,3.5885,4.7664,44.8869,21958296736.44,,,,,,,
2017-09-13,2226086,19.8546,20.0068,19.6429,19.7289,-0.2382,-1.19,1.3,66484993,,,29.554,3.5457,4.7096,44.3515,21696368743.56,,,,,,,
2017-09-14,2256316,19.7024,19.9935,19.5569,19.7223,-0.0066,-0.03,1.32,67318589,,,29.5441,3.5445,4.708,44.3366,21689092965.98,,,,,,,
2017-09-15,2824754,19.7223,19.762,19.2658,19.7488,0.0265,0.13,1.65,83214315,,,29.5838,3.5493,4.7143,44.3961,21718196076.3,,,,,,,
2017-09-18,2403639,19.848,19.848,19.5106,19.5437,-0.2051,-1.04,1.41,71145432,,,29.2765,3.5124,4.6653,43.935,21492646971.32,,,,,,,
2017-09-19,4507396,19.5701,19.5701,18.935,18.9548,-0.5889,-3.01,2.64,130627157,,,28.3945,3.4066,4.5248,42.6113,20845102766.7,,,,,,,
2017-09-20,4293196,19.0144,19.2393,18.7431,19.1665,0.2117,1.12,2.52,122731451,,,28.7116,3.4446,4.5753,43.0873,21077927649.26,,,,,,,
2017-09-21,2821027,19.107,19.1401,18.8357,18.9416,-0.2249,-1.17,1.65,80688059,,,28.3746,3.4042,4.5216,42.5816,20830551211.54,,,,,,,
2017-09-22,1867096,18.9879,19.0276,18.7233,18.8688,-0.0728,-0.38,1.09,53181054,,,28.2656,3.3911,4.5042,42.418,20750517658.16,,,,,,,
2017-09-25,2828729,18.9218,18.9218,18.5248,18.5314,-0.3374,-1.79,1.66,79779195,,,27.7602,3.3305,4.4237,41.6594,20379453001.58,,,,,,,
2017-09-26,1579748,18.5446,18.6902,18.4256,18.5248,-0.0066,-0.04,0.93,44199146,,,27.7503,3.3293,4.4221,41.6446,20372177224,,,,,,,
2017-09-27,1687873,18.5248,18.8556,18.5248,18.8424,0.3176,1.71,0.99,47787808,,,28.226,3.3864,4.4979,42.3585,20721414547.84,,,,,,,
2017-09-28,2065422,18.7894,18.9019,18.5976,18.6571,-0.1853,-0.98,1.21,58610719,,,27.9485,3.3531,4.4537,41.942,20517692775.6,,,,,,,
2017-09-29,1252085,18.7431,19.021,18.7431,19.0011,0.344,1.84,0.73,35780471,,,28.4638,3.4149,4.5358,42.7154,20896033209.76,,,,,,,
2017-10-09,4737487,19.193,19.8612,19.0739,19.7752,0.7741,4.07,2.78,140132678,,,29.2666,3.4614,4.4807,32.2639,21747299186.62,,,,,,,
2017-10-10,3098075,19.7951,19.8348,19.4312,19.6495,-0.1257,-0.64,1.81,91689696,,,29.0805,3.4394,4.4522,32.0588,21609059412.6,,,,,,,
2017-10-11,2047743,19.6495,19.8149,19.4378,19.5767,-0.0728,-0.37,1.2,60744797,,,28.9728,3.4266,4.4357,31.94,21529025859.22,,,,,,,
2017-10-12,1947360,19.5238,19.7091,19.3849,19.5106,-0.0661,-0.34,1.14,57467770,,,28.8749,3.415,4.4208,31.8321,21456268083.42,,,,,,,
2017-10-13,3161855,19.5238,19.5701,19.1665,19.193,-0.3176,-1.63,1.85,92032097,,,28.4049,3.3595,4.3488,31.314,21107030759.58,,,,,,,
2017-10-16,3131943,19.2526,19.3121,18.8291,18.9747,-0.2183,-1.14,1.83,90060617,,,28.0818,3.3212,4.2993,30.9578,20866930099.44,,,,,,,
2017-10-17,1408062,18.9747,19.0739,18.8093,18.935,-0.0397,-0.21,0.82,40315853,,,28.023,3.3143,4.2903,30.893,20823275433.96,,,,,,,
2017-10-18,2853392,18.9548,19.0408,18.7299,18.7696,-0.1654,-0.87,1.67,81254117,,,27.7783,3.2853,4.2529,30.6231,20641380994.46,,,,,,,
2017-10-19,2013980,18.7431,19.021,18.6571,18.9218,0.1522,0.81,1.18,57435022,,,28.0035,3.312,4.2873,30.8714,20808723878.8,,,,,,,
2017-10-20,2863110,19.2724,19.4312,18.9681,19.3849,0.4631,2.45,1.68,83337645,,,28.6889,3.393,4.3923,31.627,21318028309.4,,,,,,,
2017-10-23,2716058,19.5304,19.5767,19.2393,19.5172,0.1323,0.68,1.59,79873234,,,28.8847,3.4162,4.4222,31.8429,21463543861,,,,,,,
2017-10-24,2164009,19.3849,19.6958,19.3187,19.5172,0,0,1.27,63827145,,,28.8847,3.4162,4.4222,31.8429,21463543861,,,,,,,
2017-10-25,3821732,19.5172,20.0134,19.4312,19.8017,0.2845,1.46,2.24,114485427,,,29.3057,3.466,4.4867,32.307,21776402296.94,,,,,,,
2017-10-26,6977947,19.7884,20.675,19.7884,20.6551,0.8534,4.31,4.09,213975632,,,30.5688,3.6154,4.6801,33.6995,22714977604.76,,,,,,,
2017-10-27,3642950,20.45,20.675,20.3574,20.4897,-0.1654,-0.8,2.13,112682205,,,30.324,3.5864,4.6426,33.4296,22533083165.26,,,,,,,
2017-10-30,11852517,20.1126,20.1126,18.849,19.0475,-1.4422,-7.04,6.94,343897120,,,28.1895,3.334,4.3158,31.0765,20946963652.82,,,,,,,
2017-10-31,13097670,19.0475,19.0475,17.9624,18.0418,-1.0057,-5.28,7.67,362857707,,,26.7012,3.158,4.088,29.4358,19841045460.66,,,,,,,
2017-11-01,13916906,18.0617,18.1741,17.2744,17.3935,-0.6483,-3.59,8.15,369669728,,,25.7416,3.0445,3.941,28.378,19128019257.82,,,,,,,
2017-11-02,7198177,17.3339,17.711,17.3339,17.5258,0.1323,0.76,4.22,190696210,,,25.9375,3.0676,3.971,28.5938,19273534809.42,,,,,,,
2017-11-03,6249138,17.539,17.5787,16.8509,17.453,-0.0728,-0.42,3.66,162269695,,,25.8298,3.0549,3.9545,28.4751,19193501256.04,,,,,,,
2017-11-06,3577609,17.281,17.4133,17.0031,17.2479,-0.2051,-1.18,2.1,92896295,,,25.5262,3.019,3.9081,28.1405,18967952151.06,,,,,,,
2017-11-07,6348825,17.2413,17.3538,16.8046,16.8576,-0.3903,-2.26,3.72,163194915,,,24.9485,2.9507,3.8196,27.5036,18538681273.84,,,,,,,
2017-11-08,6462868,16.8576,17.195,16.7649,17.0428,0.1852,1.1,3.79,165518642,,,25.2227,2.9831,3.8616,27.8059,18742403046.08,,,,,,,
2017-11-09,3815622,17.0163,17.0825,16.8443,17.0494,0.0066,0.04,2.24,97817993,,,25.2325,2.9843,3.8631,27.8167,18749678823.66,,,,,,,
2017-11-10,4370932,17.0627,17.3538,16.9436,17.2876,0.2382,1.4,2.56,113470973,,,25.585,3.0259,3.9171,28.2052,19011606816.54,,,,,,,
2017-11-13,8961142,17.3273,17.9823,17.3273,17.8235,0.5359,3.1,5.25,239604804,,,26.3781,3.1197,4.0385,29.0796,19600944800.52,,,,,,,
2017-11-14,5574617,17.8367,18.0286,17.5258,17.8764,0.0529,0.3,3.27,150222735,,,26.4564,3.129,4.0505,29.1659,19659151021.16,,,,,,,
2017-11-15,2898188,17.8367,17.8632,17.2876,17.5324,-0.344,-1.92,1.7,76994367,,,25.9473,3.0688,3.9725,28.6046,19280810587,,,,,,,
2017-11-16,3896359,17.4398,17.5258,17.0627,17.109,-0.4234,-2.41,2.28,101653980,,,25.3206,2.9947,3.8766,27.9138,18815160821.88,,,,,,,
2017-11-17,2620288,17.0693,17.3802,16.8708,16.9303,-0.1787,-1.04,1.53,67777327,,,25.0562,2.9634,3.8361,27.6224,18618714827.22,,,,,,,
2017-11-20,3254582,16.9171,17.2016,16.1827,17.1354,0.2051,1.21,1.91,82726749,,,25.3598,2.9993,3.8826,27.957,18844263932.2,,,,,,,
2017-11-21,2670551,17.1354,17.3538,16.6128,16.8046,-0.3308,-1.93,1.56,68388865,,,24.8702,2.9414,3.8076,27.4173,18480475053.2,,,,,,,
2017-11-22,2065337,16.7319,16.9171,16.7186,16.8443,0.0397,0.24,1.21,52480913,,,24.929,2.9484,3.8166,27.482,18524129718.68,,,,,,,
2017-11-23,2921110,16.8112,16.8112,16.315,16.3481,-0.4962,-2.95,1.71,72986664,,,24.1946,2.8615,3.7042,26.6725,17978446400.18,,,,,,,
2017-11-24,1774652,16.0438,16.7054,16.0438,16.5069,0.1588,0.97,1.04,43602461,,,24.4296,2.8893,3.7402,26.9315,18153065062.1,,,,,,,
2017-11-27,1326714,16.4408,16.6062,16.2224,16.4011,-0.1058,-0.64,0.78,32971822,,,24.2729,2.8708,3.7162,26.7588,18036652620.82,,,,,,,
2017-11-28,1256171,16.4077,16.5863,16.2886,16.4474,0.0463,0.28,0.74,31267400,,,24.3415,2.8789,3.7267,26.8344,18087583063.88,,,,,,,
2017-11-29,3630356,16.5466,17.0957,16.1298,17.0296,0.5822,3.54,2.13,91590554,,,25.2031,2.9808,3.8586,27.7843,18727851490.92,,,,,,,
2017-11-30,2070900,16.97,17.1288,16.8245,17.0163,-0.0133,-0.08,1.21,53150903,,,25.1835,2.9785,3.8556,27.7627,18713299935.76,,,,,,,
2017-12-01,3051846,16.9237,17.4993,16.8708,17.2942,0.2779,1.63,1.79,79841349,,,25.5948,3.0271,3.9186,28.216,19018882594.12,,,,,,,
2017-12-04,2052816,17.1487,17.4199,17.1024,17.1751,-0.1191,-0.69,1.2,53370742,,,25.4185,3.0063,3.8916,28.0217,18887918597.68,,,,,,,
2017-12-05,2514413,17.056,17.1222,16.54,16.9568,-0.2183,-1.27,1.47,63905761,,,25.0954,2.968,3.8421,27.6655,18647817937.54,,,,,,,
2017-12-06,2749201,16.9039,16.9568,16.4474,16.8576,-0.0992,-0.59,1.61,69258682,,,24.9485,2.9507,3.8196,27.5036,18538681273.84,,2917865,1.7,29300,,,
2017-12-07,2437729,16.7451,17.2281,16.7451,17.0957,0.2381,1.41,1.43,62657504,,,25.301,2.9924,3.8736,27.8922,18800609266.72,,3034074,1.77,116209,,,
2017-12-08,4564293,17.0031,17.6316,16.9436,17.4662,0.3705,2.17,2.67,120024695,,,25.8493,3.0572,3.9575,28.4967,19208052811.2,,2943074,1.72,-91000,,,
2017-12-11,3320722,17.4662,17.8963,17.3471,17.6846,0.2184,1.25,1.95,89110188,,,26.1725,3.0954,4.007,28.8529,19448153471.34,,2951574,1.72,8500,,,
2017-12-12,1396200,17.5853,17.6846,17.3405,17.3538,-0.3308,-1.87,0.82,36897385,,,25.6829,3.0375,3.9321,28.3132,19084364592.34,,2940774,1.72,-10800,,,
2017-12-13,885901,17.367,17.4993,17.3471,17.3802,0.0264,0.15,0.52,23304376,,,25.7221,3.0422,3.9381,28.3564,19113467702.66,,2970375,1.74,29601,,,
2017-12-14,1179517,17.4596,17.6581,17.367,17.4265,0.0463,0.27,0.69,31199047,,,25.7906,3.0503,3.9485,28.4319,19164398145.72,,2997775,1.75,27400,,,
2017-12-15,1198565,17.4332,17.5324,17.2479,17.2545,-0.172,-0.99,0.7,31526975,,,25.536,3.0202,3.9096,28.1513,18975227928.64,,2997275,1.75,-500,,,
2017-12-18,867108,17.2678,17.7772,17.2479,17.3802,0.1257,0.73,0.51,22875630,,,25.7221,3.0422,3.9381,28.3564,19113467702.66,,2983375,1.74,-13900,,,
2017-12-19,1867126,17.3207,17.4596,16.7451,16.9965,-0.3837,-2.21,1.09,48227875,,,25.1542,2.975,3.8511,27.7303,18691472603.02,,3025075,1.77,41700,,,
2017-12-20,1770509,17.0362,17.0362,16.7848,16.884,-0.1125,-0.66,1.04,45241136,,,24.9877,2.9553,3.8256,27.5468,18567784384.16,,3062475,1.79,37400,,,
2017-12-21,2062917,16.7385,17.0031,16.4474,16.8973,0.0133,0.08,1.21,52195172,,,25.0073,2.9576,3.8286,27.5684,18582335939.32,,3113875,1.82,51400,,,
2017-12-22,1513083,16.6723,16.9303,16.6723,16.6988,-0.1985,-1.17,0.89,38319077,,,24.7135,2.9229,3.7836,27.2446,18364062611.92,,3113875,1.82,0,,,
2017-12-25,2093700,16.6988,16.7054,16.2224,16.2687,-0.4301,-2.58,1.23,51831247,,,24.0771,2.8476,3.6862,26.5429,17891137069.22,,3113875,1.82,0,,,
2017-12-26,3313077,16.5003,16.5003,16.0504,16.2621,-0.0066,-0.04,1.94,81179039,,,24.0673,2.8464,3.6847,26.5321,17883861291.64,,3113875,1.82,0,,,
2017-12-27,2170464,16.3283,16.6657,16.1761,16.3217,0.0596,0.37,1.27,53502846,,,24.1554,2.8569,3.6982,26.6293,17949343289.86,,3123575,1.82,9700,,,
2017-12-28,1807938,16.3415,16.5201,16.1827,16.4606,0.1389,0.85,1.06,44726211,,,24.361,2.8812,3.7297,26.856,18102134619.04,,3153175,1.84,29600,,,
2017-12-29,1784237,16.3415,16.4606,16.0438,16.368,-0.0926,-0.56,1.05,43971504,,,24.224,2.865,3.7087,26.7049,18000273732.92,,3140375,1.83,-12800,,,
2018-01-02,2622543,16.3878,16.6922,16.3614,16.5797,0.2117,1.29,1.54,65550661,,,24.7061,2.8187,3.582,19.6263,18233098615.48,,3430129,2,289754,,,
2018-01-03,3640328,16.6062,16.884,16.4606,16.8576,0.2779,1.68,2.13,91815404,,,25.1202,2.8659,3.642,19.9552,18538681273.84,,3661120,2.14,230991,,,
2018-01-04,2418549,16.7451,16.97,16.7385,16.9436,0.086,0.51,1.42,61827692,,,25.2483,2.8806,3.6606,20.0571,18633266382.38,,3949922,2.31,288802,,,
2018-01-05,3101093,16.9237,16.9568,16.4474,16.54,-0.4036,-2.38,1.82,77862511,,,24.6469,2.8119,3.5734,19.5793,18189443950,,3918822,2.29,-31100,,,
2018-01-08,5187748,16.7848,17.4728,16.54,16.7517,0.2117,1.28,3.04,133806717,,,24.9624,2.8479,3.6192,19.8299,18422268832.56,,3830222,2.24,-88600,,,
2018-01-09,2596567,16.6591,16.8377,16.5532,16.6128,-0.1389,-0.83,1.52,65322285,,,24.7554,2.8243,3.5891,19.6655,18269477503.38,,3833522,2.24,3300,,,
2018-01-10,3276705,16.6458,16.7914,16.3283,16.6855,0.0727,0.44,1.92,81699592,,,24.8638,2.8367,3.6049,19.7516,18349511056.76,,3806322,2.22,-27200,,,
2018-01-11,1876443,16.54,16.6591,16.4011,16.5929,-0.0926,-0.55,1.1,46970024,,,24.7258,2.8209,3.5848,19.642,18247650170.64,,3799154,2.22,-7168,,,
2018-01-12,1365802,16.6525,16.6723,16.3812,16.4011,-0.1918,-1.16,0.8,33997014,,,24.4399,2.7883,3.5434,19.4149,18036652620.82,,3791254,2.22,-7900,,,
2018-01-15,5601408,16.4408,16.4408,15.5277,15.6998,-0.7013,-4.28,3.28,134188403,,,23.3949,2.6691,3.3919,18.5847,17265420197.34,,3811654,2.23,20400,,,
2018-01-16,1892217,15.8718,15.8784,15.541,15.7593,0.0595,0.38,1.11,44862928,,,23.4836,2.6792,3.4047,18.6552,17330902195.56,,3803454,2.22,-8200,,,
2018-01-17,2824500,15.7593,15.7593,15.3888,15.5674,-0.1919,-1.22,1.65,66346878,,,23.1977,2.6466,3.3633,18.4281,17119904645.74,,3807854,2.23,4400,,,
2018-01-18,1850825,15.5674,15.6998,15.4484,15.5211,-0.0463,-0.3,1.08,43466994,,,23.1287,2.6387,3.3533,18.3732,17068974202.68,,3798454,2.22,-9400,,,
2018-01-19,4743470,15.5211,15.5211,14.9522,15.0514,-0.4697,-3.03,2.78,108955063,,,22.4287,2.5589,3.2518,17.8172,16552393994.5,,3041669,1.78,-756785,,,
2018-01-22,12154647,14.8794,14.8794,14.1384,14.2906,-0.7608,-5.05,7.12,263655382,,,21.295,2.4295,3.0874,16.9165,15715679572.8,,3056869,1.79,15200,,,
2018-01-23,4348879,14.2244,14.4493,14.1516,14.3832,0.0926,0.65,2.55,94240827,,,21.433,2.4453,3.1074,17.0262,15817540458.92,,3065969,1.79,9100,,,
2018-01-24,4401276,14.4758,14.4758,14.1847,14.2509,-0.1323,-0.92,2.58,94908258,,,21.2358,2.4228,3.0789,16.8695,15672024907.32,,3053969,1.78,-12000,,,
2018-01-25,5381423,14.2641,14.4493,14.2045,14.2244,-0.0265,-0.19,3.15,116407283,,,21.1964,2.4183,3.0731,16.8382,15642921797,,2144578,1.25,-909391,,,
2018-01-26,5930739,14.231,14.4295,14.0259,14.3435,0.1191,0.84,3.47,127494015,,,21.3738,2.4385,3.0989,16.9792,15773885793.44,,2162578,1.26,18000,,,
2018-01-29,3832059,14.3567,14.4096,13.9598,14.0061,-0.3374,-2.35,2.24,81890511,,,20.871,2.3812,3.026,16.5798,15402821136.86,,2168278,1.27,5700,,,
2018-01-30,1826901,13.9598,14.1781,13.9267,14.0788,0.0727,0.52,1.07,38849826,,,20.9795,2.3935,3.0417,16.6659,15482854690.24,,2155678,1.26,-12600,,,
2018-01-31,3662390,14.059,14.0921,13.3974,13.5496,-0.5292,-3.76,2.15,75669878,,,20.1908,2.3035,2.9273,16.0394,14900792483.84,,2187678,1.28,32000,,,
2018-02-01,4629249,13.5297,13.5628,12.6299,12.6564,-0.8932,-6.59,2.71,90975279,,,18.8598,2.1517,2.7344,14.9821,13918562510.54,,2161578,1.26,-26100,,,
2018-02-02,6520498,12.7358,12.8615,12.2793,12.6101,-0.0463,-0.37,3.82,123588012,,,18.7908,2.1438,2.7244,14.9273,13867632067.48,,2981081,1.74,819503,,,
2018-02-05,4694982,12.4248,13.1129,12.3058,12.8946,0.2845,2.26,2.75,91263852,,,19.2148,2.1922,2.7858,15.264,14180490503.42,,4598486,2.69,1617405,,,
2018-02-06,5629458,12.802,13.3048,12.5042,12.5109,-0.3837,-2.98,3.3,109105478,,,18.6429,2.127,2.7029,14.8098,13758495403.78,,6034209,3.53,1435723,,,
2018-02-07,4336680,12.7821,13.1526,12.5704,12.8417,0.3308,2.64,2.54,84306874,,,19.1359,2.1832,2.7744,15.2014,14122284282.78,,6459559,3.78,425350,,,
2018-02-08,3230293,12.8813,13.1394,12.7821,13.0137,0.172,1.34,1.89,63380280,,,19.3922,2.2124,2.8116,15.405,14311454499.86,,6963959,4.07,504400,,,
2018-02-09,3701338,12.6696,13.0004,12.491,12.6829,-0.3308,-2.54,2.17,71318693,,,18.8993,2.1562,2.7401,15.0134,13947665620.86,,7460985,4.37,497026,,,
2018-02-12,4213314,12.7159,13.4768,12.7159,13.2915,0.6086,4.8,2.47,84211594,,,19.8063,2.2597,2.8716,15.7339,14617037158.22,,7966876,4.66,505891,,,
2018-02-13,3106848,13.2982,13.662,13.2982,13.4239,0.1324,1,1.82,63379398,,,20.0035,2.2822,2.9002,15.8906,14762552709.82,,8688592,5.08,721716,,,
2018-02-14,1649796,13.3312,13.6091,13.3246,13.3974,-0.0265,-0.2,0.97,33497560,,,19.964,2.2777,2.8945,15.8593,14733449599.5,,9183360,5.37,494768,,,
2018-02-22,1606665,13.4768,13.662,13.4239,13.5959,0.1985,1.48,0.94,32950502,,,20.2598,2.3114,2.9373,16.0942,14951722926.9,,9198260,5.38,14900,,,
2018-02-23,2821780,13.5826,13.6157,13.1857,13.3445,-0.2514,-1.85,1.65,56853223,,,19.8851,2.2687,2.883,15.7966,14675243378.86,,9210960,5.39,12700,,,
2018-02-26,5582726,13.9995,14.1185,13.6753,13.8605,0.516,3.87,3.27,116996089,,,20.6541,2.3564,2.9945,16.4075,15242754030.1,,9243860,5.41,32900,,,
2018-02-27,7484561,13.8936,14.7537,13.8936,14.7074,0.8469,6.11,4.38,163900795,,,21.9161,2.5004,3.1775,17.4099,16174053560.34,,9303366,5.45,59506,,,
2018-02-28,4409040,14.6743,14.7404,14.2509,14.489,-0.2184,-1.48,2.58,96832053,,,21.5907,2.4633,3.1303,17.1515,15933952900.2,,9145860,5.35,-157506,,,
2018-03-01,2540338,14.4626,14.6081,14.2575,14.5353,0.0463,0.32,1.49,55435014,,,21.6597,2.4711,3.1403,17.2063,15984883343.26,,9151760,5.36,5900,,,
2018-03-02,3132204,14.3567,14.4295,14.0325,14.0788,-0.4565,-3.14,1.83,67395448,,,20.9795,2.3935,3.0417,16.6659,15482854690.24,,9109460,5.33,-42300,,,
2018-03-05,4433090,14.1582,14.7074,14.1384,14.5155,0.4367,3.1,2.6,96994344,,,21.6301,2.4678,3.136,17.1828,15963056010.52,,9212561,5.39,103101,,,
2018-03-06,5869295,14.5552,15.3425,14.5552,15.1176,0.6021,4.15,3.44,133426319,,,22.5273,2.5701,3.2661,17.8955,16625151770.3,,9145077,5.35,-67484,,,
2018-03-07,2270500,15.058,15.2168,14.8926,14.9389,-0.1787,-1.18,1.33,51556067,,,22.2611,2.5397,3.2275,17.684,16428705775.64,,9091277,5.32,-53800,,,
2018-03-08,2470494,14.9389,15.1176,14.7537,14.8728,-0.0661,-0.44,1.45,55700438,,,22.1625,2.5285,3.2132,17.6057,16355947999.84,,8476577,4.96,-614700,,,
2018-03-09,3206801,14.886,15.0779,14.7272,14.972,0.0992,0.67,1.88,72019057,,,22.3104,2.5454,3.2347,17.7232,16465084663.54,,7932877,4.64,-543700,,,
2018-03-12,4149140,14.9588,15.2102,14.7934,14.9654,-0.0066,-0.04,2.43,94018093,,,22.3005,2.5442,3.2332,17.7154,16457808885.96,,7956477,4.66,23600,,,
2018-03-13,6049700,14.9852,15.0183,14.4229,14.4493,-0.5161,-3.45,3.54,133288373,,,21.5316,2.4565,3.1217,17.1045,15890298234.72,,7488074,4.38,-468403,,,
2018-03-14,3498158,14.4229,14.5221,14.1913,14.2906,-0.1587,-1.1,2.05,75894828,,,21.295,2.4295,3.0874,16.9165,15715679572.8,,7538974,4.41,50900,,,
2018-03-15,2425158,14.2575,14.542,14.2442,14.5023,0.2117,1.48,1.42,52941989,,,21.6104,2.4655,3.1332,17.1671,15948504455.36,,7480974,4.38,-58000,,,
2018-03-16,2543469,14.5353,14.5353,14.2244,14.231,-0.2713,-1.87,1.49,55144505,,,21.2062,2.4194,3.0746,16.846,15650197574.58,,7470276,4.37,-10698,,,
2018-03-19,2589001,14.2376,14.2376,13.9598,14.0722,-0.1588,-1.12,1.52,55107851,,,20.9696,2.3924,3.0403,16.6581,15475578912.66,,7568076,4.43,97800,,,
2018-03-20,3307894,14.0921,14.1582,13.7282,13.8804,-0.1918,-1.36,1.94,69407497,,,20.6837,2.3598,2.9988,16.431,15264581362.84,,7508376,4.39,-59700,,,
2018-03-21,3178174,13.887,14.1582,13.8407,13.9598,0.0794,0.57,1.86,67330273,,,20.802,2.3733,3.016,16.5249,15351890693.8,,7463876,4.37,-44500,,,
2018-03-22,4548055,13.9068,14.0458,13.5033,13.6091,-0.3507,-2.51,2.66,93908906,,,20.2795,2.3137,2.9402,16.1099,14966274482.06,,7457876,4.36,-6000,,,
2018-03-23,4383217,12.7027,13.4834,12.7027,12.9078,-0.7013,-5.15,2.57,86616919,,,19.2345,2.1944,2.7887,15.2797,14195042058.58,,7320176,4.28,-137700,,,
2018-03-26,5130800,12.8284,13.0203,12.5175,12.7623,-0.1455,-1.13,3.01,98611982,,,19.0176,2.1697,2.7572,15.1074,14034974951.82,,7432976,4.35,112800,,,
2018-03-27,4121559,12.9343,13.3775,12.9343,13.2915,0.5292,4.15,2.41,82285616,,,19.8063,2.2597,2.8716,15.7339,14617037158.22,,7541976,4.41,109000,,,
2018-03-28,3617800,13.0997,13.4966,12.9674,13.318,0.0265,0.2,2.12,72517051,,,19.8457,2.2642,2.8773,15.7653,14646140268.54,,7495876,4.39,-46100,,,
2018-03-29,3787300,13.3246,13.7414,13.232,13.6687,0.3507,2.63,2.22,77310105,,,20.3682,2.3238,2.9531,16.1804,15031756480.28,,7495876,4.39,0,,,
2018-03-30,2845052,13.6488,13.9598,13.6488,13.7348,0.0661,0.48,1.66,59435606,,,20.4668,2.335,2.9674,16.2587,15104514256.08,,7495876,4.39,0,,,
2018-04-02,3024089,13.7348,13.887,13.5628,13.5826,-0.1522,-1.11,1.77,62724308,,,19.531,2.2402,2.7554,16.0497,14937171371.74,,7495876,4.39,0,,,
2018-04-03,3835924,13.4305,14.0259,13.2783,13.8407,0.2581,1.9,2.25,79787166,,,19.902,2.2827,2.8077,16.3545,15220926697.36,,7354676,4.3,-141200,,,
2018-04-04,4047991,13.8142,14.0788,13.5099,13.8804,0.0397,0.29,2.37,84615314,,,19.9591,2.2893,2.8158,16.4014,15264581362.84,,7367476,4.31,12800,,,
2018-04-09,5488773,13.7414,13.8671,13.1592,13.3312,-0.5492,-3.96,3.22,110838024,,,19.1694,2.1987,2.7044,15.7526,14660691823.7,,7375976,4.32,8500,,,
2018-04-10,2542242,13.2717,13.4636,13.1063,13.3312,0,0,1.49,51041249,,,19.1694,2.1987,2.7044,15.7526,14660691823.7,,7331976,4.29,-44000,,,
2018-04-11,6420604,13.4172,14.0259,13.3379,14.0127,0.6815,5.11,3.76,133437723,,,20.1493,2.3111,2.8426,16.5578,15410096914.44,,7761076,4.54,429100,,,
2018-04-12,4627680,14.059,14.0921,13.5099,13.5562,-0.4565,-3.26,2.71,96276236,,,19.4929,2.2358,2.75,16.0184,14908068261.42,,7781776,4.55,20700,,,
2018-04-13,2110400,13.6554,13.748,13.5297,13.6819,0.1257,0.93,1.24,43540339,,,19.6737,2.2565,2.7755,16.1669,15046308035.44,,7865276,4.6,83500,,,
2018-04-16,2726734,13.662,13.8142,13.4371,13.7083,0.0264,0.19,1.6,56363582,,,19.7117,2.2609,2.7809,16.1982,15075411145.76,,7835476,4.59,-29800,,,
2018-04-17,2491362,13.8341,13.8341,13.3709,13.4371,-0.2712,-1.98,1.46,51242205,,,19.3217,2.2162,2.7259,15.8777,14777104264.98,,7790176,4.56,-45300,,,
2018-04-18,3380183,13.5496,13.5893,12.749,13.2254,-0.2117,-1.58,1.98,67093356,,,19.0172,2.1812,2.6829,15.6275,14544279382.42,,7858676,4.6,68500,,,
2018-04-19,1977800,13.2982,13.3511,13.0997,13.1725,-0.0529,-0.4,1.16,39459457,,,18.9411,2.1725,2.6722,15.565,14486073161.78,,7777076,4.55,-81600,,,
2018-04-20,3716755,12.9343,12.9806,12.6101,12.6299,-0.5426,-4.12,2.18,71882218,,,18.161,2.083,2.5621,14.9239,13889459400.22,,7741160,4.53,-35916,,,
2018-04-23,5555116,12.6696,12.7292,11.9816,12.0345,-0.5954,-4.71,3.25,103030133,,,17.3048,1.9848,2.4413,14.2203,13234639418.02,,7760160,4.54,19000,,,
2018-04-24,3664354,12.1734,12.3256,12.0213,12.3124,0.2779,2.31,2.15,67421842,,,17.7044,2.0307,2.4977,14.5487,13540222076.38,,7903376,4.62,143216,,,
2018-04-25,3671128,12.3256,12.5505,12.2065,12.4844,0.172,1.4,2.15,68831459,,,17.9517,2.059,2.5326,14.7519,13729392293.46,,7888376,4.62,-15000,,,
2018-04-26,2049900,12.4712,12.5373,12.1073,12.1337,-0.3507,-2.81,1.2,38039377,,,17.4475,2.0012,2.4615,14.3376,13343776081.72,,7822176,4.58,-66200,,,
2018-04-27,1709213,12.2131,12.4248,12.1801,12.3785,0.2448,2.02,1,31914056,,,17.7995,2.0416,2.5111,14.6268,13612979852.18,,7767476,4.55,-54700,,,
2018-05-02,1645773,12.4844,12.5572,12.2462,12.5505,0.172,1.39,0.96,30948253,,,18.0469,2.0699,2.546,14.8301,13802150069.26,,7748476,4.53,-19000,,,
2018-05-03,2802608,12.5175,12.9277,12.3653,12.7887,0.2382,1.9,1.64,53656697,,,18.3894,2.1092,2.5943,15.1115,14064078062.14,,7781476,4.55,33000,,,
2018-05-04,2570604,12.7292,12.921,12.663,12.8218,0.0331,0.26,1.51,49835380,,,18.4369,2.1147,2.6011,15.1506,14100456950.04,,7782008,4.55,532,,,
2018-05-07,3302938,12.8483,13.0732,12.7424,13.0335,0.2117,1.65,1.93,64690459,,,18.7413,2.1496,2.644,15.4008,14333281832.6,,7829159,4.58,47151,,,
2018-05-08,2571854,13.0666,13.2121,12.921,13.1725,0.139,1.07,1.51,50967626,,,18.9411,2.1725,2.6722,15.565,14486073161.78,,7914959,4.63,85800,,,
2018-05-09,1265696,13.1394,13.2121,13.0203,13.0732,-0.0993,-0.75,0.74,25027076,,,18.7984,2.1561,2.6521,15.4477,14376936498.08,,7930328,4.64,15369,,,
2018-05-10,2453878,13.0732,13.4239,13.0732,13.2518,0.1786,1.37,1.44,49239986,,,19.0553,2.1856,2.6883,15.6588,14573382492.74,,8229766,4.82,299438,,,
2018-05-11,3871493,13.232,13.6885,13.232,13.5628,0.311,2.35,2.27,79224762,,,19.5024,2.2369,2.7514,16.0262,14915344039,,8185552,4.79,-44214,,,
2018-05-14,2789427,13.5628,13.7216,13.4305,13.5694,0.0066,0.05,1.63,57331874,,,19.5119,2.238,2.7527,16.034,14922619816.58,,8151789,4.77,-33763,,,
2018-05-15,3685626,13.7877,14.1582,13.4305,13.5033,-0.0661,-0.49,2.16,76913403,,,19.4168,2.2271,2.7393,15.9558,14849862040.78,,8179764,4.79,27975,,,
2018-05-16,3171201,13.3842,13.887,13.2982,13.7679,0.2646,1.96,1.86,65715834,,,19.7973,2.2707,2.793,16.2685,15140893143.98,,8320164,4.87,140400,,,
2018-05-17,3470516,13.6488,13.7679,13.1328,13.1658,-0.6021,-4.37,2.03,70032492,,,18.9316,2.1714,2.6708,15.5571,14478797384.2,,8264764,4.84,-55400,,,
2018-05-18,5472197,13.0997,13.8142,13.0997,13.7282,0.5624,4.27,3.21,112601015,,,19.7403,2.2642,2.7849,16.2216,15097238478.5,,8647397,5.06,382633,,,
2018-05-21,3735775,13.7547,14.1185,13.7414,13.9465,0.2183,1.59,2.19,78949721,,,20.0542,2.3002,2.8292,16.4796,15337339138.64,,8647397,5.06,0,,,
2018-05-22,2023287,13.9531,14.0788,13.8473,13.9928,0.0463,0.33,1.19,42767971,,,20.1208,2.3078,2.8386,16.5343,15388269581.7,,8647397,5.06,0,,,
2018-05-23,2880511,14.0127,14.2178,13.7944,13.9068,-0.086,-0.61,1.69,60957459,,,19.9971,2.2936,2.8212,16.4327,15293684473.16,,8548597,5,-98800,,,
2018-05-24,3570278,13.7613,13.8936,13.3048,13.6951,-0.2117,-1.52,1.46,73898061,,,19.6927,2.2587,2.7782,16.1826,15060859590.6,,8778856,5.14,230259,,,
2018-05-25,3452979,13.6554,14.1053,13.5429,13.6687,-0.0264,-0.19,1.41,72295125,,,19.6546,2.2543,2.7728,16.1513,15031756480.28,,8715456,3.56,-63400,,,
2018-05-28,4730175,13.6091,13.7414,13.2386,13.3974,-0.2713,-1.98,1.93,95966053,,,19.2646,2.2096,2.7178,15.8308,14733449599.5,,8818421,3.6,102965,,,
2018-05-29,3601065,13.404,13.662,13.1725,13.2386,-0.1588,-1.19,1.47,72986014,,,19.0363,2.1834,2.6856,15.6431,14558830937.58,,8941721,3.65,123300,,,
2018-05-30,3617164,13.0335,13.1129,12.6432,12.7424,-0.4962,-3.75,1.48,70395701,,,18.3228,2.1016,2.5849,15.0568,14013147619.08,,8894954,3.63,-46767,,,
2018-05-31,1868027,13.0534,13.0534,12.802,12.9277,0.1853,1.45,0.76,36473688,,,18.5891,2.1321,2.6225,15.2757,14216869391.32,,8847654,3.61,-47300,,,
2018-06-01,2426968,12.802,13.0335,12.6366,12.7887,-0.139,-1.08,0.99,47042730,,,18.3894,2.1092,2.5943,15.1115,14064078062.14,,8794654,3.59,-53000,,,
2018-06-04,3200004,12.8615,12.888,12.4712,12.8218,0.0331,0.26,1.31,61327652,,,18.4369,2.1147,2.6011,15.1506,14100456950.04,,8862466,3.62,67812,,,
2018-06-05,3205144,12.9012,13.0269,12.6035,13.0203,0.1985,1.55,1.31,62170407,,,18.7223,2.1474,2.6413,15.3852,14318730277.44,,8919269,3.64,56803,,,
2018-06-06,3004363,13.0203,13.1328,12.835,12.9343,-0.086,-0.66,1.23,58889191,,,18.5986,2.1332,2.6239,15.2835,14224145168.9,,8913278,3.64,-5991,,,
2018-06-07,1933386,12.9541,13.1261,12.8747,12.9806,0.0463,0.36,0.79,37940736,,,18.6652,2.1409,2.6333,15.3382,14275075611.96,,8740478,3.57,-172800,,,
2018-06-08,2547671,12.8284,12.8549,12.4513,12.6299,-0.3507,-2.7,1.04,48551723,,,18.161,2.083,2.5621,14.9239,13889459400.22,,8640356,3.53,-100122,,,
2018-06-11,1460500,12.6233,12.7556,12.5109,12.6763,0.0464,0.37,0.6,27985425,,,18.2276,2.0907,2.5715,14.9786,13940389843.28,,8616851,3.52,-23505,,,
2018-06-12,2675900,12.6299,13.0335,12.4381,12.9872,0.3109,2.45,1.09,51719316,,,18.6748,2.142,2.6346,15.3461,14282351389.54,,8595898,3.51,-20953,,,
2018-06-13,1731834,12.9409,12.9409,12.6763,12.6895,-0.2977,-2.29,0.71,33473671,,,18.2467,2.0929,2.5742,14.9943,13954941398.44,,8513898,3.47,-82000,,,
2018-06-14,1252814,12.6829,12.802,12.6167,12.7027,0.0132,0.1,0.51,24026725,,,18.2657,2.095,2.5769,15.0099,13969492953.6,,8467216,3.46,-46682,,,
2018-06-15,2123475,12.7689,12.9343,12.6233,12.921,0.2183,1.72,0.87,40995095,,,18.5796,2.131,2.6212,15.2679,14209593613.74,,8447716,3.45,-19500,,,
2018-06-19,3394207,12.7689,12.7755,11.8096,12.2065,-0.7145,-5.53,1.39,62725817,,,17.5522,2.0132,2.4762,14.4236,13423809635.1,,8354251,3.41,-93465,,,
2018-06-20,2234946,12.0742,12.4579,11.9286,12.2197,0.0132,0.11,0.91,41413482,,,17.5712,2.0154,2.4789,14.4392,13438361190.26,,8330251,3.4,-24000,,,
2018-06-21,2050093,12.2197,12.3521,11.8228,11.9022,-0.3175,-2.6,0.84,37142574,,,17.1146,1.963,2.4145,14.064,13089123866.42,,8312151,3.39,-18100,,,
2018-06-22,1681997,11.8294,12.1668,11.6772,12.1139,0.2117,1.78,0.69,30533490,,,17.419,1.9979,2.4574,14.3141,13321948748.98,,8310852,3.39,-1299,,,
2018-06-25,1250490,12.147,12.3455,11.922,12.0874,-0.0265,-0.22,0.51,22851523,,,17.3809,1.9936,2.4521,14.2829,13292845638.66,,8298952,3.39,-11900,,,
2018-06-26,1465400,11.975,12.3521,11.8823,12.2727,0.1853,1.53,0.6,27076298,,,17.6473,2.0241,2.4897,14.5018,13496567410.9,,8429452,3.44,130500,,,
2018-06-27,3728878,12.4248,12.9012,12.3124,12.6498,0.3771,3.07,1.52,71609423,,,18.1896,2.0863,2.5662,14.9474,13911286732.96,,8328422,3.4,-101030,,,
2018-06-28,1853107,12.5373,12.7358,12.491,12.4976,-0.1522,-1.2,0.76,35388224,,,17.9708,2.0612,2.5353,14.7676,13743943848.62,,8288979,3.38,-39443,,,
2018-06-29,1522381,12.5373,12.888,12.5241,12.8615,0.3639,2.91,0.62,29362410,,,18.494,2.1212,2.6091,15.1975,14144111615.52,,8288979,3.38,0,,,
2018-07-02,2058099,12.8747,12.9012,12.6101,12.663,-0.1985,-1.54,0.84,39666031,,,17.6776,2.0171,2.3892,17.1758,13925838288.12,,8288979,3.38,0,,,
2018-07-03,2190245,12.663,12.7292,11.9816,12.6432,-0.0198,-0.16,0.9,41261095,,,17.6499,2.014,2.3854,17.1489,13904010955.38,,8372679,3.42,83700,,,
2018-07-04,1464020,12.4579,12.7159,12.2065,12.2197,-0.4235,-3.35,0.6,27439234,,,17.0588,1.9465,2.3055,16.5745,13438361190.26,,8385077,3.42,12398,,,
2018-07-05,1503500,12.3653,12.3984,12.0874,12.0874,-0.1323,-1.08,0.61,27800966,,,16.8741,1.9254,2.2806,16.3951,13292845638.66,,8293777,3.38,-91300,,,
2018-07-06,2253344,12.0874,12.3851,11.9419,12.319,0.2316,1.92,0.92,41426618,,,17.1974,1.9623,2.3243,16.7092,13547497853.96,,8224977,3.36,-68800,,,
2018-07-09,2185742,12.3719,12.802,12.3388,12.7159,0.3969,3.22,0.89,41675327,,,17.7515,2.0255,2.3991,17.2476,13984044508.76,,8190077,3.34,-34900,,,
2018-07-10,2756764,12.7689,13.1129,12.6498,13.0732,0.3573,2.81,1.13,53874358,,,18.2503,2.0825,2.4666,17.7322,14376936498.08,,8298477,3.39,108400,,,
2018-07-11,3488304,13.2452,13.3511,12.8946,13.0071,-0.0661,-0.51,1.43,69209125,,,18.1579,2.0719,2.4541,17.6424,14304178722.28,,8324175,3.4,25698,,,
2018-07-12,2830752,13.0203,13.3312,13.0203,13.1658,0.1587,1.22,1.16,56579376,,,18.3796,2.0972,2.484,17.8578,14478797384.2,,8403475,3.43,79300,,,
2018-07-13,2813802,13.2254,13.3643,13.1129,13.2982,0.1324,1.01,1.15,56439388,,,18.5643,2.1183,2.509,18.0373,14624312935.8,,8478175,3.46,74700,,,
2018-07-16,2198804,13.2982,13.4172,13.1063,13.2121,-0.0861,-0.65,0.9,44188270,,,18.4442,2.1046,2.4928,17.9206,14529727827.26,,8531129,3.48,52954,,,
2018-07-17,2208873,13.2915,13.4239,13.0467,13.2585,0.0464,0.35,0.9,44045758,,,18.5089,2.112,2.5015,17.9834,14580658270.32,,8586429,3.5,55300,,,
2018-07-18,2121399,13.232,13.3643,13.0666,13.0864,-0.1721,-1.3,0.87,42280844,,,18.2687,2.0846,2.469,17.7501,14391488053.24,,8478602,3.46,-107827,,,
2018-07-19,1329240,13.1328,13.1791,12.9078,12.9409,-0.1455,-1.11,0.54,26142016,,,18.0655,2.0614,2.4416,17.5527,14231420946.48,,8514402,3.48,35800,,,
2018-07-20,1776374,13.1923,13.1923,12.835,13.0071,0.0662,0.51,0.73,34932957,,,18.1579,2.0719,2.4541,17.6424,14304178722.28,,8502902,3.47,-11500,,,
2018-07-23,2149924,13.0335,13.3511,12.974,13.3445,0.3374,2.59,0.88,42899149,,,18.6289,2.1257,2.5177,18.1001,14675243378.86,,8496002,3.47,-6900,,,
2018-07-24,3334893,13.3511,13.7547,13.2783,13.6157,0.2712,2.03,1.36,68428688,,,19.0076,2.1689,2.5689,18.468,14973550259.64,,8325002,3.4,-171000,,,
2018-07-25,2396228,13.5959,13.5959,13.3379,13.3643,-0.2514,-1.85,0.98,48685614,,,18.6566,2.1288,2.5215,18.127,14697070711.6,,8332830,3.4,7828,,,
2018-07-26,2289041,13.3643,13.4437,13.0071,13.0666,-0.2977,-2.23,0.94,45474613,,,18.241,2.0814,2.4653,17.7232,14369660720.5,,8296330,3.39,-36500,,,
2018-07-27,1848803,13.0666,13.1129,12.8417,13.0997,0.0331,0.25,0.76,36301879,,,18.2872,2.0867,2.4715,17.7681,14406039608.4,,8299530,3.39,3200,,,
2018-07-30,3009429,13.1129,13.1129,12.4381,12.491,-0.6087,-4.65,1.22,57589175,,,17.4375,1.9897,2.3567,16.9425,13736668071.04,,8337230,3.4,37700,,,
2018-07-31,1569124,12.5373,12.7027,12.491,12.6299,0.1389,1.11,0.64,29893562,,,17.6315,2.0118,2.3829,17.1309,13889459400.22,,8366830,3.41,29600,,,
2018-08-01,1330646,12.6366,12.7556,12.4447,12.4645,-0.1654,-1.31,0.54,25315711,,,17.4006,1.9855,2.3517,16.9066,13707564960.72,,8348430,3.41,-18400,,,
2018-08-02,2952427,12.5902,12.5902,11.8956,12.1073,-0.3572,-2.87,1.21,53927427,,,16.9018,1.9286,2.2843,16.422,13314672971.4,,8343557,3.41,-4873,,,
2018-08-03,1191567,12.1007,12.1536,11.9088,11.975,-0.1323,-1.09,0.49,21626064,,,16.7171,1.9075,2.2593,16.2425,13169157419.8,,8296857,3.39,-46700,,,
2018-08-06,1864285,11.9683,12.1073,11.6772,11.7566,-0.2184,-1.82,0.76,33412840,,,16.4123,1.8727,2.2182,15.9464,12929056759.66,,8290557,3.38,-6300,,,
2018-08-07,1081495,11.8559,12.0411,11.6971,12.0345,0.2779,2.36,0.44,19418257,,,16.8002,1.917,2.2706,16.3233,13234639418.02,,8285957,3.38,-4600,,,
2018-08-08,1647287,11.9683,12.0345,11.7103,11.8162,-0.2183,-1.81,0.67,29493553,,,16.4954,1.8822,2.2294,16.0271,12994538757.88,,8212657,3.35,-73300,,,
2018-08-09,2256648,11.8096,12.094,11.7302,12.061,0.2448,2.07,0.92,40914112,,,16.8372,1.9212,2.2756,16.3592,13263742528.34,,8376757,3.42,164100,,,
2018-08-10,1315688,12.094,12.1271,11.9485,12.0874,0.0264,0.22,0.54,23924831,,,16.8741,1.9254,2.2806,16.3951,13292845638.66,,8355357,3.41,-21400,,,
2018-08-13,1426482,11.975,11.975,11.7765,11.9551,-0.1323,-1.09,0.58,25597997,,,16.6894,1.9044,2.2556,16.2156,13147330087.06,,8473457,3.46,118100,,,
2018-08-14,759479,11.8757,11.9948,11.8426,11.9617,0.0066,0.06,0.31,13676135,,,16.6986,1.9054,2.2568,16.2246,13154605864.64,,8429457,3.44,-44000,,,
2018-08-15,996021,11.975,12.0147,11.75,11.7897,-0.172,-1.44,0.41,17803596,,,16.4585,1.878,2.2244,15.9913,12965435647.56,,8334257,3.4,-95200,,,
2018-08-16,1192595,11.6442,11.7368,11.3663,11.5515,-0.2382,-2.02,0.48,20887535,,,16.126,1.8401,2.1795,15.6682,12703507654.68,,8366757,3.41,32500,,,
2018-08-17,881568,11.5912,11.7037,11.3795,11.406,-0.1455,-1.26,0.36,15311488,,,15.9228,1.8169,2.152,15.4708,12543440547.92,,8382057,3.42,15300,,,
2018-08-20,1033344,11.3994,11.4655,11.148,11.3663,-0.0397,-0.35,0.42,17637085,,,15.8674,1.8106,2.1445,15.4169,12499785882.44,,8408357,3.43,26300,,,
2018-08-21,967900,11.3795,11.4126,11.2141,11.3464,-0.0199,-0.18,0.39,16562784,,,15.8397,1.8074,2.1408,15.39,12477958549.7,,8410957,3.43,2600,,,
2018-08-22,1448707,11.3464,11.3729,11.0553,11.1546,-0.1918,-1.69,0.59,24468855,,,15.5718,1.7768,2.1046,15.1298,12266960999.88,,8383657,3.42,-27300,,,
2018-08-23,1013600,11.1149,11.2472,11.0686,11.1678,0.0132,0.12,0.4,17103267,,,15.5903,1.7789,2.1071,15.1477,12281512555.04,,8383957,3.42,300,,,
2018-08-24,1503595,11.2737,11.3861,11.181,11.3464,0.1786,1.6,0.61,25705341,,,15.8397,1.8074,2.1408,15.39,12477958549.7,,8244257,3.36,-139700,,,
2018-08-27,1289147,11.3464,11.5317,11.3001,11.4854,0.139,1.23,0.52,22270314,,,16.0336,1.8295,2.167,15.5785,12630749878.88,,8284357,3.38,40100,,,
2018-08-28,1175100,11.5581,11.5648,11.32,11.3927,-0.0927,-0.81,0.48,20264108,,,15.9043,1.8148,2.1495,15.4528,12528888992.76,,8297157,3.39,12800,,,
2018-08-29,771800,11.3001,11.3927,11.2604,11.3398,-0.0529,-0.46,0.31,13186350,,,15.8304,1.8063,2.1395,15.381,12470682772.12,,8266857,3.37,-30300,,,
2018-08-30,1190931,11.32,11.3927,11.0355,11.1149,-0.2249,-1.98,0.48,20161000,,,15.5164,1.7705,2.0971,15.0759,12223306334.4,,8317688,3.39,50831,,,
2018-08-31,998407,11.1149,11.1678,10.9429,10.9892,-0.1257,-1.13,0.4,16643558,,,15.3409,1.7505,2.0734,14.9054,12085066560.38,,8334257,3.4,16569,,,
2018-09-03,1877534,10.837,10.9826,10.6253,10.751,-0.2382,-2.17,0.76,30443207,,,15.0084,1.7125,2.0284,14.5824,11823138567.5,,8391103,3.42,56846,,,
2018-09-04,1382424,10.8172,11.0686,10.751,11.0355,0.2845,2.65,0.56,22805384,,,15.4056,1.7579,2.0821,14.9682,12135997003.44,,8395903,3.43,4800,,,
2018-09-05,891196,11.0421,11.1016,10.9362,10.9362,-0.0993,-0.9,0.36,14827704,,,15.267,1.7421,2.0634,14.8336,12026860339.74,,8311403,3.39,-84500,,,
2018-09-06,1127124,10.9164,11.0156,10.7444,10.751,-0.1852,-1.69,0.45,18481113,,,15.0084,1.7125,2.0284,14.5824,11823138567.5,,8347003,3.41,35600,,,
2018-09-07,933696,10.7444,10.9826,10.7444,10.8899,0.1389,1.29,0.38,15359914,,,15.2024,1.7347,2.0546,14.7708,11975929896.68,,8306903,3.39,-40100,,,
2018-09-10,2021055,10.8105,10.9164,10.3143,10.321,-0.5689,-5.22,0.81,32249337,,,14.4081,1.644,1.9473,13.9991,11350213024.8,,8344603,3.41,37700,,,
2018-09-11,1770021,10.3871,10.5062,10.2614,10.4533,0.1323,1.28,0.72,27839153,,,14.5928,1.6651,1.9722,14.1786,11495728576.4,,8525203,3.48,180600,,,
2018-09-12,1267149,10.5128,10.5724,10.3474,10.4467,-0.0066,-0.06,0.52,20036918,,,14.5836,1.6641,1.971,14.1696,11488452798.82,,8545103,3.49,19900,,,
2018-09-13,1483724,10.6385,10.6385,10.4003,10.5591,0.1124,1.08,0.6,23511343,,,14.7406,1.682,1.9922,14.3221,11612141017.68,,8571403,3.5,26300,,,
2018-09-14,2002594,10.6385,10.7576,10.3607,10.4268,-0.1323,-1.25,0.81,31916548,,,14.5559,1.6609,1.9673,14.1427,11466625466.08,,8447416,3.45,-123987,,,
2018-09-17,1957083,10.2548,10.4202,9.9372,10.0497,-0.3771,-3.62,0.79,29755725,,,14.0294,1.6008,1.8961,13.6312,11051906144.02,,8487416,3.46,40000,,,
2018-09-18,3014794,10.0563,10.0563,9.6594,9.9571,-0.0926,-0.92,1.21,44999971,,,13.9001,1.5861,1.8786,13.5055,10950045257.9,,8510118,3.47,22702,,,
2018-09-19,2172525,9.924,10.1489,9.8777,10.096,0.1389,1.39,0.88,32907235,,,14.0941,1.6082,1.9048,13.694,11102836587.08,,8629218,3.52,119100,,,
2018-09-20,5874651,10.096,11.1083,10.0232,11.1083,1.0123,10.03,2.39,93967695,,,15.5072,1.7695,2.0958,15.067,12216030556.82,,8268218,3.37,-361000,,,
2018-09-21,6868777,11.1744,11.8823,10.8833,11.2207,0.1124,1.01,2.78,117162500,,,15.6642,1.7874,2.117,15.2195,12339718775.68,,8268218,3.37,0,,,
2018-09-25,2608079,11.2141,11.2141,10.9892,11.0818,-0.1389,-1.24,1.05,43866978,,,15.4702,1.7652,2.0908,15.0311,12186927446.5,,8268218,3.37,0,,,
2018-09-26,2140998,11.0421,11.1678,10.9826,11.009,-0.0728,-0.66,0.86,35746352,,,15.3686,1.7536,2.0771,14.9323,12106893893.12,,8234818,3.36,-33400,,,
2018-09-27,2222579,10.9958,11.009,10.7179,10.7378,-0.2712,-2.46,0.89,36370613,,,14.99,1.7104,2.0259,14.5644,11808587012.34,,8216742,3.35,-18076,,,
2018-09-28,1769644,10.8039,10.9561,10.7444,10.9164,0.1786,1.66,0.7,29073580,,,15.2393,1.7389,2.0596,14.8067,12005033007,,8165674,3.33,-51068,,,
2018-10-08,1600568,10.7775,10.7775,10.3276,10.4599,-0.4565,-4.18,0.65,25566581,,,14.3063,1.6238,1.9152,16.6779,11503004353.98,,8141674,3.32,-24000,,,
2018-10-09,1125884,10.4864,10.5657,10.3077,10.321,-0.1389,-1.33,0.44,17703784,,,14.1162,1.6022,1.8897,16.4564,11350213024.8,,8172074,3.34,30400,,,
2018-10-10,1063718,10.3739,10.5525,10.3408,10.4467,0.1257,1.22,0.42,16787407,,,14.2882,1.6217,1.9128,16.6568,11488452798.82,,8151374,3.33,-20700,,,
2018-10-11,1944288,10.2217,10.2217,9.6924,9.7718,-0.6749,-6.46,0.79,29225823,,,13.3652,1.517,1.7892,15.5808,10746323485.66,,8123686,3.32,-27688,,,
2018-10-12,1811929,9.7652,10.0034,9.3947,9.8578,0.086,0.88,0.72,26616017,,,13.4828,1.5303,1.8049,15.718,10840908594.2,,8082486,3.3,-41200,,,
2018-10-15,1530985,9.9571,9.9571,9.494,9.6064,-0.2514,-2.55,0.62,22405242,,,13.139,1.4913,1.7589,15.3171,10564429046.16,,8032247,3.28,-50239,,,
2018-10-16,1507615,9.4476,9.6197,9.2955,9.3749,-0.2315,-2.41,0.61,21463744,,,12.8222,1.4553,1.7165,14.9479,10309776830.86,,8032247,3.28,0,,,
2018-10-17,1188998,9.5866,9.6329,9.3021,9.4543,0.0794,0.85,0.48,16986765,,,12.9308,1.4677,1.731,15.0745,10397086161.82,,8032247,3.28,0,,,
2018-10-18,1088912,9.4543,9.4543,9.1565,9.2558,-0.1985,-2.1,0.43,15256444,,,12.6594,1.4368,1.6947,14.758,10178812834.42,,8069247,3.29,37000,,,
2018-10-19,1591880,9.1632,9.4278,9.1301,9.4278,0.172,1.86,0.65,22453031,,,12.8946,1.4636,1.7262,15.0323,10367983051.5,,8227047,3.36,157800,,,
2018-10-22,2413924,9.5601,9.9438,9.4675,9.7917,0.3639,3.86,0.97,35608670,,,13.3923,1.52,1.7928,15.6125,10768150818.4,,8199547,3.35,-27500,,,
2018-10-23,1815052,9.7917,9.8248,9.4807,9.6197,-0.172,-1.76,0.74,26596250,,,13.1571,1.4933,1.7613,15.3382,10578980601.32,,8293372,3.38,93825,,,
2018-10-24,1641800,9.494,9.6991,9.4476,9.4807,-0.139,-1.44,0.66,23671923,,,12.967,1.4718,1.7359,15.1167,10426189272.14,,8311072,3.39,17700,,,
2018-10-25,1752840,9.3021,9.4476,9.2029,9.3881,-0.0926,-0.98,0.71,24659621,,,12.8403,1.4574,1.7189,14.969,10324328386.02,,8355472,3.41,44400,,,
2018-10-26,1499100,9.4741,9.5204,9.3153,9.3947,0.0066,0.07,0.61,21370246,,,12.8494,1.4584,1.7201,14.9795,10331604163.6,,8194017,3.34,-161455,,,
2018-10-29,907400,9.4807,9.4807,9.2756,9.3087,-0.086,-0.92,0.37,12863054,,,12.7318,1.4451,1.7044,14.8424,10237019055.06,,8179518,3.34,-14499,,,
2018-10-30,2022330,9.4146,9.6594,9.3286,9.5337,0.225,2.42,0.82,29157271,,,13.0394,1.48,1.7456,15.2011,10484395492.78,,8120918,3.31,-58600,,,
2018-10-31,1614114,9.5337,9.7652,9.4675,9.6858,0.1521,1.6,0.65,23556414,,,13.2475,1.5036,1.7734,15.4437,10651738377.12,,8146018,3.32,25100,,,
2018-11-01,1864220,9.7189,9.8115,9.6395,9.6461,-0.0397,-0.41,0.76,27417340,,,13.1933,1.4974,1.7662,15.3804,10608083711.64,,8144018,3.32,-2000,,,
2018-11-02,5195786,9.7387,10.6121,9.7387,10.5128,0.8667,8.98,2.11,79542045,,,14.3787,1.632,1.9249,16.7623,11561210574.62,,8052178,3.29,-91840,,,
2018-11-05,2520151,10.3871,10.4268,10.0629,10.2416,-0.2712,-2.58,1.02,39099319,,,14.0077,1.5899,1.8752,16.3298,11262903693.84,,7909478,3.23,-142700,,,
2018-11-06,3287342,10.1556,10.3342,10.0695,10.1092,-0.1324,-1.29,1.33,50704486,,,13.8267,1.5693,1.851,16.1188,11117388142.24,,8090920,3.3,181442,,,
2018-11-07,2956467,10.1225,10.3408,10.0762,10.1556,0.0464,0.46,1.2,45604248,,,13.89,1.5765,1.8595,16.1927,11168318585.3,,8112120,3.31,21200,,,
2018-11-08,1504974,10.2217,10.2416,9.924,9.9902,-0.1654,-1.63,0.61,23040936,,,13.6638,1.5509,1.8292,15.9289,10986424145.8,,8014120,3.27,-98000,,,
2018-11-09,1528198,9.924,10.2482,9.924,10.1489,0.1587,1.59,0.62,23437596,,,13.881,1.5755,1.8582,16.1821,11161042807.72,,8080520,3.3,66400,,,
2018-11-12,1794614,10.1092,10.4864,10.0894,10.4599,0.311,3.06,0.72,28092194,,,14.3063,1.6238,1.9152,16.6779,11503004353.98,,8073420,3.29,-7100,,,
2018-11-13,1945802,10.321,10.5724,10.2614,10.4731,0.0132,0.13,0.79,30784293,,,14.3244,1.6258,1.9176,16.699,11517555909.14,,8182020,3.34,108600,,,
2018-11-14,1979800,10.4864,10.7708,10.3607,10.3937,-0.0794,-0.76,0.8,31515076,,,14.2158,1.6135,1.9031,16.5724,11430246578.18,,8172920,3.34,-9100,,,
2018-11-15,2080507,10.4003,10.5128,10.3342,10.4731,0.0794,0.76,0.84,32766815,,,14.3244,1.6258,1.9176,16.699,11517555909.14,,8286020,3.38,113100,,,
2018-11-16,2317548,10.4864,10.6451,10.4202,10.4864,0.0133,0.13,0.94,36776192,,,14.3425,1.6279,1.92,16.7201,11532107464.3,,8382020,3.42,96000,,,
2018-11-19,1688803,10.4864,10.5327,10.3342,10.4334,-0.053,-0.51,0.68,26516506,,,14.2701,1.6197,1.9103,16.6357,11473901243.66,,8329320,3.4,-52700,,,
2018-11-20,2620920,10.3408,10.354,10.0232,10.0497,-0.3837,-3.68,1.07,40224659,,,13.7452,1.5601,1.8401,16.0239,11051906144.02,,8180920,3.34,-148400,,,
2018-11-21,5099171,9.924,9.924,9.58,9.7057,-0.344,-3.42,2.07,74946998,,,13.2747,1.5067,1.7771,15.4753,10673565709.86,,8145823,3.32,-35097,,,
2018-11-22,3758400,9.7123,10.0563,9.7123,10.0365,0.3308,3.41,1.5,56142809,,,13.7271,1.558,1.8376,16.0028,11037354588.86,,8347723,3.41,201900,,,
2018-11-23,2286010,9.9769,10.0828,9.6263,9.7057,-0.3308,-3.3,0.92,33845597,,,13.2747,1.5067,1.7771,15.4753,10673565709.86,,8266923,3.37,-80800,,,
2018-11-26,1709881,9.6594,9.752,9.5006,9.5866,-0.1191,-1.23,0.69,24809872,,,13.1118,1.4882,1.7553,15.2855,10542601713.42,,8283223,3.38,16300,,,
2018-11-27,1672000,9.6594,9.7255,9.5138,9.6064,0.0198,0.21,0.67,24349399,,,13.139,1.4913,1.7589,15.3171,10564429046.16,,8283704,3.38,481,,,
2018-11-28,1498619,9.6197,9.7784,9.4741,9.7387,0.1323,1.38,0.6,21835284,,,13.3199,1.5118,1.7831,15.5281,10709944597.76,,8338304,3.4,54600,,,
2018-11-29,1566866,9.8049,9.8049,9.5667,9.6064,-0.1323,-1.36,0.61,22880164,,,13.139,1.4913,1.7589,15.3171,10564429046.16,,8216904,3.35,-121400,,,
2018-11-30,1046066,9.527,9.6726,9.4873,9.666,0.0596,0.62,0.42,15129140,,,13.2204,1.5005,1.7698,15.412,10629911044.38,,8263804,3.37,46900,,,
2018-12-03,3836791,9.8909,10.0828,9.8115,9.9505,0.2845,2.94,1.56,57870881,,,13.6095,1.5447,1.8219,15.8657,10942769480.32,,8353504,3.41,89700,,,
2018-12-04,2101200,9.9769,10.1159,9.9108,9.9703,0.0198,0.2,0.84,31722257,,,13.6366,1.5478,1.8255,15.8973,10964596813.06,,8354104,3.41,600,,,
2018-12-05,1786871,9.8049,9.8909,9.6792,9.8512,-0.1191,-1.19,0.72,26474172,,,13.4738,1.5293,1.8037,15.7074,10833632816.62,,8427204,3.44,73100,,,
2018-12-06,1349099,9.7652,9.9108,9.666,9.7189,-0.1323,-1.34,0.54,19922725,,,13.2928,1.5087,1.7795,15.4964,10688117265.02,,8429204,3.44,2000,,,
2018-12-07,844675,9.7321,9.8248,9.666,9.7189,0,0,0.34,12400529,,,13.2928,1.5087,1.7795,15.4964,10688117265.02,,8455104,3.45,25900,,,
2018-12-10,1197700,9.6329,9.6792,9.5337,9.58,-0.1389,-1.43,0.49,17344358,,,13.1028,1.4872,1.7541,15.2749,10535325935.84,,8425404,3.44,-29700,,,
2018-12-11,874071,9.6527,9.6527,9.5403,9.6064,0.0264,0.28,0.35,12655847,,,13.139,1.4913,1.7589,15.3171,10564429046.16,,8463904,3.45,38500,,,
2018-12-12,1597291,9.666,9.8314,9.6395,9.7652,0.1588,1.65,0.64,23525534,,,13.3561,1.5159,1.788,15.5703,10739047708.08,,8501704,3.47,37800,,,
2018-12-13,3485400,9.7652,10.0232,9.7652,9.9571,0.1919,1.97,1.41,52316106,,,13.6185,1.5457,1.8231,15.8762,10950045257.9,,8555504,3.49,53800,,,
2018-12-14,2448700,9.924,10.0034,9.6858,9.6924,-0.2647,-2.66,0.98,36380303,,,13.2566,1.5046,1.7747,15.4542,10659014154.7,,8414404,3.43,-141100,,,
2018-12-17,1827300,9.7586,9.8512,9.5998,9.6594,-0.033,-0.34,0.73,26793430,,,13.2113,1.4995,1.7686,15.4015,10622635266.8,,8446404,3.45,32000,,,
2018-12-18,1431358,9.6329,9.7123,9.4675,9.58,-0.0794,-0.82,0.58,20724017,,,13.1028,1.4872,1.7541,15.2749,10535325935.84,,8451504,3.45,5100,,,
2018-12-19,916000,9.5469,9.6263,9.5072,9.5204,-0.0596,-0.62,0.37,13220337,,,13.0213,1.4779,1.7432,15.18,10469843937.62,,8443504,3.45,-8000,,,
2018-12-20,1123353,9.5403,9.6263,9.4675,9.613,0.0926,0.97,0.45,16210009,,,13.148,1.4923,1.7601,15.3277,10571704823.74,,8396404,3.43,-47100,,,
2018-12-21,1587858,9.5998,9.7123,9.5204,9.6792,0.0662,0.69,0.64,23125223,,,13.2385,1.5026,1.7722,15.4331,10644462599.54,,8477962,3.46,81558,,,
2018-12-24,2361100,9.8115,9.8975,9.4807,9.8314,0.1522,1.57,0.96,34928488,,,13.4466,1.5262,1.8001,15.6758,10811805483.88,,8477962,3.46,0,,,
2018-12-25,1360810,9.7123,9.8314,9.5403,9.7851,-0.0463,-0.47,0.55,19894968,,,13.3833,1.519,1.7916,15.6019,10760875040.82,,8477962,3.46,0,,,
2018-12-26,2229700,9.8314,10.0365,9.7123,9.9769,0.1918,1.96,0.9,33311961,,,13.6457,1.5488,1.8267,15.9078,10971872590.64,,8477962,3.46,0,,,
2018-12-27,2156937,10.0431,10.1159,9.7255,9.7387,-0.2382,-2.39,0.88,32248721,,,13.3199,1.5118,1.7831,15.5281,10709944597.76,,7834629,3.2,-643333,,,
2018-12-28,1277856,9.752,9.7983,9.5601,9.7784,0.0397,0.41,0.51,18729622,,,13.3742,1.518,1.7904,15.5914,10753599263.24,,7789729,3.18,-44900,,,
2019-01-02,916991,9.7784,9.8909,9.5998,9.6329,-0.1455,-1.49,0.37,13392832,,,14.0625,1.4671,1.7703,17.5004,10593532156.48,,7817629,3.19,27900,,,
2019-01-03,1058000,9.6395,9.7255,9.5469,9.5733,-0.0596,-0.62,0.43,15363567,,,13.9756,1.458,1.7594,17.3922,10528050158.26,,7762429,3.17,-55200,,,
2019-01-04,1365849,9.527,9.7387,9.2624,9.7387,0.1654,1.73,0.55,19939551,,,14.2171,1.4832,1.7898,17.6927,10709944597.76,,7731929,3.16,-30500,,,
2019-01-07,2295545,9.8248,9.9968,9.7454,9.9703,0.2316,2.38,0.93,34386409,,,14.5551,1.5185,1.8323,18.1134,10964596813.06,,7861829,3.21,129900,,,
2019-01-08,1615725,9.9769,10.0232,9.838,9.8909,-0.0794,-0.8,0.66,24158559,,,14.4392,1.5064,1.8177,17.9691,10877287482.1,,7927429,3.24,65600,,,
2019-01-09,5688951,10.182,10.354,10.0232,10.1225,0.2316,2.34,2.31,87752206,,,14.7772,1.5416,1.8603,18.3898,11131939697.4,,8029029,3.28,101600,,,
2019-01-10,1605800,10.1423,10.1423,9.9438,9.9769,-0.1456,-1.44,0.65,24363310,,,14.5648,1.5195,1.8335,18.1254,10971872590.64,,8108129,3.31,79100,,,
2019-01-11,1297300,9.9902,10.1225,9.8975,10.0232,0.0463,0.46,0.52,19628745,,,14.6324,1.5265,1.842,18.2095,11022803033.7,,8160029,3.33,51900,,,
2019-01-14,931025,10.0232,10.0232,9.8975,9.924,-0.0992,-0.99,0.37,13977415,,,14.4875,1.5114,1.8238,18.0292,10913666370,,8057329,3.29,-102700,,,
2019-01-15,1736700,9.9372,10.0431,9.8777,9.9902,0.0662,0.67,0.69,26136617,,,14.5841,1.5215,1.836,18.1494,10986424145.8,,8045554,3.28,-11775,,,
2019-01-16,2485843,9.9902,10.1423,9.9306,10.0762,0.086,0.86,1.01,37738050,,,14.7096,1.5346,1.8518,18.3057,11081009254.34,,8166719,3.33,121165,,,
2019-01-17,2713528,10.0695,10.0828,9.8115,9.8181,-0.2581,-2.56,1.1,40521508,,,14.333,1.4953,1.8043,17.8369,10797253928.72,,8046719,3.28,-120000,,,
2019-01-18,2051674,9.8049,9.8777,9.6329,9.8181,0,0,0.83,30263621,,,14.333,1.4953,1.8043,17.8369,10797253928.72,,8044954,3.28,-1765,,,
2019-01-21,1099958,9.8512,9.8777,9.7983,9.838,0.0199,0.2,0.44,16357088,,,14.3619,1.4983,1.808,17.873,10819081261.46,,8084854,3.3,39900,,,
2019-01-22,1499700,9.838,9.838,9.6064,9.6792,-0.1588,-1.61,0.61,22025169,,,14.1301,1.4741,1.7788,17.5845,10644462599.54,,7993754,3.26,-91100,,,
2019-01-23,1552774,9.6461,9.7652,9.5932,9.6263,-0.0529,-0.55,0.58,22707777,,,14.0529,1.4661,1.7691,17.4884,10586256378.9,,8029454,3.28,35700,,,
2019-01-24,1689802,9.7057,9.7255,9.5469,9.666,0.0397,0.41,0.69,24642297,,,14.1108,1.4721,1.7764,17.5605,10629911044.38,,8136512,3.32,107058,,,
2019-01-25,1171402,9.7123,9.8049,9.6329,9.6594,-0.0066,-0.07,0.47,17201219,,,14.1012,1.4711,1.7752,17.5485,10622635266.8,,8108612,3.31,-27900,,,
2019-01-28,1960729,9.6991,9.8181,9.441,9.5601,-0.0993,-1.03,0.79,28424871,,,13.9563,1.456,1.7569,17.3682,10513498603.1,,8079912,3.3,-28700,,,
2019-01-29,1736526,9.527,9.5337,9.3153,9.4344,-0.1257,-1.31,0.71,24673124,,,13.7728,1.4369,1.7338,17.1398,10375258829.08,,8020012,3.27,-59900,,,
2019-01-30,921113,9.3947,9.5072,9.3418,9.3484,-0.086,-0.91,0.37,13081410,,,13.6472,1.4238,1.718,16.9835,10280673720.54,,8040412,3.28,20400,,,
2019-01-31,1158398,9.3881,9.4873,9.3219,9.3683,0.0199,0.21,0.47,16458760,,,13.6762,1.4268,1.7217,17.0196,10302501053.28,,8014412,3.27,-26000,,,
2019-02-01,1851103,9.3683,9.6924,9.3683,9.6726,0.3043,3.25,0.75,26866015,,,14.1205,1.4731,1.7776,17.5725,10637186821.96,,8113412,3.31,99000,,,
2019-02-11,1873800,9.666,9.7851,9.6395,9.7784,0.1058,1.09,0.75,27531937,,,14.275,1.4892,1.7971,17.7648,10753599263.24,,8175912,3.34,62500,,,
2019-02-12,3541187,9.7321,9.9108,9.6924,9.8909,0.1125,1.15,1.43,52707557,,,14.4392,1.5064,1.8177,17.9691,10877287482.1,,8130612,3.32,-45300,,,
2019-02-13,4679870,9.9041,10.1556,9.8909,10.096,0.2051,2.07,1.9,70809010,,,14.7386,1.5376,1.8554,18.3417,11102836587.08,,8213312,3.35,82700,,,
2019-02-14,2879370,10.0563,10.1953,10.0232,10.0894,-0.0066,-0.07,1.17,44024050,,,14.729,1.5366,1.8542,18.3297,11095560809.5,,8378277,3.42,164965,,,
2019-02-15,2798741,10.1225,10.2151,9.9769,9.9902,-0.0992,-0.98,1.13,42657982,,,14.5841,1.5215,1.836,18.1494,10986424145.8,,8531277,3.48,153000,,,
2019-02-18,3646930,9.9835,10.44,9.9835,10.3143,0.3241,3.24,1.48,56441776,,,15.0573,1.5709,1.8955,18.7384,11342937247.22,,8554177,3.49,22900,,,
2019-02-19,3813267,10.321,10.4202,10.1556,10.2151,-0.0992,-0.96,1.55,59064223,,,14.9125,1.5557,1.8773,18.5581,11233800583.52,,8491777,3.47,-62400,,,
2019-02-20,3697649,10.2349,10.2945,9.9438,10.0563,-0.1588,-1.55,1.5,56188197,,,14.6807,1.5316,1.8481,18.2696,11059181921.6,,8602279,3.51,110502,,,
2019-02-21,4400284,10.0695,10.321,9.9968,10.0629,0.0066,0.07,1.79,67579177,,,14.6903,1.5326,1.8493,18.2816,11066457699.18,,8661674,3.54,59395,,,
2019-02-22,4023447,10.0894,10.1357,9.9306,10.1357,0.0728,0.72,1.62,60919215,,,14.7966,1.5437,1.8627,18.4139,11146491252.56,,7759774,3.17,-901900,,,
2019-02-25,7195246,10.2151,10.665,10.1622,10.6121,0.4764,4.7,2.92,113509619,,,15.492,1.6162,1.9503,19.2793,11670347238.32,,7685209,3.14,-74565,,,
2019-02-26,7711553,10.6584,10.9826,10.4599,10.7576,0.1455,1.37,3.12,125511148,,,15.7044,1.6384,1.977,19.5437,11830414345.08,,7497649,3.06,-187560,,,
2019-02-27,5484155,10.7775,10.8701,10.4864,10.5591,-0.1985,-1.85,2.23,88500456,,,15.4147,1.6081,1.9405,19.1831,11612141017.68,,7788349,3.18,290700,,,
2019-02-28,18033292,10.8833,11.6177,10.8833,11.6177,1.0586,10.03,7.33,313061872,,,16.96,1.7694,2.1351,21.1062,12776265430.48,,7700442,3.14,-87907,,,
2019-03-01,16336348,11.6243,12.4315,11.3663,12.3587,0.741,6.38,6.62,294514023,,,18.0418,1.8822,2.2712,22.4524,13591152519.44,,7274662,2.97,-425780,,,
2019-03-04,17084982,12.5307,13.49,12.5307,13.1725,0.8138,6.58,6.92,337271833,,,19.2297,2.0061,2.4208,23.9308,14486073161.78,,8242634,3.36,967972,,,
2019-03-05,17745926,13.1725,14.3898,13.1063,14.1781,1.0056,7.63,7.2,373060676,,,20.6978,2.1593,2.6056,25.7578,15591991353.94,,8056109,3.29,-186525,,,
2019-03-06,18696351,14.1781,14.7537,13.7414,13.9995,-0.1786,-1.26,7.57,400130955,,,20.437,2.1321,2.5728,25.4332,15395545359.28,,8466709,3.46,410600,,,
2019-03-07,15228900,14.0259,14.6081,13.6819,13.9134,-0.0861,-0.62,6.2,323250625,,,20.3115,2.119,2.557,25.277,15300960250.74,,6776455,2.76,-1690254,,,
2019-03-08,11964568,13.4636,14.1252,13.232,13.6356,-0.2778,-2,4.83,247461030,,,19.9058,2.0767,2.5059,24.7722,14995377592.38,,6589616,2.69,-186839,,,
2019-03-11,13575248,13.5496,14.542,13.3577,14.2839,0.6483,4.75,5.51,287149120,,,20.8523,2.1754,2.6251,25.9501,15708403795.22,,6122405,2.5,-467211,,,
2019-03-12,14633044,14.2575,15.6138,14.0921,15.4285,1.1446,8.01,5.95,330724705,,,22.5232,2.3497,2.8354,28.0295,16967113316.56,,6128699,2.5,6294,,,
2019-03-13,8181963,15.402,15.5608,14.6081,14.9389,-0.4896,-3.17,3.33,185773384,,,21.8085,2.2752,2.7454,27.14,16428705775.64,,5863873,2.39,-264826,,,
2019-03-14,7689953,14.5883,14.5883,13.6356,13.9598,-0.9791,-6.55,3.13,164235855,,,20.3791,2.1261,2.5655,25.3611,15351890693.8,,6121591,2.5,257718,,,
2019-03-15,5818846,14.2045,14.3435,13.7613,14.1648,0.205,1.47,2.37,123697094,,,20.6785,2.1573,2.6032,25.7337,15577439798.78,,5710591,2.33,-411000,,,
2019-03-18,12019103,14.1318,14.1318,12.8681,13.5165,-0.6483,-4.58,4.87,242203324,,,19.732,2.0585,2.484,24.5558,14864413595.94,,5935073,2.42,224482,,,
2019-03-19,8856035,13.4966,13.9598,13.3643,13.7613,0.2448,1.81,1.19,183918556,,,20.0893,2.0958,2.529,25.0005,15133617366.4,,6482473,2.64,547400,,,
2019-03-20,7165633,13.9598,13.9598,13.0335,13.6223,-0.139,-1.01,0.95,145650905,,,19.8865,2.0747,2.5035,24.7481,14980826037.22,,6628586,0.91,146113,,,
2019-03-21,7857599,13.5628,13.6753,13.2982,13.4437,-0.1786,-1.31,1.08,159591085,,,19.6257,2.0475,2.4706,24.4236,14784380042.56,,6856485,0.94,227899,,,
2019-03-22,7990002,13.404,13.4702,12.8152,13.404,-0.0397,-0.3,1.08,158605254,,,19.5678,2.0414,2.4633,24.3515,14740725377.08,,7331847,1.01,475362,,,
2019-03-25,13351392,13.0401,13.3312,12.6167,13.0401,-0.3639,-2.71,1.83,261420616,,,19.0366,1.986,2.3965,23.6904,14340557610.18,,6841595,0.94,-490252,,,
2019-03-26,5925251,12.9144,13.1791,12.6564,12.835,-0.2051,-1.57,0.81,115469569,,,18.7372,1.9548,2.3588,23.3178,14115008505.2,,6716761,0.92,-124834,,,
2019-03-27,7130617,12.8549,13.0335,12.491,12.9012,0.0662,0.52,0.97,137937478,,,18.8337,1.9648,2.3709,23.438,14187766281,,6689461,0.92,-27300,,,
2019-03-28,7386442,12.8284,13.4702,12.802,12.9674,0.0662,0.51,1.02,146914788,,,18.9303,1.9749,2.3831,23.5582,14260524056.8,,5617643,0.77,-1071818,,,
2019-03-29,8986391,12.9144,13.3511,12.7027,13.3445,0.3771,2.91,1.21,177610329,,,19.4809,2.0323,2.4524,24.2433,14675243378.86,,5928617,0.81,310974,,,
2019-04-01,8927038,13.4305,14.0193,13.3643,13.8671,0.5226,3.92,1.22,185597237,,,22.8491,2.0796,2.6604,25.6256,15250029807.68,,5878122,0.81,-50495,,,
2019-04-02,6542585,13.9267,14.1847,13.6951,13.7944,-0.0727,-0.52,0.89,138142380,,,22.7292,2.0687,2.6464,25.4911,15169996254.3,,6002522,0.83,124400,,,
2019-04-03,5351928,13.8407,14.2244,13.6819,14.0259,0.2315,1.68,0.73,112815147,,,23.1107,2.1034,2.6908,25.919,15424648469.6,,6110218,0.84,107696,,,
2019-04-04,6313904,14.1648,14.6544,13.8936,14.0656,0.0397,0.28,0.87,135671269,,,23.1761,2.1093,2.6984,25.9924,15468303135.08,,6047018,0.83,-63200,,,
2019-04-08,6489900,14.0722,14.145,13.4172,13.5099,-0.5557,-3.95,0.89,134773160,,,22.2604,2.026,2.5918,24.9654,14857137818.36,,6207318,0.85,160300,,,
2019-04-09,3475757,13.5694,13.8605,13.5099,13.6951,0.1852,1.37,0.47,71799362,,,22.5657,2.0538,2.6274,25.3077,15060859590.6,,6133618,0.84,-73700,,,
2019-04-10,6179091,13.6885,13.9995,13.3312,13.7944,0.0993,0.73,0.85,127801937,,,22.7292,2.0687,2.6464,25.4911,15169996254.3,,6110818,0.84,-22800,,,
2019-04-11,9031352,13.9068,14.5883,13.8076,13.9333,0.1389,1.01,1.25,193410283,,,22.9581,2.0895,2.6731,25.7478,15322787583.48,,5834031,0.8,-276787,,,
2019-04-12,5030530,13.9465,14.2045,13.2651,13.2915,-0.6418,-4.61,0.69,103011313,,,21.9007,1.9933,2.5499,24.5619,14617037158.22,,5325507,0.73,-508524,,,
2019-04-15,6309250,13.4966,13.9598,13.4834,13.5033,0.2118,1.59,0.87,130624498,,,22.2495,2.025,2.5906,24.9532,14849862040.78,,5985350,0.82,659843,,,
2019-04-16,9995504,13.6819,13.6819,12.5505,12.8549,-0.6484,-4.8,1.37,193571368,,,21.1812,1.9278,2.4662,23.755,14136835837.94,,5629053,0.77,-356297,,,
2019-04-17,11314411,12.9343,13.8341,12.888,13.5231,0.6682,5.2,1.56,228652134,,,22.2822,2.028,2.5944,24.9898,14871689373.52,,6845053,0.94,1216000,,,
2019-04-18,7031169,13.5562,14.059,13.0798,13.1592,-0.3639,-2.69,0.97,143727659,,,21.6827,1.9734,2.5246,24.3174,14471521606.62,,6845053,0.94,0,,,
2019-04-19,4527294,13.0732,13.3842,13.0335,13.1261,-0.0331,-0.25,0.62,89882765,,,21.6282,1.9685,2.5182,24.2563,14435142718.72,,6845053,0.94,0,,,
2019-04-22,8021814,13.0997,13.0997,12.491,12.6564,-0.4697,-3.58,1.11,152972464,,,20.8542,1.898,2.4281,23.3882,13918562510.54,,6845053,0.94,0,,,
2019-04-23,5438818,12.5505,12.6432,12.233,12.2859,-0.3705,-2.93,0.75,101974568,,,20.2437,1.8425,2.357,22.7036,13511118966.06,,6084007,0.84,-761046,,,
2019-04-24,3726400,12.3521,12.4645,12.1999,12.4381,0.1522,1.24,0.51,69505689,,,20.4944,1.8653,2.3862,22.9848,13678461850.4,,5685207,0.78,-398800,,,
2019-04-25,4655267,12.4116,12.4116,11.8096,11.9022,-0.5359,-4.31,0.64,85346582,,,19.6114,1.7849,2.2834,21.9945,13089123866.42,,5644007,0.78,-41200,,,
2019-04-26,5700886,11.6839,12.1271,11.5118,11.8625,-0.0397,-0.33,0.79,101779021,,,19.546,1.779,2.2758,21.9211,13045469200.94,,6113307,0.84,469300,,,
2019-04-29,6156023,11.8559,11.9088,11.1413,11.181,-0.6815,-5.74,0.85,106316470,,,18.4232,1.6768,2.1451,20.6619,12296064110.2,,6489941,0.89,376634,,,
2019-04-30,6613144,11.1413,12.094,11.0818,11.9948,0.8138,7.28,0.91,118022023,,,19.764,1.7988,2.3012,22.1656,13190984752.54,,6944144,0.96,454203,,,
2019-05-06,5752005,11.6442,11.6772,10.837,10.9164,-1.0784,-8.99,0.79,97489466,,,17.9871,1.6371,2.0943,20.1728,12005033007,,6578583,0.9,-365561,,,
2019-05-07,3549433,11.1016,11.181,10.6848,10.8833,-0.0331,-0.3,0.49,58618358,,,17.9326,1.6321,2.0879,20.1117,11968654119.1,,6189183,0.85,-389400,,,
2019-05-08,3305498,10.7113,10.9164,10.4599,10.6385,-0.2448,-2.25,0.45,53360568,,,17.5293,1.5954,2.041,19.6593,11699450348.64,,6203421,0.85,14238,,,
2019-05-09,2870686,10.5856,10.7708,10.4334,10.5194,-0.1191,-1.12,0.39,45950861,,,17.333,1.5775,2.0181,19.4393,11568486352.2,,6177821,0.85,-25600,,,
2019-05-10,3914563,10.6054,10.8833,10.3607,10.8833,0.3639,3.46,0.54,63519289,,,17.9326,1.6321,2.0879,20.1117,11968654119.1,,6177821,0.85,0,,,
2019-05-13,4264282,10.8701,11.0355,10.665,11.0156,0.1323,1.22,0.58,70260214,,,18.1506,1.652,2.1133,20.3562,12114169670.7,,6177821,0.85,0,,,
2019-05-14,3165038,10.9429,10.9429,10.6584,10.8172,-0.1984,-1.8,0.43,51462704,,,17.8236,1.6222,2.0752,19.9894,11895896343.3,,5970951,0.82,-206870,,,
2019-05-15,3350382,10.8304,10.9362,10.7245,10.8767,0.0595,0.55,0.45,54811768,,,17.9217,1.6311,2.0867,20.0995,11961378341.52,,5927051,0.81,-43900,,,
2019-05-16,2244649,10.9164,10.9495,10.8105,10.8502,-0.0265,-0.24,0.3,36864227,,,17.8781,1.6272,2.0816,20.0506,11932275231.2,,5842551,0.8,-84500,,,
2019-05-17,3052953,10.837,10.9098,10.3871,10.4268,-0.4234,-3.9,0.42,48998349,,,17.1804,1.5637,2.0004,19.2681,11466625466.08,,5457674,0.75,-384877,,,
2019-05-20,2826891,10.4003,10.5724,10.0894,10.354,-0.0728,-0.7,0.39,43655102,,,17.0605,1.5527,1.9864,19.1336,11386591912.7,,5614674,0.77,157000,,,
2019-05-21,2264044,10.2813,10.6054,10.2813,10.4797,0.1257,1.21,0.31,35797767,,,17.2676,1.5716,2.0105,19.3659,11524831686.72,,5714314,0.79,99640,,,
2019-05-22,1537100,10.44,10.5459,10.354,10.407,-0.0727,-0.69,0.21,24281026,,,17.1477,1.5607,1.9965,19.2314,11444798133.34,,5563940,0.76,-150374,,,
2019-05-23,1976800,10.3011,10.5261,10.1953,10.4003,-0.0067,-0.06,0.27,31058705,,,17.1368,1.5597,1.9953,19.2192,11437522355.76,,5392740,0.74,-171200,,,
2019-05-24,4870800,10.4268,10.5062,10.0232,10.0299,-0.3704,-3.56,0.66,74664256,,,16.5264,1.5041,1.9242,18.5345,11030078811.28,,5808040,0.8,415300,,,
2019-05-27,4556788,10.0629,10.2217,9.8578,10.2217,0.1918,1.91,0.62,69380233,,,16.8425,1.5329,1.961,18.8891,11241076361.1,,6200834,0.85,392794,,,
2019-05-28,6504386,10.1225,10.579,10.096,10.2945,0.0728,0.71,0.9,101512822,,,16.9624,1.5438,1.975,19.0236,11321109914.48,,5991834,0.82,-209000,,,
2019-05-29,4499702,10.2482,10.2813,10.0629,10.1291,-0.1654,-1.61,0.62,69148723,,,16.6899,1.519,1.9432,18.7179,11139215474.98,,5889734,0.81,-102100,,,
2019-05-30,2997388,10.1092,10.1556,9.9372,10.0762,-0.0529,-0.52,0.41,45405595,,,16.6027,1.5111,1.9331,18.6201,11081009254.34,,5862437,0.81,-27297,,,
2019-05-31,3175252,10.0629,10.1092,9.8711,9.9372,-0.139,-1.38,0.44,47911816,,,16.3737,1.4902,1.9064,18.3634,10928217925.16,,5896151,0.81,33714,,,
2019-06-03,2559238,10.0299,10.0299,9.6594,9.7321,-0.2051,-2.06,0.35,37893931,,,16.0358,1.4595,1.8671,17.9844,10702668820.18,,5922348,0.81,26197,,,
2019-06-04,4375708,9.9174,10.0497,9.7387,9.8645,0.1324,1.36,0.6,65421916,,,16.2538,1.4793,1.8925,18.2289,10848184371.78,,5865348,0.81,-57000,,,
2019-06-05,6431341,9.9902,10.2283,9.752,9.7851,-0.0794,-0.8,0.88,96863582,,,16.123,1.4674,1.8772,18.0822,10760875040.82,,6026439,0.83,161091,,,
2019-06-06,4475767,9.7851,9.7851,9.4013,9.4609,-0.3242,-3.31,0.62,64440789,,,15.5888,1.4188,1.815,17.4831,10404361939.4,,5753139,0.79,-273300,,,
2019-06-10,2495651,9.5337,9.6329,9.4807,9.5733,0.1124,1.19,0.34,36084361,,,15.7742,1.4357,1.8366,17.6909,10528050158.26,,5962511,0.82,209372,,,
2019-06-11,4503946,9.5932,9.9902,9.527,9.9637,0.3904,4.08,0.62,66774312,,,16.4173,1.4942,1.9115,18.4123,10957321035.48,,6357911,0.87,395400,,,
2019-06-12,3048083,10.0034,10.0034,9.7917,9.8049,-0.1588,-1.59,0.42,45467217,,,16.1557,1.4704,1.881,18.1189,10782702373.56,,6092911,0.84,-265000,,,
2019-06-13,2863772,9.8049,9.9835,9.7454,9.9372,0.1323,1.35,0.39,42860418,,,16.3737,1.4902,1.9064,18.3634,10928217925.16,,6233739,0.86,140828,,,
2019-06-14,4053208,9.9306,9.9637,9.6197,9.6461,-0.2911,-2.93,0.56,59880085,,,15.8941,1.4466,1.8506,17.8254,10608083711.64,,6126608,0.84,-107131,,,
2019-06-17,3488321,9.7123,9.8843,9.6064,9.8049,0.1588,1.65,0.48,51464340,,,16.1557,1.4704,1.881,18.1189,10782702373.56,,6250108,0.86,123500,,,
2019-06-18,4884153,9.8446,9.9108,9.58,9.7387,-0.0662,-0.68,0.67,71758430,,,16.0467,1.4605,1.8684,17.9966,10709944597.76,,6384517,0.88,134409,,,
2019-06-19,5673474,9.9174,10.0828,9.8645,9.9372,0.1985,2.04,0.78,85566170,,,16.3737,1.4902,1.9064,18.3634,10928217925.16,,7081217,0.97,696700,,,
2019-06-20,5212177,9.9902,10.1556,9.8909,10.1092,0.172,1.73,0.71,79043451,,,16.6572,1.516,1.9394,18.6812,11117388142.24,,6760361,0.93,-320856,,,
2019-06-21,6027625,10.1423,10.3739,10.1291,10.2217,0.1125,1.11,0.83,93204321,,,16.8425,1.5329,1.961,18.8891,11241076361.1,,7249861,1,489500,,,
2019-06-24,3308542,10.3077,10.3077,10.1026,10.1688,-0.0529,-0.52,0.46,50859372,,,16.7553,1.525,1.9509,18.7913,11182870140.46,,7101492,0.98,-148369,,,
2019-06-25,3030069,10.1556,10.2019,9.9505,10.0365,-0.1323,-1.3,0.42,45912010,,,16.5373,1.5051,1.9255,18.5468,11037354588.86,,7131992,0.98,30500,,,
2019-06-26,3703660,10.0629,10.2746,9.9571,10.1953,0.1588,1.58,0.51,56976254,,,16.7989,1.5289,1.9559,18.8402,11211973250.78,,7351092,1.01,219100,,,
2019-06-27,3872562,10.2548,10.3673,10.1886,10.2945,0.0992,0.97,0.53,60248427,,,16.9624,1.5438,1.975,19.0236,11321109914.48,,7650992,1.05,299900,,,
2019-06-28,2591004,10.321,10.354,10.0695,10.1357,-0.1588,-1.54,0.36,39783912,,,16.7008,1.52,1.9445,18.7302,11146491252.56,,7650992,1.05,0,,,
2019-07-01,3764930,10.2879,10.4202,10.2416,10.4136,0.2779,2.74,0.51,58972823,,,21.722,1.6059,2.1416,13.1116,11452073910.92,,7650992,1.05,0,,,
2019-07-02,7708937,10.4268,10.9826,10.3342,10.8833,0.4697,4.51,1.07,124950210,,,22.7018,1.6783,2.2382,13.703,11968654119.1,,7551292,1.04,-99700,,,
2019-07-03,4740700,10.9164,10.9362,10.579,10.6518,-0.2315,-2.13,0.66,76697607,,,22.2188,1.6426,2.1906,13.4115,11714001903.8,,7646992,1.05,95700,,,
2019-07-04,5872604,10.8436,11.181,10.751,10.837,0.1852,1.74,0.81,96787801,,,22.6052,1.6712,2.2287,13.6447,11917723676.04,,7127491,0.98,-519501,,,
2019-07-05,4513373,10.837,11.0421,10.8105,11.0223,0.1853,1.71,0.62,74624437,,,22.9917,1.6997,2.2668,13.878,12121445448.28,,7227591,0.99,100100,,,
2019-07-08,4003868,10.9362,11.0289,10.579,10.6253,-0.397,-3.6,0.55,64831427,,,22.1636,1.6385,2.1852,13.3782,11684898793.48,,6908749,0.95,-318842,,,
2019-07-09,3378678,10.4864,10.7576,10.4864,10.5922,-0.0331,-0.31,0.47,54214577,,,22.0946,1.6334,2.1784,13.3365,11648519905.58,,7050973,0.97,142224,,,
2019-07-10,2835055,10.5949,10.7919,10.4472,10.526,-0.0662,-0.62,0.39,30607909,,,21.3915,1.6508,2.109,12.9121,11277819036.81,,10396899,1.43,3345926,,,
2019-07-11,4973803,10.4866,10.6639,10.2109,10.2601,-0.2659,-2.53,0.47,52496019,,,20.8512,1.6091,2.0558,12.586,10992972344.58,,10097820,1.39,-299079,,,
2019-07-12,5525779,10.1518,10.3291,9.9352,9.9943,-0.2658,-2.59,0.52,56582206,,,20.3109,1.5674,2.0025,12.2598,10708125652.35,,10687414,1.01,589594,,,
2019-07-15,5658487,10.014,10.1321,9.6989,10.0928,0.0985,0.99,0.54,57017804,,,20.511,1.5829,2.0222,12.3806,10813624427.25,,10538091,1,-149323,,,
2019-07-16,10859559,9.8466,10.4965,9.758,10.3291,0.2363,2.34,1.04,112795811,,,20.9913,1.6199,2.0696,12.6705,11066821487.01,,10922635,1.04,384544,,,
2019-07-17,4214955,10.3291,10.398,10.1617,10.2306,-0.0985,-0.95,0.4,43982974,,,20.7912,1.6045,2.0499,12.5497,10961322712.11,,12642344,1.2,1719709,,,
2019-07-18,4043358,10.2109,10.2109,9.8564,9.8564,-0.3742,-3.66,0.38,40767220,,,20.0308,1.5458,1.9749,12.0907,10560427367.49,,12317257,1.17,-325087,,,
2019-07-19,2654089,9.8367,10.014,9.8367,9.886,0.0296,0.3,0.25,26689847,,,20.0908,1.5504,1.9808,12.127,10592076999.96,,12025584,1.14,-291673,,,
2019-07-22,3649815,9.8466,9.9155,9.5709,9.7087,-0.1773,-1.79,0.35,35983078,,,19.7306,1.5226,1.9453,11.9096,10402179205.14,,11483050,1.09,-542534,,,
2019-07-23,2737055,9.8269,9.886,9.689,9.886,0.1773,1.83,0.26,27255122,,,20.0908,1.5504,1.9808,12.127,10592076999.96,,11462800,1.09,-20250,,,
2019-07-24,3886566,9.886,10.0238,9.8072,9.9943,0.1083,1.1,0.37,39311194,,,20.3109,1.5674,2.0025,12.2598,10708125652.35,,11468590,1.09,5790,,,
2019-07-25,2309787,9.9155,10.0337,9.8663,9.8958,-0.0985,-0.99,0.22,23321301,,,20.1108,1.552,1.9828,12.139,10602626877.45,,11380990,1.08,-87600,,,
2019-07-26,2950756,9.8958,10.0435,9.7974,10.014,0.1182,1.19,0.28,29790823,,,20.3509,1.5705,2.0065,12.284,10729225407.33,,11320765,1.07,-60225,,,
2019-07-29,1855380,10.0238,10.1321,9.9647,10.1321,0.1181,1.18,0.18,18928250,,,20.5911,1.589,2.0301,12.4289,10855823937.21,,11256835,1.07,-63930,,,
2019-07-30,3216185,10.1321,10.2897,10.0337,10.2109,0.0788,0.78,0.31,33191081,,,20.7511,1.6014,2.0459,12.5256,10940222957.13,,10896541,1.03,-360294,,,
2019-07-31,2332197,10.142,10.2109,9.9746,10.0238,-0.1871,-1.83,0.22,23834287,,,20.3709,1.5721,2.0084,12.2961,10739775284.82,,10781680,1.02,-114861,,,
2019-08-01,3828600,10.014,10.0829,9.8466,9.9057,-0.1181,-1.18,0.37,38594839,,,20.1308,1.5535,1.9848,12.1511,10613176754.94,,10990405,1.04,208725,,,
2019-08-02,3935526,9.6201,9.817,9.561,9.6497,-0.256,-2.58,0.38,38743351,,,19.6105,1.5134,1.9335,11.8371,10338879940.2,,11255802,1.07,265397,,,
2019-08-05,3940317,9.6497,9.6792,9.4626,9.5118,-0.1379,-1.43,0.38,38292578,,,19.3304,1.4918,1.9058,11.668,10191181655.34,,11199179,1.06,-56623,,,
2019-08-06,5500781,9.3838,9.4035,8.9309,9.1376,-0.3742,-3.93,0.52,51359691,,,18.57,1.4331,1.8309,11.209,9790286310.72,,10626894,1.01,-572285,,,
2019-08-07,4353474,9.2558,9.4232,9.1081,9.2263,0.0887,0.97,0.42,40901420,,,18.7501,1.447,1.8486,11.3177,9885235208.13,,10711750,1.02,84856,,,
2019-08-08,4543010,9.3247,9.3543,9.0392,9.1869,-0.0394,-0.43,0.43,42306917,,,18.67,1.4408,1.8407,11.2694,9843035698.17,,10906470,1.04,194720,,,
2019-08-09,3806946,9.2361,9.3838,9.177,9.305,0.1181,1.29,0.36,36014070,,,18.9102,1.4593,1.8644,11.4143,9969634228.05,,11582086,1.1,675616,,,
2019-08-12,2697546,9.305,9.4724,9.1475,9.4626,0.1576,1.69,0.26,25592703,,,19.2303,1.484,1.896,11.6076,10138432267.89,,11487676,1.09,-94410,,,
2019-08-13,5385932,9.3543,9.5807,9.1475,9.5413,0.0787,0.83,0.51,51468995,,,19.3904,1.4964,1.9118,11.7042,10222831287.81,,11962907,1.14,475231,,,
2019-08-14,3520030,9.5217,9.6595,9.3936,9.4035,-0.1378,-1.44,0.34,34044284,,,19.1103,1.4748,1.8841,11.5351,10075133002.95,,11719427,1.11,-243480,,,
2019-08-15,6094694,9.1278,9.7186,9.0884,9.6694,0.2659,2.83,0.58,58245060,,,19.6506,1.5165,1.9374,11.8612,10359979695.18,,12060842,1.15,341415,,,
2019-08-16,4180455,9.6103,9.9155,9.5906,9.8466,0.1772,1.83,0.4,41606748,,,20.0107,1.5443,1.9729,12.0787,10549877490,,11669917,1.11,-390925,,,
2019-08-19,6509749,9.9844,10.4177,9.886,10.2405,0.3939,4,0.62,67450390,,,20.8112,1.606,2.0518,12.5618,10971872589.6,1981646,10876442,1.03,-793475,,,
2019-08-20,3037925,10.2798,10.4866,10.142,10.142,-0.0985,-0.96,0.29,31605939,,,20.6111,1.5906,2.0321,12.441,10866373814.7,2146879,10833569,1.03,-42873,,,
2019-08-21,5810015,10.3291,10.5358,10.1124,10.3685,0.2265,2.23,0.55,61219121,,,21.0713,1.6261,2.0775,12.7188,11109020996.97,4085392,10557829,1,-275740,,,
2019-08-22,8121747,10.2503,10.8805,10.2503,10.7328,0.3643,3.51,0.77,88179191,,,21.8117,1.6832,2.1505,13.1657,11499366464.1,4532927,10924265,1.04,366436,,,
2019-08-23,9345336,10.7525,11.0676,10.5358,10.9888,0.256,2.39,0.89,103752690,,,22.332,1.7234,2.2018,13.4798,11773663278.84,5665968,10761180,1.02,-163085,,,
2019-08-26,6979921,10.782,11.0577,10.654,10.91,-0.0788,-0.72,0.67,77309818,,,22.1719,1.711,2.186,13.3831,11689264258.92,3806312,11061903,1.05,300723,,,
2019-08-27,8824279,10.9888,11.619,10.9396,11.0577,0.1477,1.35,0.84,100886243,,,22.4721,1.7342,2.2156,13.5643,11847512421.27,7991749,10914238,1.04,-147665,,,
2019-08-28,9117401,11.2251,11.3925,10.8805,10.9888,-0.0689,-0.62,0.87,102403975,,,22.332,1.7234,2.2018,13.4798,11773663278.84,9806185,10506267,1,-407971,,,
2019-08-29,6647304,10.9494,11.235,10.8903,11.0085,0.0197,0.18,0.63,74627297,,,22.372,1.7265,2.2057,13.5039,11794763033.82,9264434,10626225,1.01,119958,,,
2019-08-30,4817364,11.0183,11.294,10.8706,10.9199,-0.0886,-0.8,0.46,54066545,,,22.1919,1.7126,2.188,13.3952,11699814136.41,9433921,10555790,1,-70435,,,
2019-09-02,4439160,10.9002,11.1266,10.8411,10.9986,0.0787,0.72,0.42,49623216,,,22.352,1.7249,2.2037,13.4919,11784213156.33,10415604,10629504,1.01,73714,,,
2019-09-03,3756032,11.0085,11.107,10.9199,11.0676,0.069,0.63,0.36,41955457,,,22.4921,1.7357,2.2176,13.5764,11858062298.76,9972820,10461425,0.99,-168079,,,
2019-09-04,11261890,11.0282,11.4713,10.9396,11.3039,0.2363,2.14,1.07,128027056,,,22.9723,1.7728,2.2649,13.8663,12111259358.52,13490691,10017292,0.95,-444133,,,
2019-09-05,11029378,11.2251,11.6977,11.2251,11.4713,0.1674,1.48,1.05,128788990,,,23.3125,1.7991,2.2984,14.0716,12290607275.85,17915784,11100477,1.05,1083185,,,
2019-09-06,15085566,11.6485,12.5839,11.6091,12.2098,0.7385,6.44,1.44,185587805,,,24.8133,1.9149,2.4464,14.9775,13081848087.6,27842247,10491452,1,-609025,,,
2019-09-09,10674959,12.2885,12.3476,11.9636,12.2098,0,0,1.02,131424423,,,24.8133,1.9149,2.4464,14.9775,13081848087.6,29075079,10759190,1.02,267738,,,
2019-09-10,9725378,12.131,12.1605,11.6682,11.747,-0.4628,-3.79,0.93,116774934,,,23.8728,1.8423,2.3537,14.4098,12586003845.57,34690582,10509387,1,-249803,,,
2019-09-11,4886271,11.8159,11.9045,11.6485,11.7174,-0.0296,-0.25,0.47,58418018,,,23.8128,1.8377,2.3478,14.3736,12554354213.1,34894628,10430857,0.99,-78530,,,
2019-09-12,4177159,11.6682,11.8159,11.6387,11.7667,0.0493,0.42,0.4,49677826,,,23.9128,1.8454,2.3576,14.434,12607103600.55,34708162,10542882,1,112025,,,
2019-09-16,6820169,11.7864,12.1704,11.6584,11.747,-0.0197,-0.17,0.65,82178815,,,23.8728,1.8423,2.3537,14.4098,12586003845.57,34600375,10445872,0.99,-97010,,,
2019-09-17,7241639,11.7962,11.8159,11.1857,11.3433,-0.4037,-3.44,0.69,83848244,,,23.0524,1.779,2.2728,13.9146,12153458868.48,36446679,10691398,1.01,245526,,,
2019-09-18,5211985,11.363,11.4614,11.0774,11.0971,-0.2462,-2.17,0.5,59149341,,,22.5521,1.7404,2.2235,13.6126,11889711931.23,38579799,10859935,1.03,168537,,,
2019-09-19,3499427,11.1956,11.294,10.9888,11.1857,0.0886,0.8,0.33,39489647,,,22.7322,1.7543,2.2412,13.7214,11984660828.64,35700670,10729702,1.02,-130233,,,
2019-09-20,4852668,11.2054,11.4614,11.1562,11.2251,0.0394,0.35,0.46,55735954,,,22.8123,1.7605,2.2491,13.7697,12026860338.6,35960304,10754487,1.02,24785,,,
2019-09-23,5685403,11.3137,11.5304,11.2645,11.3925,0.1674,1.49,0.54,65634781,,,23.1524,1.7867,2.2827,13.975,12206208255.93,40200807,10578704,1,-175783,,,
2019-09-24,5608373,11.3925,11.491,11.2547,11.3039,-0.0886,-0.78,0.53,64738899,,,22.9723,1.7728,2.2649,13.8663,12111259358.52,40231469,10650274,1.01,71570,,,
2019-09-25,6751150,11.235,11.2547,10.8116,10.8903,-0.4136,-3.66,0.64,75124313,,,22.1319,1.708,2.182,13.359,11668164503.94,42011237,10756045,1.02,105771,,,
2019-09-26,6966871,10.9297,11.1463,10.6835,10.8805,-0.0098,-0.09,0.66,77000959,,,22.1119,1.7064,2.1801,13.3469,11657614626.45,43062317,11139575,1.06,383530,,,
2019-09-27,8322407,10.9297,11.422,10.7919,11.2645,0.384,3.53,0.79,94669491,,,22.8923,1.7666,2.257,13.818,12069059848.56,40805177,11791168,1.12,651593,,,
2019-09-30,12919954,11.2645,11.8947,11.1956,11.6387,0.3742,3.32,1.23,152588062,,,26.3306,1.7187,2.3557,12.4559,12469955193.18,44635099,12056433,1.14,265265,,,
2019-10-08,7535839,11.747,11.8061,11.294,11.3531,-0.2856,-2.45,0.72,88076099,,,25.6846,1.6765,2.2979,12.1503,12164008745.97,50907749,11197170,1.06,-859263,,,
2019-10-09,8085751,11.3827,11.4023,10.8805,10.9494,-0.4037,-3.56,0.77,90684658,,,24.7713,1.6169,2.2162,11.7182,11731463768.88,51912477,11586925,1.1,389755,,,
2019-10-10,7213071,11.0085,11.2153,10.91,10.9199,-0.0295,-0.27,0.69,80773320,,,24.7044,1.6125,2.2102,11.6866,11699814136.41,52464731,12184345,1.16,597420,,,
2019-10-11,7500462,10.9691,11.0971,10.7722,11.0479,0.128,1.17,0.72,83221987,,,24.994,1.6314,2.2361,11.8236,11836962543.78,52219975,11956610,1.14,-227735,,,
2019-10-14,10341644,11.1956,11.7174,11.0282,11.5894,0.5415,4.9,0.99,120300573,,,26.2192,1.7114,2.3458,12.4032,12417205805.73,55509055,12690667,1.21,734057,,,
2019-10-15,11558584,11.6977,11.7864,11.4023,11.6879,0.0985,0.85,1.1,136576315,,,26.442,1.7259,2.3657,12.5086,12522704580.63,54483391,11670318,1.11,-1020349,,,
2019-10-16,6265926,11.7962,11.8159,11.3925,11.3925,-0.2954,-2.53,0.6,73617570,,,25.7737,1.6823,2.3059,12.1924,12206208255.93,51262340,11225619,1.07,-444699,,,
2019-10-17,6188143,11.4319,11.7076,11.235,11.4614,0.0689,0.6,0.59,72006527,,,25.9296,1.6925,2.3199,12.2662,12280057398.36,55378092,10915689,1.04,-309930,,,
2019-10-18,6685904,11.6485,11.6584,11.0774,11.1562,-0.3052,-2.66,0.64,77090991,,,25.2391,1.6474,2.2581,11.9395,11953011196.17,58448361,11621872,1.1,706183,,,
2019-10-21,4429289,10.9396,11.0873,10.8608,10.9986,-0.1576,-1.41,0.42,49318177,,,24.8826,1.6242,2.2262,11.7709,11784213156.33,60266403,11478672,1.09,-143200,,,
2019-10-22,3809637,11.0085,11.235,10.9396,11.2251,0.2265,2.06,0.36,42932312,,,25.395,1.6576,2.272,12.0133,12026860338.6,61487331,11611892,1.1,133220,,,
2019-10-23,6598844,11.2448,11.2743,10.7722,10.91,-0.3151,-2.81,0.63,73544059,,,24.6822,1.6111,2.2082,11.6761,11689264258.92,62938740,11841761,1.12,229869,,,
2019-10-24,14196043,11.1759,11.5993,10.4374,10.6146,-0.2954,-2.71,1.35,157975511,,,24.0139,1.5674,2.1485,11.3599,11372767934.22,74391311,11502351,1.09,-339410,,,
2019-10-25,25022557,10.8312,11.6781,10.8214,11.6781,1.0635,10.02,2.39,292019833,,,26.4197,1.7245,2.3637,12.498,12512154703.14,75740619,14261334,1.36,2758983,,,
2019-10-28,33736790,11.7864,12.4855,11.6781,12.3279,0.6498,5.56,3.22,415582632,,,27.8899,1.8205,2.4952,13.1935,13208446617.48,88307541,16573945,1.58,2312611,,,
2019-10-29,23772951,12.259,12.7809,12.2295,12.6135,0.2856,2.32,2.27,302376052,,,28.536,1.8626,2.553,13.4991,13514393064.69,88152181,17018995,1.62,445050,,,
2019-10-30,17179444,12.7021,12.84,12.3575,12.4658,-0.1477,-1.17,1.64,218552574,,,28.2018,1.8408,2.5231,13.3411,13356144902.34,88413821,16583750,1.58,-435245,,,
2019-10-31,14244684,12.5938,12.7513,12.2393,12.3181,-0.1477,-1.18,1.36,179465343,,,27.8677,1.819,2.4932,13.183,13197896739.99,93197672,16951210,1.61,367460,,,
2019-11-01,11094722,12.4067,12.4855,12.2098,12.3279,0.0098,0.08,1.06,139109782,,,27.8899,1.8205,2.4952,13.1935,13208446617.48,89369430,16846582,1.6,-104628,,,
2019-11-04,14263526,12.3969,12.6627,12.3082,12.5642,0.2363,1.92,1.36,180832546,,,28.4246,1.8553,2.5431,13.4464,13461643677.24,92724886,16711551,1.59,-135031,,,
2019-11-05,16380755,12.4461,12.6036,12.2098,12.5052,-0.059,-0.47,1.56,205911013,,,28.2909,1.8466,2.5311,13.3832,13398344412.3,108350751,16162024,1.54,-549527,,,
2019-11-06,22078682,12.7218,13.1747,12.2196,12.3181,-0.1871,-1.5,2.11,285335663,,,27.8677,1.819,2.4932,13.183,13197896739.99,107872205.55,15110947,1.44,-1051077,,,
2019-11-07,23573194,12.2984,13.1452,12.1605,12.7415,0.4234,3.44,2.25,305479506,,,28.8255,1.8815,2.5789,13.6361,13651541472.06,107985254.7,16732003,1.59,1621056,,,
2019-11-08,24915723,12.7316,13.6671,12.6233,13.5391,0.7976,6.26,2.38,333946469,,,30.6299,1.9993,2.7404,14.4897,14506081548.75,112363887.25,15741287,1.5,-990716,,,
2019-11-11,16924208,13.3914,13.7261,13.0861,13.1452,-0.3939,-2.91,1.61,229099285,,,29.7389,1.9411,2.6607,14.0682,14084086449.15,125448065.25,15222848,1.45,-518439,,,
2019-11-12,11894180,13.2929,13.4406,12.8596,13.3126,0.1674,1.27,1.13,158928589,,,30.1176,1.9659,2.6945,14.2473,14263434366.48,129393671.6,14872441,1.41,-350407,,,
2019-11-13,9916025,13.2043,13.3717,12.8596,12.9877,-0.3249,-2.44,0.95,131557225,,,29.3825,1.9179,2.6288,13.8996,13915288409.31,122917672.95,15012636,1.43,140195,,,
2019-11-14,11873585,13.0664,13.3224,12.9483,13.2634,0.2757,2.12,1.13,158591352,,,30.0062,1.9586,2.6846,14.1946,14210684979.03,130799881.35,14337046,1.36,-675590,,,
2019-11-15,11419457,13.1649,13.224,12.7119,12.9581,-0.3053,-2.3,1.09,150611008,,,29.3156,1.9135,2.6228,13.868,13883638776.84,123013346.8,14342268,1.36,5222,,,
2019-11-18,6850702,12.8006,13.0664,12.7907,13.0073,0.0492,0.38,0.65,89976852,,,29.427,1.9208,2.6328,13.9206,13936388164.29,115958933.05,14537380,1.38,195112,,,
2019-11-19,13779612,12.9581,13.5489,12.8104,13.4307,0.4234,3.26,1.31,186387135,,,30.3849,1.9833,2.7185,14.3738,14390032896.36,122845199.2,14328484,1.36,-208896,,,
2019-11-20,16225817,13.3914,13.7655,13.0172,13.0664,-0.3643,-2.71,1.55,219904722,,,29.5607,1.9295,2.6447,13.9839,13999687429.23,127018020.35,14758763,1.4,430279,,,
2019-11-21,9057452,12.9975,13.1846,12.8498,12.9286,-0.1378,-1.05,0.86,119395854,,,29.2488,1.9091,2.6168,13.8363,13851989144.37,134801805.65,14836563,1.41,77800,,,
2019-11-22,15658170,12.9581,13.3421,12.5544,12.6332,-0.2954,-2.28,1.49,206065421,,,28.5805,1.8655,2.557,13.5202,13535492819.67,131669338.15,14978728,1.42,142165,,,
2019-11-25,13067162,12.643,12.9483,12.3378,12.5052,-0.128,-1.01,1.25,166541858,,,28.2909,1.8466,2.5311,13.3832,13398344412.3,131437027.5,15113663,1.44,134935,,,
2019-11-26,13665526,12.6135,12.8104,12.0818,12.6627,0.1575,1.26,1.3,173368595,,,28.6473,1.8699,2.563,13.5518,13567142452.14,122089050.3,14934268,1.42,-179395,,,
2019-11-27,38045140,12.7513,13.9329,12.7513,13.9034,1.2407,9.8,3.63,526355100,,,31.4541,2.0531,2.8141,14.8796,14896427015.88,151531932.6,16995564,1.62,2061296,,,
2019-11-28,17847072,13.6966,14.1102,13.5981,13.9034,0,0,1.7,251745391,,,31.4541,2.0531,2.8141,14.8796,14896427015.88,132404526.6,17765189,1.69,769625,,,
2019-11-29,12706745,14.0511,14.1594,13.5784,13.7951,-0.1083,-0.78,1.21,177850937,,,31.2091,2.0371,2.7922,14.7637,14780378363.49,134556985.05,16856359,1.6,-908830,,,
2019-12-02,8547177,13.9625,13.9723,13.6277,13.7754,-0.0197,-0.14,0.82,119639381,,,31.1646,2.0342,2.7882,14.7426,14759278608.51,141214277,16345160,1.55,-511199,,,
2019-12-03,11529785,13.6178,13.7557,13.3914,13.6671,-0.1083,-0.79,1.1,158853939,,,30.9195,2.0182,2.7663,14.6267,14643229956.12,163124315,16357463,1.56,12303,,,
2019-12-04,14717637,13.6178,14.376,13.5292,13.9625,0.2954,2.16,1.4,209497314,,,31.5878,2.0618,2.8261,14.9428,14959726280.82,135470337,15699663,1.49,-657800,,,
2019-12-05,18415180,13.9822,14.6222,13.8049,14.573,0.6105,4.37,1.76,266622017,,,32.9689,2.152,2.9496,15.5962,15613818685.2,118418724,15103279,1.44,-596384,,,
2019-12-06,19712966,14.4253,15.5281,14.4253,15.3213,0.7483,5.13,1.88,301827671,,,34.6619,2.2625,3.1011,16.3971,16415609374.44,109537397,14815014,1.41,-288265,,,
2019-12-09,18790470,15.725,16.1484,15.3508,15.7545,0.4332,2.83,1.79,300826982,,,35.6421,2.3265,3.1888,16.8607,16879803984,106401593,15881679,1.51,1066665,,,
2019-12-10,14667899,15.7545,15.8038,15.3016,15.597,-0.1575,-1,1.4,231292028,,,35.2857,2.3032,3.1569,16.6921,16711005944.16,112107649,16197700,1.54,316021,,,
2019-12-11,13546953,15.6068,16.0106,15.3607,15.6068,0.0098,0.06,1.29,215544182,,,35.308,2.3046,3.1589,16.7027,16721555821.65,114049825,15277751,1.45,-919949,,,
2019-12-12,12953477,15.6364,16.1287,15.2622,15.4591,-0.1477,-0.95,1.24,205885166,,,34.9738,2.2828,3.129,16.5446,16563307659.3,115834224,16470607,1.57,1192856,,,
2019-12-13,20679881,15.6659,16.493,15.4591,16.3749,0.9158,5.92,1.97,335154821,,,37.0455,2.4181,3.3144,17.5246,17544446265.87,118143432,15373830,1.46,-1096777,,,
2019-12-16,11757136,16.3749,16.5423,16.0893,16.4635,0.0886,0.54,1.12,194629726,,,37.246,2.4311,3.3323,17.6195,17639395163.28,125022533.4,14938411,1.42,-435419,,,
2019-12-17,16413535,16.5226,17.5959,16.5226,17.202,0.7385,4.49,1.57,286042592,,,38.9167,2.5402,3.4818,18.4098,18430635975.03,121467065.9,15500101,1.47,561690,,,
2019-12-18,14288007,16.9361,17.9602,16.9066,17.4088,0.2068,1.2,1.36,251171565,,,39.3845,2.5707,3.5236,18.6311,18652183402.32,128573837.6,15178746,1.44,-321355,,,
2019-12-19,9848904,17.4186,17.4777,16.7884,17.1725,-0.2363,-1.36,0.94,171120343,,,38.8499,2.5358,3.4758,18.3782,18398986342.56,129443380.8,15211816,1.45,33070,,,
2019-12-20,12081420,17.2512,17.8223,17.2414,17.5762,0.4037,2.35,1.15,215336690,,,39.7632,2.5955,3.5575,18.8103,18831531319.65,122752557.5,15290521,1.45,78705,,,
2019-12-23,9824362,17.5269,17.9799,17.2217,17.2611,-0.3151,-1.79,0.94,175165182,,,39.0504,2.5489,3.4937,18.473,18493935239.97,124156847.1,15300756,1.45,10235,,,
2019-12-24,11012373,17.2709,17.8716,17.2709,17.8223,0.5612,3.25,1.05,197929416,,,40.3201,2.6318,3.6073,19.0737,19095278256.9,125261065,,,,,,
2019-12-25,10730953,18.0094,18.3048,17.5072,17.8814,0.0591,0.33,1.02,195502478,,,40.4538,2.6405,3.6193,19.1369,19158577521.84,134422422.2,,,,,,
2019-12-26,8373782,17.6746,18.2359,17.6352,17.8026,-0.0788,-0.44,0.8,152496833,,,40.2756,2.6289,3.6033,19.0526,19074178501.92,137821512.6,,,,,,
2019-12-27,23099024,17.8913,17.9503,16.5226,16.7195,-1.0831,-6.08,2.2,400157567,,,37.8252,2.469,3.3841,17.8935,17913691978.02,121219742.6,18027613,1.71,2726857,,,
2019-12-30,16202653,16.5817,17.3694,16.5127,17.1331,0.4136,2.47,1.55,280105775,,,38.7608,2.53,3.4678,18.336,18356786832.6,115530183,18730918,1.78,703305,,,
2019-12-31,13131816,17.2217,17.6352,16.7294,17.1626,0.0295,0.17,1.25,228213480,,,40.3073,2.4932,3.4313,14.8363,18388436465.07,108405636.1,18896265,1.8,165347,,,
2020-01-02,13980292,17.1232,17.9799,17.0346,17.9011,0.7385,4.3,1.33,251245331,,,42.0417,2.6005,3.579,15.4747,19179677276.82,109037934.6,19555670,1.86,659405,,,
2020-01-03,17273723,17.9208,18.7085,17.2808,18.1374,0.2363,1.32,1.65,316723554,,,42.5967,2.6348,3.6262,15.679,19432874336.58,122279770.2,18224874,1.73,-1330796,,,
2020-01-06,32169579,19.9492,19.9492,19.1024,19.9492,1.8118,9.99,3.07,646726281,,,46.8518,2.898,3.9885,17.2452,21374051794.74,139218691.6,17339337,1.65,-885537,,,
2020-01-07,36735195,20.028,21.2588,19.6538,20.087,0.1378,0.69,3.5,760592369,,,47.1755,2.918,4.016,17.3644,21521750079.6,182471051,16007520,1.52,-1331817,,,
2020-01-08,43520764,20.4021,22.0957,20.4021,21.4065,1.3195,6.57,4.15,950875998,,,50.2743,3.1097,4.2798,18.505,22935433663.26,199738086.8,17259146,1.64,1251626,,,
2020-01-09,39245995,21.9579,22.913,21.3671,21.8594,0.4529,2.12,3.74,880131235,,,51.3381,3.1755,4.3704,18.8965,23420728027.8,197992529,17269079,1.64,9933,,,
2020-01-10,24974950,21.436,21.6034,20.8846,21.2292,-0.6302,-2.88,2.38,538596223,,,49.8581,3.0839,4.2444,18.3517,22745535868.44,225427595.4,16970137,1.61,-298942,,,
2020-01-13,30649128,21.7413,22.3714,21.0323,22.3124,1.0832,5.1,2.92,677605744,,,52.4018,3.2413,4.4609,19.2881,23906022392.34,239715986.9,15940432,1.52,-1029705,,,
2020-01-14,40987749,22.7949,23.681,21.3376,21.4853,-0.8271,-3.71,3.91,938144665,,,50.4593,3.1211,4.2956,18.573,23019832683.18,239060443.4,15920244,1.51,-20188,,,
2020-01-15,22789618,21.2096,21.6822,20.6975,21.1702,-0.3151,-1.47,2.17,489349915,,,49.7193,3.0754,4.2326,18.3007,22682236603.5,231274999.5,16696774,1.59,776530,,,
2020-01-16,15861559,21.18,21.6822,21.0815,21.3769,0.2067,0.98,1.51,343735683,,,50.2049,3.1054,4.2739,18.4794,22903784030.79,250065665.6,15328630,1.46,-1368144,,,
2020-01-17,14661292,21.3671,21.6822,20.8649,21.1406,-0.2363,-1.11,1.4,316913301,,,49.6499,3.0711,4.2267,18.2751,22650586971.03,239923749.2,15660447,1.49,331817,,,
2020-01-20,18878664,20.9732,21.6625,20.412,21.3671,0.2265,1.07,1.8,404001622,,,50.1818,3.104,4.272,18.4709,22893234153.3,247915094,16391098,1.56,730651,,,
2020-01-21,23859361,21.0717,22.3124,20.6778,21.5148,0.1477,0.69,2.28,522770843,,,50.5287,3.1254,4.3015,18.5986,23051482315.65,276794303,15114284,1.44,-1276814,,,
2020-01-22,26173085,21.948,23.1493,21.0717,22.6472,1.1324,5.26,2.5,590582672,,,53.1881,3.2899,4.5279,19.5775,24264718227,269026194,14956981,1.42,-157303,,,
2020-01-23,22506759,22.1942,23.3561,21.3671,22.6373,-0.0099,-0.04,2.15,513006772,,,53.165,3.2885,4.5259,19.5689,24254168349.51,266742063,13686158,1.3,-1270823,,,
2020-02-03,30470179,20.3726,22.7555,20.3726,21.0225,-1.6148,-7.13,2.91,667826673,,,49.3724,3.0539,4.2031,18.173,22523988441.15,281937049,14961310,1.42,1275152,,,
2020-02-04,12981981,22.1647,23.1296,22.1548,23.1296,2.1071,10.02,1.24,300415789,,,54.3212,3.36,4.6243,19.9945,24781662224.01,263242600,15021265,1.43,59955,,,
2020-02-05,42446568,25.2762,25.4436,23.7106,24.4786,1.349,5.83,4.05,1070656822,,,57.4894,3.556,4.8941,21.1607,26226995440.14,313470120,16285302,1.55,1264037,,,
2020-02-06,44552200,23.2183,25.9851,22.9524,25.9458,1.4672,5.99,4.25,1107997128,,,60.9351,3.7691,5.1874,22.429,27798927186.15,355409734,15660487,1.49,-624815,,,
2020-02-07,28499723,25.2368,25.8965,24.3112,24.7149,-1.2309,-4.74,2.72,723269878,,,58.0444,3.5903,4.9413,21.365,26480192499.9,363619802,14462488,1.37,-1197999,,,
2020-02-10,32138080,24.9808,26.5858,24.5968,26.5858,1.8709,7.57,3.07,836280179,,,62.4382,3.8621,5.3153,22.9822,28484669223,313579612,14326944,1.36,-135544,,,
2020-02-11,23049276,26.2805,26.3889,24.9906,25.286,-1.2998,-4.89,2.2,595803601,,,59.3857,3.6733,5.0555,21.8587,27092085394.32,299507630.96,14327379,1.36,435,,,
2020-02-12,25186242,25.0891,25.7981,24.7149,25.2663,-0.0197,-0.08,2.4,648095032,,,59.3394,3.6704,5.0515,21.8416,27070985639.34,315155868.02,14619613,1.39,292234,,,
2020-02-13,21954761,24.8134,25.4534,24.3802,24.7051,-0.5612,-2.22,2.09,554821761,,,58.0213,3.5889,4.9393,21.3565,26469642622.41,320557977.73,14650939,1.39,31326,,,
2020-02-14,17941933,24.9119,25.1383,23.9272,24.4195,-0.2856,-1.16,1.71,448946516,,,57.3506,3.5474,4.8822,21.1096,26163696175.2,296833107.4,14864072,1.41,213133,,,
2020-02-17,18500025,23.878,24.902,23.8287,24.7445,0.325,1.33,1.76,461279640,,,58.1138,3.5946,4.9472,21.3905,26511842132.37,295870937.36,16151296,1.54,1287224,,,
2020-02-18,21321331,24.7149,25.5224,24.3408,25.1088,0.3643,1.47,2.03,541171352,,,58.9694,3.6475,5.02,21.7054,26902187599.5,303101398,15443069,1.47,-708227,,,
2020-02-19,37532165,25.8965,26.0738,23.553,23.7598,-1.349,-5.37,3.58,932351683,,,55.8012,3.4515,4.7503,20.5393,25456854383.37,336405224.61,14899596,1.42,-543473,,,
2020-02-20,25685080,24.1241,24.7642,23.7795,24.4885,0.7287,3.07,2.45,635481566,,,57.5125,3.5574,4.896,21.1692,26237545317.63,315858872.4,18008597,1.71,3109001,,,
2020-02-21,22601746,24.4983,25.0005,24.3506,24.7839,0.2954,1.21,2.16,567891124,,,58.2063,3.6003,4.9551,21.4245,26554041642.33,298559037,19767791,1.88,1759194,,,
2020-02-24,31548640,24.4983,24.9906,23.6614,23.9469,-0.837,-3.38,3.01,771734350,,,56.2406,3.4787,4.7877,20.701,25657302055.68,296768997,19135927,1.82,-631864,,,
2020-02-25,36342712,23.1395,24.5082,22.7456,24.2817,0.3348,1.4,3.47,872397327,,,57.0269,3.5274,4.8547,20.9904,26015997890.34,322736649.66,19279527,1.83,143600,,,
2020-02-26,40495782,23.6515,24.0651,21.8496,21.8496,-2.4321,-10.02,3.86,931676855,,,51.3149,3.174,4.3684,18.888,23410178150.31,333512393.89,17265675,1.64,-2013852,,,
2020-02-27,31035864,21.8791,21.948,20.8551,21.2883,-0.5613,-2.57,2.96,673190414,,,49.9968,3.0925,4.2562,18.4028,22808835133.38,325879534,19200967,1.83,1935292,,,
2020-02-28,30361921,19.9984,20.8551,19.4372,19.6341,-1.6542,-7.77,2.9,620940263,,,46.1118,2.8522,3.9255,16.9728,21036455715.06,312569726.14,22434727,2.13,3233760,,,
2020-03-02,26020916,20.0772,21.564,19.8901,21.1603,1.5262,7.77,2.48,549597356,,,49.6962,3.0739,4.2306,18.2922,22671686726.01,309164640.19,21172107,2.01,-1262620,,,
2020-03-03,27405516,22.1647,22.5093,21.1702,21.5936,0.4333,2.05,2.61,610588327,,,50.7137,3.1369,4.3172,18.6667,23135881335.57,308896459,20361817,1.94,-810290,,,
2020-03-04,16061133,21.1702,21.8397,20.8157,21.3769,-0.2167,-1,1.53,349048047,,,50.2049,3.1054,4.2739,18.4794,22903784030.79,314905049,19171136,1.82,-1190681,,,
2020-03-05,13258270,21.7413,21.9973,21.0914,21.564,0.1871,0.88,1.26,290076938,,,50.6443,3.1326,4.3113,18.6411,23104231703.1,303044982,18953760,1.8,-217376,,,
2020-03-06,12460965,21.0225,21.9382,20.7271,21.6526,0.0886,0.41,1.19,273025367,,,50.8524,3.1454,4.3291,18.7178,23199180600.51,286378097,19493645,1.85,539885,,,
2020-03-09,18431232,21.0717,21.4656,20.4809,20.5006,-1.152,-5.32,1.76,389980561,,,48.1468,2.9781,4.0987,17.7219,21964844934.18,270074473,18522222,1.76,-971423,,,
2020-03-10,29017340,20.284,22.5487,20.284,22.5487,2.0481,9.99,2.77,642436725,,,52.9568,3.2756,4.5082,19.4923,24159219452.1,270673920,19063540,1.81,541318,,,
2020-03-11,20036786,22.5585,22.8342,21.8397,21.9874,-0.5613,-2.49,1.91,456288753,,,51.6387,3.1941,4.396,19.0072,23557876435.17,285681671.5,19126843,1.82,63303,,,
2020-03-12,13599732,21.308,21.6034,20.9043,21.2686,-0.7188,-3.27,1.3,293228809,,,49.9506,3.0897,4.2523,18.3858,22787735378.4,293749686,17274224,1.64,-1852619,,,
2020-03-13,16728097,20.087,21.6625,19.4962,21.0717,-0.1969,-0.93,1.6,347831855,,,49.4881,3.061,4.2129,18.2155,22576737828.6,277704877,16322840,1.55,-951384,,,
2020-03-16,16175423,21.0717,21.1406,18.9645,18.9744,-2.0973,-9.95,1.54,325107405,,,44.5624,2.7564,3.7936,16.4025,20329613923.23,257789250.65,15583920,1.48,-738920,,,
2020-03-17,18850691,19.2796,19.575,17.4777,18.6494,-0.325,-1.71,1.8,352174245,,,43.7992,2.7092,3.7286,16.1216,19981467966.06,250772880.3,16158924,1.54,575004,,,
2020-03-18,19862716,18.7282,19.1516,17.6254,17.7337,-0.9157,-4.91,1.89,371657874,,,41.6486,2.5761,3.5455,15.33,19000329359.49,233220937.95,16543185,1.57,384261,,,
2020-03-19,24293673,17.7042,18.0094,16.7687,17.4285,-0.3052,-1.72,2.32,427601211,,,40.9317,2.5318,3.4845,15.0661,18673283157.3,228637744.5,17790448,1.69,1247263,,,
2020-03-20,19240822,18.1079,18.3836,17.2808,17.5762,0.1477,0.85,1.84,348606544,,,41.2786,2.5533,3.514,15.1938,18831531319.65,222630263.75,18349027,1.75,558579,,,
2020-03-23,16456562,16.7392,16.8672,15.8235,15.8235,-1.7527,-9.97,1.57,269121363,,,37.1623,2.2986,3.1636,13.6787,16953653126.43,229322347.05,19658727,1.87,1309700,,,
2020-03-24,37025302,16.0598,16.2272,14.829,15.725,-0.0985,-0.62,3.53,584757149,,,36.931,2.2843,3.1439,13.5936,16848154351.53,234519558.55,20264903,1.93,606176,,,
2020-03-25,37159041,16.5915,17.3005,16.4832,16.7983,1.0733,6.83,3.54,640365217,,,39.4517,2.4403,3.3585,14.5214,17998090997.94,236881625.9,23844690,2.27,3579787,,,
2020-03-26,20284863,16.7983,16.8771,16.0992,16.1484,-0.6499,-3.87,1.93,338262221,,,37.9254,2.3459,3.2286,13.9596,17301799083.6,230703010,23831765,2.27,-12925,,,
2020-03-27,18732191,16.5423,16.6604,15.9318,16.1484,0,0,1.79,310659333,,,37.9254,2.3459,3.2286,13.9596,17301799083.6,237178424,23564452,2.24,-267313,,,
2020-03-30,17944200,16.1484,16.1976,15.2622,15.8432,-0.3052,-1.89,1.71,286767999,,,37.2085,2.3015,3.1675,13.6957,16974752881.41,240275269,23295718,2.22,-268734,,,
2020-03-31,15660671,15.9909,16.4241,15.6561,16.0106,0.1674,1.06,1.49,255565574,,,37.589,2.2933,3.2234,13.7472,17154100798.74,227374819,23191640,2.21,-104078,,,
2020-04-01,20060579,16.5029,16.9263,16.2469,16.3158,0.3052,1.91,1.91,338880597,,,38.3056,2.337,3.2848,14.0093,17481147000.93,219723555,22632936,2.15,-558704,,,
2020-04-02,13899656,16.2469,16.8475,16.0499,16.8377,0.5219,3.2,1.33,232009022,,,39.5309,2.4118,3.3899,14.4574,18040290507.9,227894600,22561427,2.15,-71509,,,
2020-04-03,23440176,17.7239,17.9503,16.4536,16.9755,0.1378,0.82,2.24,407904019,,,39.8545,2.4315,3.4176,14.5757,18187988792.76,249366992,19839896,1.89,-2721531,,,
2020-04-07,19021609,17.1232,17.9208,17.0346,17.6845,0.709,4.18,1.81,336161834,,,41.519,2.5331,3.5604,15.1845,18947579972.04,263739080,19374932,1.84,-464964,,,
2020-04-08,14128682,17.4088,17.8814,17.0937,17.2709,-0.4136,-2.34,1.35,249998560,,,40.548,2.4738,3.4771,14.8294,18504485117.46,257777623,18509151,1.76,-865781,,,
2020-04-09,10400210,17.3103,17.4482,16.8672,16.9657,-0.3052,-1.77,0.99,180366237,,,39.8314,2.4301,3.4157,14.5673,18177438915.27,245085034,,,,,,
2020-04-10,13167513,17.1823,17.33,16.2961,16.434,-0.5317,-3.13,1.26,225491277,,,38.583,2.354,3.3086,14.1107,17607745530.81,236522674,,,,,,
2020-04-13,11134125,16.0696,17.0346,15.8038,16.7786,0.3446,2.1,1.06,188908488,,,39.3921,2.4033,3.378,14.4066,17976991242.96,228554921,,,,,,
2020-04-14,27441667,17.2217,18.4525,17.2217,18.4525,1.6739,9.98,2.62,506125515,,,43.3221,2.6431,3.715,15.8439,19770470416.26,234733951,21306642,2.03,2797491,,,
2020-04-15,33645234,18.6888,19.9393,18.6002,19.3879,0.9354,5.07,3.21,661289660,,,45.5183,2.7771,3.9033,16.6471,20772708777.81,212883158,22602151,2.15,1295509,,,
2020-04-16,18574230,19.3289,19.6833,18.807,19.4962,0.1083,0.56,1.77,365085770,,,45.7726,2.7926,3.9251,16.7401,20888757430.2,210876223,22618032,2.15,15881,,,
2020-04-17,22797384,19.9098,20.6581,19.6144,19.9984,0.5022,2.58,2.17,466661843,,,46.9516,2.8645,4.0262,17.1713,21426801182.19,219080271,21242429,2.02,-1375603,,,
2020-04-20,20856527,20.1954,21.4853,19.7916,21.1997,1.2013,6.01,1.99,440940419,,,49.7719,3.0366,4.2681,18.2028,22713886235.97,200473167,21772505,2.07,530076,,,
2020-04-21,19719030,20.9142,21.0225,19.7719,20.2643,-0.9354,-4.41,1.88,406289298,,,47.5757,2.9026,4.0798,17.3996,21711647874.42,210020275,22079597,2.1,307092,,,
2020-04-22,11596581,19.7227,20.5301,19.4962,20.4809,0.2166,1.07,1.11,237272380,,,48.0843,2.9336,4.1234,17.5856,21943745179.2,198103212.8,22329330,2.12,249733,,,
2020-04-23,15781986,20.7271,21.3573,19.8901,20.9043,0.4234,2.07,1.51,332309953,,,49.0784,2.9943,4.2086,17.9491,22397389911.27,182471198.68,21903143,2.08,-426187,,,
2020-04-24,15661312,21.0225,22.2434,21.0225,21.2096,0.3053,1.46,1.49,342430164,,,49.795,3.038,4.2701,18.2112,22724436113.46,177563329.64,21094389,2.01,-808754,,,
2020-04-27,13738737,20.7665,22.5487,20.7665,21.8988,0.6892,3.25,1.31,305069065,,,51.4132,3.1367,4.4088,18.803,23462927537.76,191109231.84,20829729,1.98,-264660,,,
2020-04-28,13048867,22.529,22.5684,21.3671,22.0367,0.1379,0.63,1.24,292374727,,,51.7369,3.1565,4.4366,18.9214,23610625822.62,195675440.08,20737646,1.97,-92083,,,
2020-04-29,17806482,21.6625,23.3856,21.6625,22.7949,0.7582,3.44,1.7,413138569,,,53.5169,3.2651,4.5892,19.5724,24422966389.35,168263758.9,,,,,,
2020-04-30,24035621,23.681,24.8528,23.681,23.8878,1.0929,4.79,2.29,591171980,,,56.083,3.4216,4.8093,20.5109,25594002790.74,168715308.06,,,,,,
2020-05-06,16728181,23.6318,24.3112,23.5333,23.9764,0.0886,0.37,1.6,407710827,,,56.291,3.4343,4.8271,20.587,25688951688.15,154352652.85,21937726,2.09,1200080,,,
2020-05-07,18253584,24.0257,24.3014,22.8835,23.8681,-0.1083,-0.45,1.74,436869341,,,56.0367,3.4188,4.8053,20.494,25572903035.76,157161576.04,20975347,2,-962379,,,
2020-05-08,10943985,23.7795,24.3211,23.4447,24.0257,0.1576,0.66,1.04,266632861,,,56.4066,3.4414,4.837,20.6292,25741701075.6,149114597.4,21216921,2.02,241574,,,
2020-05-11,10851030,23.6318,24.5869,23.4644,23.622,-0.4037,-1.68,1.03,262956817,,,55.4588,3.3836,4.7558,20.2826,25309156098.51,147732042.79,21439772,2.04,222851,,,
2020-05-12,8560080,23.6614,24.2226,23.5137,24.0257,0.4037,1.71,0.82,207532917,,,56.4066,3.4414,4.837,20.6292,25741701075.6,147113399.4,21072989,2,-366783,,,
2020-05-13,9011117,24.0257,24.134,23.5137,23.8091,-0.2166,-0.9,0.86,217205490,,,55.898,3.4104,4.7934,20.4432,25509603770.82,147011274.08,21607623,2.06,534634,,,
2020-05-14,9504185,23.5727,23.8287,22.9721,23.425,-0.3841,-1.61,0.91,226885571,,,54.9964,3.3553,4.7161,20.1135,25098158548.71,148025185.74,22360687,2.13,753064,,,
2020-05-15,15644387,23.75,23.878,22.7752,23.4053,-0.0197,-0.08,1.49,370226511,,,54.9502,3.3525,4.7121,20.0966,25077058793.73,148632183.62,22579268,2.15,218581,,,
2020-05-18,12179941,23.3364,23.4152,22.4798,22.9426,-0.4627,-1.98,1.16,284276063,,,53.8637,3.2862,4.619,19.6992,24581214551.7,138506145.8,23641155,2.25,1061887,,,
2020-05-19,10476093,22.8244,23.5432,22.6668,22.913,-0.0296,-0.13,1,244673144,,,53.7943,3.282,4.613,19.6739,24549564919.23,150074501.62,24656753,2.35,1015598,,,
2020-05-20,23363439,23.4349,24.518,22.5093,22.7358,-0.1772,-0.77,2.23,558592932,,,53.3782,3.2566,4.5773,19.5217,24359667124.41,169429842.03,22812718,2.17,-1844035,,,
2020-05-21,16899480,22.7358,23.0016,21.5443,21.564,-1.1718,-5.15,1.61,380444935,,,50.6272,3.0888,4.3414,18.5156,23104231703.1,151838355.3,25151107,2.39,2338389,,,
2020-05-22,13300534,21.8594,22.3025,21.0717,21.2982,-0.2658,-1.23,1.27,292911008,,,50.0031,3.0507,4.2879,18.2873,22819385010.87,155952841.71,25275901,2.41,124794,,,
2020-05-25,8387019,21.2292,21.4656,20.6877,21.1209,-0.1773,-0.83,0.79,179076267,,,49.5869,3.0253,4.2522,18.1351,22629487216.05,156623768.65,25643224,2.44,367323,,,
2020-05-26,14084180,21.4163,23.0903,21.2982,22.8736,1.7527,8.3,1.34,318181001,,,53.7019,3.2764,4.6051,19.6401,24507365409.27,165489179.91,24859749,2.35,-783475,,,
2020-05-27,18787889,23.2675,24.4688,23.2675,23.9863,1.1127,4.86,1.78,458420442,,,56.3141,3.4357,4.8291,20.5954,25699501565.64,145815901.96,25648120,2.43,788371,,,
2020-05-28,14250776,23.7598,23.9174,22.657,23.0016,-0.9847,-4.11,1.35,335005625,,,54.0024,3.2947,4.6309,19.75,24644513816.64,138247011.12,25444219,2.41,-203901,,,
2020-05-29,14843011,23.3561,23.8681,22.4699,23.553,0.5514,2.4,1.41,351827440,,,55.297,3.3737,4.7419,20.2234,25235306956.08,144237454.64,26216217,2.48,771998,,,
2020-06-01,13296986,24.1044,24.1734,23.3463,23.9666,0.4136,1.76,1.26,321425724,,,56.2679,3.4329,4.8251,20.5785,25678401810.66,147144739.78,25413144,2.4,-803073,,,
2020-06-02,10052420,24.1241,24.4786,23.2379,23.3561,-0.6105,-2.55,0.95,242576482,,,54.8346,3.3455,4.7022,20.0543,25024309406.28,150211925.24,25033269,2.37,-379875,,,
2020-06-03,12377354,23.2478,24.3703,23.2478,24.2817,0.9256,3.96,1.17,301057682,,,57.0077,3.4781,4.8886,20.8491,26015997890.34,136722312.22,26105477,2.47,1072208,,,
2020-06-04,11202046,24.1832,25.0891,23.9764,24.5377,0.256,1.05,1.06,278517724,,,57.6087,3.5147,4.9401,21.0689,26290294705.08,115380908.64,26473233,2.5,367756,,,
2020-06-05,10870651,24.2226,24.9906,23.7401,24.9414,0.4037,1.65,1.03,269701925,,,58.5565,3.5725,5.0214,21.4155,26722839682.17,112963806.61,25828938,2.44,-644295,,,
2020-06-08,12542382,25.1679,26.3298,25.1679,25.6602,0.7188,2.88,1.19,327799121,,,60.2441,3.6755,5.1661,22.0327,27492980738.94,109232312.02,25550632,2.42,-278306,,,
2020-06-09,9619156,26.2904,26.4381,25.3747,25.6011,-0.0591,-0.23,0.91,252705088,,,60.1054,3.667,5.1542,21.982,27429681474,106977705,25816388,2.44,265756,,,
2020-06-10,6648855,25.5913,25.5913,24.9316,25.4534,-0.1477,-0.58,0.63,171065550,,,59.7586,3.6459,5.1245,21.8552,27271433311.65,102364300.45,26845743,2.54,1029355,,,
2020-06-11,16306417,26.3593,26.6646,25.2368,25.3254,-0.128,-0.5,1.55,428719603,,,59.4581,3.6276,5.0987,21.7452,27134284904.28,109040370.64,26853220,2.54,7477,,,
2020-06-12,12319530,24.6952,25.1088,24.3408,24.5968,-0.7286,-2.88,1.17,309319619,,,57.7474,3.5232,4.952,21.1196,26353593970.02,101009993.76,28411755,2.69,1558535,,,
2020-06-15,12140235,24.6165,24.8429,23.6614,23.6614,-0.9354,-3.8,1.15,297974834,,,55.5513,3.3892,4.7637,20.3164,25351355608.47,104328548.36,28780215,2.72,368460,,,
2020-06-16,11466168,24.3014,24.8036,23.4349,23.8878,0.2264,0.96,1.09,279825061,,,56.083,3.4216,4.8093,20.5109,25594002790.74,106213090.96,29107664,2.75,327449,,,
2020-06-17,10065524,23.9272,24.1241,22.9426,23.553,-0.3348,-1.4,0.95,239010410,,,55.297,3.3737,4.7419,20.2234,25235306956.08,119285035.32,28668724,2.71,-438940,,,
2020-06-18,11506156,23.4743,24.2226,23.041,24.1438,0.5908,2.51,1.09,278288938,,,56.684,3.4583,4.8608,20.7307,25868299605.48,137248180.92,28359679,2.68,-309045,,,
2020-06-19,20475935,24.1438,26.5562,24.0158,26.5562,2.4124,9.99,1.94,535450415,,,62.3478,3.8039,5.3465,22.8021,28453019590.53,122984468.98,27750379,2.63,-609300,,,
2020-06-22,13047243,26.9304,27.1077,26.2904,26.891,0.3348,1.26,1.24,354113324,,,63.1338,3.8518,5.4139,23.0895,28811715425.19,129196819.51,27749101,2.63,-1278,,,
2020-06-23,11704196,26.8615,27.472,26.4873,26.9501,0.0591,0.22,1.11,319096194,,,63.2725,3.8603,5.4258,23.1403,28875014690.13,131221259.6,26569999,2.51,-1179102,,,
2020-06-24,7211856,27.2357,27.3834,26.5562,26.832,-0.1181,-0.44,0.68,196779085,,,62.9951,3.8433,5.402,23.0388,28748416160.25,129301411.75,25558482,2.42,-1011517,,,
2020-06-29,11235564,26.832,27.2751,26.3396,26.6646,-0.1674,-0.62,1.06,305901564,,,62.6021,3.8194,5.3683,22.8951,28569068242.92,116439511.8,26251176,2.48,692694,,,
2020-06-30,13175938,27.1274,28.368,26.8516,27.472,0.8074,3.03,1.25,369331184,,,63.7793,3.9883,5.3686,24.9642,29434158197.1,114734327.5,,,,,,
2020-07-01,13102969,28.4369,28.9884,26.5858,27.088,-0.384,-1.4,1.24,366501890,,,62.8878,3.9326,5.2935,24.6152,29022712974.99,98846490.85,,,,,,
2020-07-02,13805515,27.3735,27.4818,26.4775,26.6941,-0.3939,-1.45,1.31,376898160,,,61.9734,3.8754,5.2166,24.2573,28600717875.39,93055147.53,24920837,2.36,-1330339,,,
2020-07-03,16214637,27.0978,28.4369,26.9304,27.8658,1.1717,4.39,1.54,456297055,,,64.6937,4.0455,5.4455,25.3221,29856153296.7,98883551.6,24250063,2.29,-670774,,,
2020-07-06,15120387,27.6788,28.9293,27.3735,28.4862,0.6204,2.23,1.43,433223938,,,66.1339,4.1356,5.5668,25.8858,30520795578.57,106487089.16,23337386,2.21,-912677,,,
2020-07-07,12760162,29.3428,31.3318,29.1459,31.3318,2.8456,9.99,1.21,395753809,,,72.7405,4.5487,6.1229,28.4717,33569710173.18,103438350.84,22787956,2.16,-549430,,,
2020-07-08,21679966,32.1983,34.4631,31.7651,34.4631,3.1313,9.99,2.05,733454730,,,80.0099,5.0033,6.7348,31.3171,36924571215,119906295,22108604,2.09,-679352,,,
2020-07-09,24151974,34.9554,34.9652,33.1042,34.4237,-0.0394,-0.11,2.29,835356659,,,79.9185,4.9976,6.7271,31.2813,36882371705.04,130687472.4,23054442,2.18,945838,,,
2020-07-10,21343889,34.1184,37.7124,33.5473,36.4324,2.0087,5.84,2.02,767024460,,,84.5819,5.2892,7.1196,33.1066,39034546713,139489549,21327153,2.02,-1727289,,,
2020-07-13,20724559,37.5647,38.5592,35.5954,36.9444,0.512,1.41,1.96,776081882,,,85.7706,5.3635,7.2197,33.5719,39583140342.48,146057854.6,20302292,1.92,-1024861,,,
2020-07-14,19539952,36.4324,36.8656,34.5123,35.2114,-1.733,-4.69,1.85,705047482,,,81.7473,5.1119,6.881,31.9971,37726361904.24,160083443.72,20649056,1.95,346764,,,
2020-07-15,14604826,35.2114,36.393,34.8077,35.2508,0.0394,0.11,1.38,530226149,,,81.8387,5.1176,6.8887,32.0329,37768561414.2,156691864.6,21209045,2.01,559989,,,
2020-07-16,15015069,35.8022,36.009,32.159,32.7891,-2.4617,-6.98,1.42,523097897,,,76.1237,4.7603,6.4076,29.7959,35131092041.7,149469420.5,21503023,2.03,293978,,,
2020-07-17,12650676,32.799,34.9849,32.6217,33.7049,0.9158,2.79,1.2,433504410,,,78.2497,4.8932,6.5866,30.6281,36112230648.27,150039407.16,21991139,2.08,488116,,,
2020-07-20,12472444,34.7782,34.9554,32.7891,33.4784,-0.2265,-0.67,1.18,422528719,,,77.7239,4.8603,6.5423,30.4223,35869583466,162682336,20791614,1.97,-1199525,,,
2020-07-21,10662433,34.1283,34.8372,33.7344,34.5123,1.0339,3.09,1.01,371689672,,,80.1242,5.0104,6.7444,31.3618,36977320602.45,164936842.9,20645069,1.95,-146545,,,
2020-07-22,11879445,34.3252,36.2354,33.8723,35.8908,1.3785,3.99,1.13,426183874,,,83.3246,5.2105,7.0138,32.6145,38454303451.05,148112180.1,20037677,1.89,-607392,,,
2020-07-23,13368329,35.4477,36.8262,34.4434,36.009,0.1182,0.33,1.27,483081857,,,83.5989,5.2277,7.0369,32.7219,38580901980.93,145262340.56,19466759,1.84,-570918,,,
2020-07-24,17452491,35.1425,35.428,32.4051,32.4051,-3.6039,-10.01,1.65,594817439,,,75.2322,4.7045,6.3326,29.447,34719646819.59,151045923.28,19573291,1.85,106532,,,
2020-07-27,13023667,31.8833,32.9171,30.426,31.1251,-1.28,-3.95,1.23,416749269,,,72.2604,4.5187,6.0825,28.2838,33348162745.89,153837002.88,19927670,1.88,354379,,,
2020-07-28,11134197,31.706,33.2125,31.706,32.6808,1.5557,5,1.06,366876917,,,75.8723,4.7445,6.3865,29.6975,35015043389.31,157457791.64,20337082,1.92,409412,,,
2020-07-29,8036748,32.3953,33.6359,32.1983,33.4292,0.7484,2.29,0.76,270815515,,,77.6096,4.8532,6.5327,30.3775,35816834078.55,159456522.7,20212432,1.91,-124650,,,
2020-07-30,8531472,33.6753,33.9806,32.4937,33.1633,-0.2659,-0.8,0.81,285313798,,,76.9924,4.8146,6.4808,30.136,35531987386.32,155788243.28,19979185,1.89,-233247,,,
2020-07-31,8579458,33.0944,34.4532,32.7694,33.4882,0.3249,0.98,0.81,292731361,,,77.7468,4.8617,6.5443,30.4312,35880133343.49,155523086.46,19861858,1.88,-117327,,,
2020-08-03,8673285,33.8821,34.1283,32.6513,34.0298,0.5416,1.62,0.82,295751632,,,79.0041,4.9404,6.6501,30.9234,36460376605.44,161340176.72,20083227,1.9,221369,,,
2020-08-04,12772074,34.0397,35.5462,33.3504,35.044,1.0142,2.98,1.21,448822245,,,81.3587,5.0876,6.8483,31.845,37547013986.91,171539426.5,19741374,1.87,-341853,,,
2020-08-05,9391399,34.6403,35.0243,33.823,34.3941,-0.6499,-1.85,0.89,327159621,,,79.8499,4.9933,6.7213,31.2544,36850722072.57,176240081.5,19515955,1.84,-225419,,,
2020-08-06,11376578,34.3941,35.9302,34.3252,35.1425,0.7484,2.18,1.08,405298002,,,81.5873,5.1019,6.8675,31.9345,37652512761.81,198214507.55,19687292,1.86,171337,,,
2020-08-07,11065901,35.6391,36.738,34.4512,35.3619,0.2194,0.62,1.05,398429058,,,81.6558,5.2488,6.8733,31.9613,37684162394.28,190897733.16,19293858,1.82,-393434,,,
2020-08-10,20199990,35.3421,38.8962,35.1639,38.8962,3.5343,9.99,1.91,787768688,,,89.8169,5.7733,7.5603,35.1556,41450468658.21,189709164.43,19760641,1.87,466783,,,
2020-08-11,22408953,39.599,42.1433,38.2032,40.589,1.6928,4.35,2.12,906236272,,,93.7259,6.0246,7.8893,36.6857,43254497709,163456936,21936455,2.07,2175814,,,
2020-08-12,18559973,40.193,41.579,38.3418,40.4603,-0.1287,-0.32,1.76,743627154,,,93.4287,6.0055,7.8643,36.5694,43117349301.63,198150342.29,21036836,1.99,-899619,,,
2020-08-13,13613438,41.282,41.579,38.7081,40.0445,-0.4158,-1.03,1.29,549397158,,,92.4686,5.9438,7.7835,36.1936,42674254447.05,266127761.4,20746337,1.96,-290499,,,
2020-08-14,13220030,39.5693,44.0539,39.4109,44.0539,4.0094,10.01,1.25,561338613,,,101.7269,6.5389,8.5628,39.8174,46946954830.5,262852119,20645913,1.95,-100424,,,
2020-08-17,17240251,44.1034,45.0142,41.6087,43.0244,-1.0295,-2.34,1.63,741656402,,,99.3495,6.3861,8.3627,38.8868,45849767571.54,271736498.22,20147937,1.9,-497976,,,
2020-08-18,11813944,43.3609,43.3609,41.2028,41.381,-1.6434,-3.82,1.12,501113066,,,95.5547,6.1422,8.0432,37.4015,44098487908.2,284461181.6,20046829,1.9,-101108,,,
2020-08-19,8775538,41.5889,41.9453,40.0841,40.4405,-0.9405,-2.27,0.83,364384253,,,93.383,6.0026,7.8604,36.5515,43096249546.65,281808780.95,20520284,1.94,473455,,,
2020-08-20,8712693,39.6386,40.3118,38.7576,39.0348,-1.4057,-3.48,0.83,347233689,,,90.1369,5.7939,7.5872,35.2809,41598166943.07,276555356.79,21250709,2.01,730425,,,
2020-08-21,14592873,39.599,42.8462,39.599,40.3019,1.2671,3.25,1.38,609598802,,,93.063,5.982,7.8335,36.4262,42948551261.79,250379270.63,21860505,2.07,609796,,,
2020-08-24,8723362,41.5097,41.8265,39.5297,41.2424,0.9405,2.33,0.83,359528951,,,95.2347,6.1216,8.0163,37.2762,43950789623.34,257569986.98,21269920,2.01,-590585,,,
2020-08-25,6838434,41.2424,41.6879,40.193,40.5791,-0.6633,-1.61,0.65,282115945,,,93.7031,6.0231,7.8874,36.6767,43243947831.51,245528937.47,21119240,2,-150680,,,
2020-08-26,7344633,41.183,41.2424,38.8665,39.2624,-1.3167,-3.24,0.7,294051120,,,90.6627,5.8277,7.6314,35.4867,41840814125.34,248493110.18,21608162,2.04,488922,,,
2020-08-27,7665358,40.0445,41.381,39.2921,40.7276,1.4652,3.73,0.73,313169075,,,94.046,6.0452,7.9162,36.811,43402195993.86,239843430.74,21446023,2.03,-162139,,,
2020-08-28,7545613,40.886,41.9651,40.4999,41.5394,0.8118,1.99,0.72,314017934,,,95.9205,6.1657,8.074,37.5447,44267285948.04,242268322.44,21430067,2.03,-15956,,,
2020-08-31,7366769,41.579,42.1334,40.589,41.1632,-0.3762,-0.91,0.7,305177961,,,95.0518,6.1098,8.0009,37.2047,43866390603.42,254120064.52,21293738,2.01,-136329,,,
2020-09-01,10975721,41.1632,43.4104,40.6484,42.6284,1.4652,3.56,1.04,467797617,,,98.4351,6.3273,8.2857,38.5289,45427772471.94,258908531.12,21126202,2,-167536,,,
2020-09-02,8289758,42.569,42.9551,41.0642,41.876,-0.7524,-1.77,0.79,350707972,,,96.6977,6.2156,8.1394,37.8489,44625981782.7,264766787.2,21370815,2.02,244613,,,
2020-09-03,8055903,41.5196,41.5196,39.8663,40.3019,-1.5741,-3.76,0.76,329986903,,,93.063,5.982,7.8335,36.4262,42948551261.79,267844546.24,21667721,2.05,296906,,,
2020-09-04,7102139,38.6487,39.599,38.3022,39.2228,-1.0791,-2.68,0.67,279790021,,,90.5712,5.8218,7.6238,35.4509,41798614615.38,260085571.88,21678132,2.05,10411,,,
2020-09-07,14185661,38.6091,39.3119,36.6291,36.837,-2.3858,-6.08,1.34,536815733,,,85.062,5.4677,7.16,33.2945,39256094140.29,276655770.04,22638746,2.14,960614,,,
2020-09-08,6753096,37.4211,37.8171,36.54,37.4706,0.6336,1.72,0.64,254447652,,,86.525,5.5617,7.2832,33.8672,39931286299.65,279127046.2,22694503,2.15,55757,,,
2020-09-09,9994435,36.0648,37.0053,35.0056,36.4113,-1.0593,-2.83,0.95,363560203,,,84.079,5.4045,7.0773,32.9098,38802449408.22,259177070.28,22615446,2.14,-79057,,,
2020-09-10,6246390,36.9954,37.8963,35.649,35.9757,-0.4356,-1.2,0.59,232030986,,,83.0732,5.3399,6.9926,32.5161,38338254798.66,256366981.52,23610915,2.23,995469,,,
2020-09-11,9745675,35.6391,37.9557,35.6391,37.9161,1.9404,5.39,0.92,362694177,,,87.5537,5.6279,7.3698,34.2698,40406030786.7,259408521.4,24296945,2.3,686030,,,
2020-09-14,7295332,37.4805,38.2923,37.035,37.9161,0,0,0.69,277832530,,,87.5537,5.6279,7.3698,34.2698,40406030786.7,261804899.2,24176271,2.29,-120674,,,
2020-09-15,5389706,38.0745,38.9061,37.5201,38.0745,0.1584,0.42,0.51,208140391,,,87.9195,5.6514,7.4005,34.413,40574828826.54,262696535.64,24099783,2.28,-76488,,,
2020-09-16,4183537,38.1636,38.5101,37.0845,37.2429,-0.8316,-2.18,0.4,158616076,,,85.9992,5.5279,7.2389,33.6614,39688639117.38,256880268.08,23874289,2.26,-225494,,,
2020-09-17,13297158,37.5201,40.8761,36.6291,40.3811,3.1382,8.43,1.26,530914308,,,93.2459,5.9937,7.8489,36.4978,43032950281.71,264302129.42,23253088,2.2,-621201,,,
2020-09-18,11908758,40.3217,42.8363,40.094,41.8859,1.5048,3.73,1.13,503654468,,,96.7206,6.2171,8.1414,37.8578,44636531660.19,246167342.58,24586326,2.33,1333238,,,
2020-09-21,11669782,42.3809,42.7175,38.7477,39.0546,-2.8313,-6.76,1.11,475407598,,,90.1826,5.7968,7.591,35.2988,41619266698.05,260027998.1,25385036,2.4,798710,,,
2020-09-22,7428789,38.7081,39.2723,38.124,38.5299,-0.5247,-1.34,0.7,290722999,,,88.971,5.719,7.4891,34.8246,41060123191.08,256383545.56,24968070,2.36,-416966,,,
2020-09-23,7793931,38.718,40.094,37.6983,39.7277,1.1978,3.11,0.74,307753178,,,91.7371,5.8968,7.7219,35.9072,42336658367.37,245767743.19,24792589,2.35,-175481,,,
2020-09-24,5290741,39.599,39.995,38.7378,38.8071,-0.9206,-2.32,0.5,210428622,,,89.6111,5.7601,7.5429,35.0751,41355519760.8,248429603.4,23810551,2.25,-982038,,,
2020-09-25,4475301,39.5495,39.9554,38.5497,38.9655,0.1584,0.41,0.42,176764847,,,89.9769,5.7836,7.5737,35.2183,41524317800.64,246480593.76,23422448,2.22,-388103,,,
2020-09-28,2848641,39.1833,39.5891,38.0151,38.5596,-0.4059,-1.04,0.27,111494758,,,89.0396,5.7234,7.4948,34.8514,41091772823.55,246946325.95,23233600,2.2,-188848,,,
2020-09-29,5628823,38.9457,40.193,38.4309,39.8168,1.2572,3.26,0.53,225142296,,,91.9428,5.91,7.7392,35.9878,42431607264.78,245773028.9,22792890,2.16,-440710,,,
2020-09-30,4573894,39.7475,40.6979,39.3317,39.599,-0.2178,-0.55,0.43,184941491,,,83.361,5.5902,7.1382,33.7227,42199509960,249464550,22556015,2.13,-236875,,,
2020-10-09,7818808,40.8464,42.371,40.391,42.1037,2.5047,6.33,0.74,329255237,,,88.6336,5.9438,7.5897,35.8557,44868628964.97,243062679.12,22091992,2.09,-464023,,,
2020-10-12,8643244,43.0739,43.549,41.48,42.8561,0.7524,1.79,0.82,370179558,,,90.2174,6.05,7.7253,36.4964,45670419654.21,253299883.39,21678575,2.05,-413417,,,
2020-10-13,8670470,42.4304,42.5393,41.1929,42.2126,-0.6435,-1.5,0.82,365131691,,,88.8628,5.9591,7.6093,35.9484,44984677617.36,269949516.24,21678575,2.05,0,,,
2020-10-14,6710467,41.9849,43.2125,41.579,42.3314,0.1188,0.28,0.64,286708754,,,89.1129,5.9759,7.6307,36.0496,45111276147.24,268851209.16,22252801,2.1,574226,,,
2020-10-15,9094852,43.064,44.0539,40.9355,41.2028,-1.1286,-2.67,0.86,390151276,,,86.7371,5.8166,7.4273,35.0885,43908590113.38,268880237.42,22283073,2.11,30272,,,
2020-10-16,8857444,41.5394,41.5691,38.718,39.698,-1.5048,-3.65,0.84,357180711,,,83.5694,5.6042,7.1561,33.807,42305008734.9,284090342.7,22889791,2.16,606718,,,
2020-10-19,6339968,39.5891,40.2326,39.0645,39.3614,-0.3366,-0.85,0.6,252805342,,,82.8608,5.5566,7.0954,33.5204,41946312900.24,278784217.64,22676971,2.14,-212820,,,
2020-10-20,7423566,39.4505,40.49,39.0348,40.391,1.0296,2.62,0.7,297179741,,,85.0282,5.702,7.281,34.3972,43043500159.2,279601074.4,22802322,2.16,125351,,,
2020-10-21,14995456,40.5395,40.7672,37.1835,37.4211,-2.9699,-7.35,1.42,576860534,,,78.7761,5.2827,6.7456,31.868,39878536912.2,275529874.2,22172309,2.1,-630013,,,
2020-10-22,10354016,36.8172,38.7081,36.4311,38.2725,0.8514,2.28,0.98,392388728,,,80.5684,5.4029,6.8991,32.593,40785826376.34,268705315,21599064,2.04,-573245,,,
2020-10-23,4635195,38.1141,38.6982,37.1241,37.6191,-0.6534,-1.71,0.44,177427272,,,79.1929,5.3107,6.7813,32.0366,40089534462,266185327,,,,,,
2020-10-26,4346661,37.1835,38.0745,36.5796,37.7478,0.1287,0.34,0.41,164491186,,,79.4638,5.3288,6.8045,32.1462,40226682869.37,261293253.98,,,,,,
2020-10-27,8039954,37.2132,38.0844,37.0251,37.2231,-0.5247,-1.39,0.76,303740597,,,78.3593,5.2548,6.7099,31.6994,39667539362.4,262597278.6,23326088,2.21,1727024,,,
2020-10-28,9637596,37.3914,38.0151,36.54,37.827,0.6039,1.62,0.91,363069851,,,79.6306,5.34,6.8188,32.2136,40311081889.29,271561779.46,23761576,2.25,435488,,,
2020-10-29,6902664,36.9459,38.1636,36.6786,37.5993,-0.2277,-0.6,0.65,261820166,,,79.1512,5.3079,6.7777,32.0197,40068434707.02,291135155.48,24071402,2.28,309826,,,
2020-10-30,11876127,37.629,38.8071,37.0251,37.9062,0.3069,0.82,1.13,455994147,,,79.7973,5.3512,6.8331,32.2811,40395480909.21,283508710.83,23457416,2.22,-613986,,,
2020-11-02,17510150,37.1241,37.4211,34.5304,35.5104,-2.3958,-6.32,1.66,633896302,,,74.754,5.013,6.4012,30.2409,37842410556.63,288792075.36,24561050,2.32,1103634,,,
2020-11-03,8835202,36.3816,36.7974,35.5005,36.2232,0.7128,2.01,0.84,321517670,,,76.2544,5.1136,6.5297,30.8479,38602001735.91,281907395.61,24391659,2.31,-169391,,,
2020-11-04,15565636,36.5697,38.5497,35.3916,36.1341,-0.0891,-0.25,1.48,579078858,,,76.0669,5.101,6.5136,30.772,38507052838.5,298245635,23312023,2.2,-1079636,,,
2020-11-05,17062411,36.9558,39.0546,36.738,38.6784,2.5443,7.04,1.62,654149589,,,81.4228,5.4602,6.9722,32.9387,41218371353.43,276166191.23,24840516,2.35,1528493,,,
2020-11-06,17258397,39.9653,40.1732,36.5103,37.0449,-1.6335,-4.22,1.64,658425433,,,77.9842,5.2296,6.6778,31.5476,39477641567.58,286744889.38,24431306,2.31,-409210,,,
2020-11-09,15921167,37.2726,40.0445,37.2528,39.7475,2.7026,7.3,1.51,623991549,,,83.6736,5.6111,7.165,33.8492,42357758122.35,277145716.35,26261404,2.48,1830098,,,
2020-11-10,10296488,39.7673,39.797,37.7181,39.2426,-0.5049,-1.27,0.98,403047176,,,82.6107,5.5399,7.074,33.4192,41819714370.36,278249717.96,25708435,2.43,-552969,,,
2020-11-11,6639174,39.1041,39.5792,37.7379,37.7379,-1.5047,-3.83,0.63,257838823,,,79.443,5.3274,6.8027,32.1378,40216132991.88,282272643.36,25405723,2.4,-302712,,,
2020-11-12,4017348,37.9656,38.3517,37.2627,37.5399,-0.198,-0.52,0.38,153174374,,,79.0262,5.2995,6.767,31.9691,40005135442.08,282394775.76,25458679,2.41,52956,,,
2020-11-13,6966542,37.7082,38.0646,36.4311,36.8568,-0.6831,-1.82,0.66,260196494,,,77.5882,5.2031,6.6439,31.3874,39277193895.27,283373731.19,24358754,2.3,-1099925,,,
2020-11-16,9424767,36.5301,36.7776,35.2035,35.8173,-1.0395,-2.82,0.89,339485629,,,75.4,5.0563,6.4565,30.5022,38169456758.82,295648805.78,23751176,2.25,-607578,,,
2020-11-17,11566993,35.8173,36.1836,33.8572,34.4908,-1.3265,-3.7,1.1,406955305,,,72.6074,4.869,6.2174,29.3725,36755773175.16,305950665.64,22257721,2.1,-1493455,,,
2020-11-18,11704950,35.1639,35.1639,33.184,33.4117,-1.0791,-3.13,1.11,399326110,,,70.3358,4.7167,6.0229,28.4536,35605836528.75,305393229.25,21993996,2.08,-263725,,,
2020-11-19,7583918,33.6097,34.3225,32.6791,34.0255,0.6138,1.84,0.72,258945891,,,71.6279,4.8034,6.1335,28.9763,36259928933.13,304219046.32,21812417,2.06,-181579,,,
2020-11-20,8503314,33.8077,35.1144,33.6592,34.4512,0.4257,1.25,0.81,296171469,,,72.524,4.8635,6.2102,29.3388,36713573665.2,288262346.8,21808059,2.06,-4358,,,
2020-11-23,9232829,34.6591,34.768,34.0651,34.5799,0.1287,0.37,0.88,321773268,,,72.795,4.8816,6.2334,29.4484,36850722072.57,279629391,21949765,2.08,141706,,,
2020-11-24,10879350,34.471,35.4609,33.8077,33.976,-0.6039,-1.75,1.03,379428242,,,71.5237,4.7964,6.1246,28.9341,36207179545.68,279156760,21191273,2,-758492,,,
2020-11-25,9584255,34.2235,34.2235,32.8573,32.9167,-1.0593,-3.12,0.91,323371590,,,69.2938,4.6468,5.9336,28.032,35078342654.25,281232228,21421775,2.03,230502,,,
2020-11-26,8251060,32.9068,33.3523,31.7287,32.1742,-0.7425,-2.26,0.78,268633823,,,67.7308,4.542,5.7998,27.3997,34287101842.5,285413029,21092501,1.99,-329274,,,
2020-11-27,7752849,32.0059,32.6197,31.6,32.5009,0.3267,1.02,0.73,252474402,,,68.4185,4.5881,5.8587,27.6779,34635247799.67,281963622,21232045,2.01,139544,,,
2020-11-30,9452542,32.5504,32.6692,30.8972,32.293,-0.2079,-0.64,0.9,305757379,,,67.9809,4.5588,5.8212,27.5009,34413700372.38,274853941,21541345,2.04,309300,,,
2020-12-01,8151366,32.1445,33.3622,31.798,33.2632,0.9702,3,0.77,271412579,,,70.0232,4.6958,5.9961,28.3271,35447588366.4,281766387,21739954,2.06,198609,,,
2020-12-02,14323840,34.1542,35.0452,33.58,34.3522,1.089,3.27,1.36,496037293,,,72.3156,4.8495,6.1924,29.2545,36608074890.3,299764389.7,20874503,1.97,-865451,,,
2020-12-03,18581562,34.7383,36.6984,34.2532,34.6789,0.3267,0.95,1.76,662003824,,,73.0034,4.8956,6.2513,29.5327,36956220847.47,290586514.31,19385204,1.83,-1489299,,,
2020-12-04,10924390,34.5007,35.8965,33.7681,35.5203,0.8414,2.43,1.04,389547505,,,74.7748,5.0144,6.403,30.2493,37852960434.12,289143594.72,20002578,1.89,617374,,,
2020-12-07,20885867,36.9855,38.1141,36.3816,36.8073,1.287,3.62,1.98,786087974,,,77.484,5.1961,6.635,31.3453,39224444507.82,298608747.92,21242673,2.01,1240095,,,
2020-12-08,15329264,37.3221,38.718,37.2231,38.1537,1.3464,3.66,1.45,590393105,,,80.3183,5.3861,6.8777,32.4918,40659227846.46,290556177.18,21364393,2.02,121720,,,
2020-12-09,14883933,38.0943,39.7871,38.0943,38.3319,0.1782,0.47,1.41,588272536,,,80.6934,5.4113,6.9098,32.6436,40849125641.28,269118405.24,22018541,2.08,654148,,,
2020-12-10,9177132,38.3319,38.8071,37.4706,37.728,-0.6039,-1.58,0.87,351110677,,,79.4222,5.326,6.8009,32.1293,40205583114.39,274167081.37,22436113,2.12,417572,,,
2020-12-11,12489192,37.9062,38.2131,35.9163,36.3915,-1.3365,-3.54,1.18,463551807,,,76.6087,5.1374,6.56,30.9912,38781349653.24,261176528.12,23643700,2.24,1207587,,,
2020-12-14,11759295,36.5103,38.6091,36.4311,38.025,1.6335,4.49,1.11,448241009,,,80.0474,5.368,6.8545,32.3823,40522079439.09,242939665.92,23657250,2.24,13550,,,
2020-12-15,9893443,38.1834,39.1239,38.0151,39.0546,1.0296,2.71,0.94,386901644,,,82.2148,5.5133,7.0401,33.259,41619266698.05,239076507.15,23767592,2.25,110342,,,
2020-12-16,6400321,39.0051,39.3218,38.2923,38.9556,-0.099,-0.25,0.61,251338990,,,82.0064,5.4993,7.0222,33.1747,41513767923.15,247779522.45,23507027,2.22,-260565,,,
2020-12-17,5578034,38.6091,38.9556,38.0052,38.6586,-0.297,-0.76,0.53,216575309,,,81.3811,5.4574,6.9687,32.9218,41197271598.45,248731669.55,23471658,2.22,-35369,,,
2020-12-18,7412501,38.9556,39.3713,38.3814,38.9259,0.2673,0.69,0.7,291339599,,,81.9438,5.4951,7.0169,33.1494,41482118290.68,234145461.04,,,,,,
2020-12-21,10619825,39.1635,41.084,39.0051,40.8563,1.9304,4.96,1.01,432801584,,,86.0077,5.7677,7.3648,34.7934,43539344401.23,231816863.94,23384270,2.21,-87388,,,
2020-12-22,10893680,40.49,40.8761,39.0645,39.1536,-1.7027,-4.17,1.03,435673957,,,82.4232,5.5273,7.0579,33.3433,41724765472.95,192038999.1,22989365,2.17,-394905,,,
2020-12-23,11066633,39.0249,40.3712,38.7774,39.4604,0.3068,0.78,1.05,442681258,,,83.0692,5.5706,7.1132,33.6047,42051811675.14,178899419.92,23440745,2.22,451380,,,
2020-12-24,6208216,39.599,40.6781,39.2921,39.5198,0.0594,0.15,0.59,251087895,,,83.1942,5.579,7.1239,33.6553,42115110940.08,181478399.08,,,,,,
2020-12-25,6943875,39.8069,40.7276,38.8665,39.2525,-0.2673,-0.68,0.66,278134454,,,82.6316,5.5413,7.0758,33.4277,41830264247.85,186609580.85,,,,,,
2020-12-28,12505922,39.896,39.9059,37.9161,38.4903,-0.7622,-1.94,1.19,487361101,,,81.0269,5.4337,6.9383,32.7785,41017923681.12,187114349.72,24820542,2.35,1379797,,,
2020-12-29,11113342,38.3715,38.3715,37.035,37.2924,-1.1979,-3.11,1.05,421557369,,,78.5052,5.2646,6.7224,31.7584,39741388504.83,179138695.98,25605617,2.42,785075,,,
2020-12-30,8998622,37.3221,38.7576,37.1142,38.2527,0.9603,2.58,0.85,346480921,,,80.5267,5.4001,6.8955,32.5762,40764726621.36,178830143.16,25826317,2.44,220700,,,
2020-12-31,11601794,38.7081,38.7675,36.9558,38.0448,-0.2079,-0.54,1.1,440836061,,,64.5386,5.2065,6.2268,36.0805,40543179194.07,188576365.42,25858056,2.45,31739,,,
2021-01-04,3292772,41.8463,41.8463,41.8463,41.8463,3.8015,9.99,0.31,139185472,,,70.9874,5.7268,6.849,39.6858,44594332150.23,178436729.38,25803015,2.44,-55041,,,
2021-01-05,39561769,44.7469,46.0339,43.6084,45.6577,3.8114,9.11,3.75,1796995709,,,77.453,6.2484,7.4728,43.3004,48656034983.88,213850845.28,27471976,2.6,1668961,,,
2021-01-06,18175181,44.4895,45.7468,43.7569,44.5192,-1.1385,-2.49,1.72,818976866,,,75.5217,6.0926,7.2865,42.2207,47442799072.53,222441329.54,27287471,2.58,-184505,,,
2021-01-07,15307745,45.3607,45.4399,43.8559,44.7766,0.2574,0.58,1.45,689175505,,,75.9583,6.1278,7.3286,42.4648,47717095887.27,215961766.32,27587173,2.61,299702,,,
2021-01-08,21870364,45.7369,46.6972,43.163,44.2123,-0.5643,-1.26,2.07,994916703,,,75.0011,6.0506,7.2362,41.9297,47115752870.34,237991091.44,28291796,2.68,704623,,,
2021-01-11,19800009,44.1529,47.3407,44.1529,45.3904,1.1781,2.66,1.88,918306138,,,76.9996,6.2118,7.429,43.0469,48371188291.65,200453678.4,28629644,2.71,337848,,,
2021-01-12,12016087,45.2914,46.4893,43.6777,46.1329,0.7425,1.64,1.14,552706000,,,78.2591,6.3134,7.5506,43.7511,49162429103.4,217806665,28041933,2.65,-587711,,,
2021-01-13,17266351,46.3012,47.9346,44.7964,45.331,-0.8019,-1.74,1.64,806983216,,,76.8988,6.2037,7.4193,42.9906,48307889026.71,230923178.55,27086443,2.56,-955490,,,
2021-01-14,16038893,44.2123,45.4399,42.2522,42.8858,-2.4452,-5.39,1.52,703758928,,,72.7507,5.869,7.0191,40.6716,45702069286.68,207502299.64,28607259,2.71,1520816,,,
2021-01-15,9776282,43.2125,44.0539,41.7671,42.8165,-0.0693,-0.16,0.93,423508316,,,72.6332,5.8595,7.0078,40.6059,45628220144.25,186308746.5,28442184,2.69,-165075,,,
2021-01-18,15761016,44.0539,46.6378,44.0539,46.3309,3.5144,8.21,1.49,729117288,,,78.595,6.3405,7.583,43.9388,49373426653.2,222195862.6,28633564,2.71,191380,,,
2021-01-19,14773847,47.1229,47.8455,45.8656,46.3903,0.0594,0.13,1.4,700572871,,,78.6957,6.3486,7.5927,43.9952,49436725918.14,222601463.92,29046443,2.75,412879,,,
2021-01-20,17669261,47.1229,50.1225,47.0239,49.479,3.0887,6.66,1.67,865190582,,,83.9354,6.7713,8.0982,46.9244,52728287695.02,224748269.56,29141268,2.76,94825,,,
2021-01-21,15891019,49.4493,50.3601,48.3999,49.4691,-0.0099,-0.02,1.51,793352578,,,83.9186,6.77,8.0966,46.915,52717737817.53,241580816.99,30789931,2.91,1648663,,,
2021-01-22,14767824,49.8453,51.9242,49.8453,51.4788,2.0097,4.06,1.4,763079589,,,87.3277,7.045,8.4255,48.8209,54859362948,231700605,31006530,2.93,216599,,,
2021-01-25,14713128,51.7262,52.0826,48.9939,49.5384,-1.9404,-3.77,1.39,748760866,,,84.0362,6.7795,8.1079,46.9807,52791586959.96,215866923.68,33086835,3.13,2080305,,,
2021-01-26,11235212,49.3503,49.7958,47.4891,48.0732,-1.4652,-2.96,1.06,548097340,,,81.5507,6.5789,7.8681,45.5912,51230205091.44,206957422.52,32330250,3.06,-756585,,,
2021-01-27,9621582,48.3009,48.4296,46.3309,47.0734,-0.9998,-2.08,0.91,457428701,,,79.8545,6.4421,7.7045,44.643,50164667464.95,206815666.65,32822651,3.11,492401,,,
2021-01-28,13930659,46.5487,46.5487,43.3313,43.7074,-3.366,-7.15,1.32,629437208,,,74.1446,5.9815,7.1536,41.4508,46577709118.35,212288460.4,32024247,3.03,-798404,,,
2021-01-29,12866877,44.143,45.2617,42.4502,43.163,-0.5444,-1.25,1.22,569812490,,,73.221,5.907,7.0645,40.9345,45997465856.4,229132121.2,30820896,2.92,-1203351,,,
2021-02-01,13071654,43.163,45.9844,42.3116,45.4894,2.3264,5.39,1.24,591785487,,,77.1675,6.2253,7.4452,43.1408,48476687066.55,224777299.4,31174927,2.95,354031,,,
2021-02-02,11854573,45.8656,47.3209,44.6083,46.4794,0.99,2.18,1.12,553016593,,,78.8469,6.3608,7.6073,44.0797,49531674815.55,213636309.4,31200302,2.95,25375,,,
2021-02-03,9372600,46.4893,46.8061,44.9944,45.2815,-1.1979,-2.58,0.89,432415661,,,76.8148,6.1969,7.4112,42.9436,48255139639.26,215108598.88,31337278,2.97,136976,,,
2021-02-04,14421980,45.0439,45.3508,42.569,42.9848,-2.2967,-5.07,1.37,631405248,,,72.9187,5.8826,7.0353,40.7655,45807568061.58,217459571.24,32680154,3.09,1342876,,,
2021-02-05,11045326,43.549,44.5489,41.5592,41.7968,-1.188,-2.76,1.05,475039048,,,70.9034,5.72,6.8409,39.6388,44541582762.78,217372282.64,33409357,3.16,729203,,,
2021-02-08,10182278,42.5492,42.6482,40.8662,42.47,0.6732,1.61,0.97,432278559,,,72.0454,5.8121,6.9511,40.2773,45258974432.1,219406347.8,32651680,3.09,-757677,,,
2021-02-09,8169554,42.2522,43.3313,42.074,42.7472,0.2772,0.65,0.77,352848205,,,72.5156,5.8501,6.9964,40.5401,45554371001.82,216628902.16,32269851,3.05,-381829,,,
2021-02-10,7267332,43.0541,43.9351,41.6681,43.3016,0.5544,1.3,0.69,315466820,,,73.4561,5.9259,7.0872,41.0659,46145164141.26,216778315.72,31494309,2.98,-775542,,,
2021-02-18,10639868,44.3212,44.3212,41.6186,42.272,-1.0296,-2.38,1.01,457785939,,,71.7095,5.785,6.9186,40.0895,45047976882.3,214890445.3,31469194,2.98,-25115,,,
2021-02-19,7036092,43.2125,43.2125,41.1236,41.7572,-0.5148,-1.22,0.67,297050974,,,70.8362,5.7146,6.8344,39.6013,44499383252.82,216139458.82,30810130,2.92,-659064,,,
2021-02-22,11370605,41.7473,42.7967,40.4009,40.6583,-1.0989,-2.63,1.08,474370760,,,68.9721,5.5642,6.6545,38.5591,43328346851.43,228384224.93,30971968,2.93,161838,,,
2021-02-23,7195081,39.7772,41.381,39.599,40.2623,-0.396,-0.97,0.68,295375313,,,71.347,4.5903,6.8837,39.8868,44820234083.24,231506138.33,30467339,2.88,-504629,,,
2021-02-24,10860696,40.094,41.0147,38.8368,39.5891,-0.6732,-1.67,1.03,436391495,,,70.1541,4.5136,6.7686,39.2199,44070842414.28,211205803.01,30098392,2.85,-368947,,,
2021-02-25,14317332,41.2127,41.579,39.3911,39.797,0.2079,0.53,1.36,582290680,,,70.5225,4.5373,6.8041,39.4259,44302272194.4,221145632.8,31022187,2.94,923795,,,
2021-02-26,16505368,38.8071,39.0942,36.6093,36.9855,-2.8115,-7.06,1.56,626877935,,,65.5403,4.2167,6.3234,36.6406,41172459929.92,223260378.44,31633411,2.99,611224,,,
2021-03-01,14654275,37.3122,39.1833,37.3122,38.7873,1.8018,4.87,1.39,570807623,,,68.7331,4.4221,6.6315,38.4255,43178184690.96,204943023.72,31919951,3.02,286540,,,
2021-03-02,13350711,39.1041,40.1732,38.8071,39.7772,0.9899,2.55,1.27,533267540,,,70.4874,4.535,6.8007,39.4062,44280231262.96,226924902.72,31611515,2.99,-308436,,,
2021-03-03,17418456,38.8368,39.2822,37.4508,38.6982,-1.079,-2.71,1.65,672464729,,,68.5752,4.412,6.6162,38.3372,43079000499.48,304162537.08,31415208,2.97,-196307,,,
2021-03-04,14219762,38.1042,38.1042,34.867,35.0848,-3.6134,-9.34,1.35,515388162,,,62.172,4,5.9985,34.7575,39056530511.68,309154571.28,30712679,2.91,-702529,,,
2021-03-05,14309147,34.5502,36.2331,33.8671,35.4312,0.3464,0.99,1.36,506746518,,,62.786,4.0395,6.0577,35.1008,39442246811.88,308301850.48,30385005,2.88,-327674,,,
2021-03-08,9784092,35.649,35.8173,33.0751,33.1048,-2.3264,-6.57,0.93,337534551,,,58.6635,3.7743,5.6599,32.796,36852437367.68,309117232.28,29788096,2.82,-596909,,,
2021-03-09,13239314,33.0652,33.4612,31.303,32.0455,-1.0593,-3.2,1.25,433838964,,,56.7864,3.6535,5.4788,31.7466,35673247535.64,304468821.44,30281241,2.87,493145,,,
2021-03-10,15164026,33.4711,35.2431,33.0652,33.4612,1.4157,4.42,1.44,520707415,,,59.295,3.8149,5.7209,33.1491,37249174133.6,297544254.6,30036663,2.84,-244578,,,
2021-03-11,10448713,34.273,34.471,32.9068,34.3819,0.9207,2.75,0.99,356878861,,,60.9265,3.9199,5.8783,34.0612,38274077445.56,297550585.76,29364439,2.78,-672224,,,
2021-03-12,10052232,34.8967,35.0353,33.2929,33.8473,-0.5346,-1.55,0.95,345101650,,,59.9792,3.8589,5.7869,33.5316,37678972296.68,291418671.28,29363192,2.78,-1247,,,
2021-03-15,14953242,33.5899,33.6493,31.4812,31.8871,-1.9602,-5.79,1.42,487629364,,,56.5057,3.6354,5.4518,31.5897,35496920084.12,293458081.52,30369193,2.87,1006001,,,
2021-03-16,7243377,32.6197,32.8573,31.6891,31.9168,0.0297,0.09,0.69,235025767,,,56.5583,3.6388,5.4568,31.6191,35529981481.28,294443170.88,30678159,2.9,308966,,,
2021-03-17,11005202,32.2138,34.1344,31.2931,33.8275,1.9107,5.99,1.04,369558425,,,59.9441,3.8567,5.7835,33.512,37656931365.24,295019003.04,30257761,2.86,-420398,,,
2021-03-18,12871831,34.1344,36.1638,33.8176,34.6492,0.8217,2.43,1.22,454548827,,,61.4002,3.9503,5.924,34.326,38571630020,295116515,29437772,2.79,-819989,,,
2021-03-19,9698049,33.4612,34.3522,32.1643,32.5603,-2.0889,-6.03,0.92,324260549,,,57.6986,3.7122,5.5669,32.2566,36246311753.08,289673371.68,28986951,2.74,-450821,,,
2021-03-22,6473091,32.6692,33.2434,31.996,32.9266,0.3663,1.12,0.61,214078667,,,58.3477,3.754,5.6295,32.6195,36654068984.72,294197877.12,28431901,2.69,-555050,,,
2021-03-23,8472555,32.9068,32.9266,31.1941,31.6099,-1.3167,-4,0.8,272744796,,,56.0145,3.6038,5.4044,31.3151,35188347043.96,295362645.16,28114959,2.66,-316942,,,
2021-03-24,9103688,31.3822,32.0653,30.0458,30.3626,-1.2473,-3.95,0.86,282948677,,,53.8041,3.4616,5.1911,30.0794,33799768363.24,290418182.04,28289821,2.68,174862,,,
2021-03-25,9161296,30.0458,30.8873,29.3033,30.5507,0.1881,0.62,0.87,279528572,,,54.1374,3.4831,5.2233,30.2657,34009157211.92,287569676.32,28488306,2.7,198485,,,
2021-03-26,12946898,30.6893,33.3721,30.6893,32.9068,2.3561,7.71,1.23,422077695,,,58.3126,3.7517,5.6261,32.5999,36632028053.28,274455516.88,27721238,2.62,-767068,,,
2021-03-29,9502296,33.2731,33.8572,32.6692,33.0157,0.1089,0.33,0.9,318561263,,,58.5056,3.7641,5.6447,32.7078,36753253176.2,272890849.2,26618991,2.52,-1102247,,,
2021-03-30,6729731,33.4117,33.8275,32.9266,33.4117,0.396,1.2,0.64,227021918,,,59.2073,3.8093,5.7124,33.1001,37194071805,269810762,26262207,2.48,-356784,,,
2021-03-31,7313318,33.9661,33.9661,32.3821,33.1048,-0.3069,-0.92,0.69,242716341,,,48.4548,3.6813,4.768,30.7962,36852437367.68,265418402.08,25504875,2.41,-757332,,,
2021-04-01,7594005,33.5602,34.2037,32.5801,32.8672,-0.2376,-0.72,0.72,255063203,,,48.107,3.6549,4.7338,30.5752,36587946190.4,260335879.4,,,,,,
2021-04-02,5374340,32.7484,33.4315,32.6692,33.085,0.2178,0.66,0.51,179521560,,,48.4258,3.6791,4.7651,30.7778,36830396436.24,263054378.94,,,,,,
2021-04-06,27027447,35.5797,36.3915,34.5502,34.9561,1.8711,5.66,2.56,972472633,,,51.1644,3.8872,5.0346,32.5184,38913264457.32,278452781.67,,,,,,
2021-04-07,20098101,34.966,34.966,32.6494,33.9562,-0.9999,-2.86,1.91,678737959,,,49.7009,3.776,4.8906,31.5882,37800197419.6,285342233.2,23478764,2.22,-2026111,,,
2021-04-08,10204474,33.3622,33.8473,32.5999,33.0751,-0.8811,-2.59,0.97,343264082,,,48.4113,3.678,4.7637,30.7686,36819375970.52,282148296.04,23795986,2.25,317222,,,
2021-04-09,11273546,33.0652,33.3424,31.4317,32.3326,-0.7425,-2.24,1.07,365309758,,,47.3245,3.5954,4.6568,30.0779,35992841041.52,284359705.04,23252420,2.2,-543566,,,
2021-04-12,6898779,32.3326,32.4514,31.4416,31.5505,-0.7821,-2.42,0.65,221700498,,,46.1798,3.5085,4.5441,29.3503,35122224249.64,281620250.28,23065476,2.18,-186944,,,
2021-04-13,7732529,31.4416,31.7386,30.8774,30.8972,-0.6533,-2.07,0.73,243952389,,,45.2235,3.4358,4.45,28.7425,34394873512.12,280991421.34,23031453,2.18,-34023,,,
2021-04-14,14097330,31.2139,33.4216,31.2139,33.1543,2.2571,7.31,1.34,463234227,,,48.5272,3.6868,4.7751,30.8423,36907539696.28,272502935.61,23776319,2.25,744866,,,
2021-04-15,12287857,33.0652,34.372,32.6989,34.2532,1.0989,3.31,1.16,419040790,,,50.1356,3.809,4.9334,31.8645,38130811391.2,275650896.2,23959630,2.27,183311,,,
2021-04-16,8513577,34.1938,34.3522,33.1246,34.1245,-0.1287,-0.38,0.81,291247582,,,49.9472,3.7947,4.9148,31.7448,37987545336.84,277002038.94,23038097,2.18,-921533,,,
2021-04-19,13654119,34.0453,36.4014,33.8968,36.045,1.9205,5.63,1.29,488771129,,,52.7583,4.0082,5.1914,33.5314,40125515686.52,286547469.82,21680267,2.05,-1357830,,,
2021-04-20,14688805,36.0846,37.8171,35.5599,35.7876,-0.2574,-0.71,1.39,540299171,,,52.3816,3.9796,5.1544,33.292,39838983577.8,270482580.3,20759897,1.96,-920370,,,
2021-04-21,9449926,35.3421,36.8667,35.0749,36.4707,0.6831,1.91,0.9,344872241,,,53.3814,4.0556,5.2528,33.9274,40599395712.48,274149052.68,21284424,2.01,524527,,,
2021-04-22,5831251,36.6291,36.8172,35.8371,36.3123,-0.1584,-0.43,0.55,213431462,,,53.1495,4.038,5.2299,33.7801,40423068260.96,269600225.36,21555394,2.04,270970,,,
2021-04-23,7711402,36.243,36.4212,35.7579,36.0846,-0.2277,-0.63,0.73,280638107,,,52.8163,4.0126,5.1971,33.5682,40169597549.4,264464991.9,22031300,2.08,475906,,,
2021-04-26,20336037,35.8371,35.9955,34.0057,34.1047,-1.9799,-5.49,1.93,713560216,,,49.9183,3.7925,4.912,31.7264,37965504405.4,255848168.9,24002843,2.27,1971543,,,
2021-04-27,10267560,34.2037,35.2431,34.174,34.9462,0.8415,2.47,0.97,360903978,,,51.1499,3.8861,5.0332,32.5092,38902243991.6,250846578.6,24482667,2.32,479824,,,
2021-04-28,8112555,35.0452,35.1936,34.2037,34.57,-0.3762,-1.08,0.77,283698470,,,50.5993,3.8442,4.979,32.1592,38483466294.24,253869972.84,24772011,2.34,289344,,,
2021-04-29,5165664,34.7185,34.8967,33.9958,34.075,-0.495,-1.43,0.49,179124151,,,49.8748,3.7892,4.9077,31.6987,37932443008.24,255333177.84,24694782,2.34,-77229,,,
2021-04-30,9153759,33.8275,34.4809,33.1642,33.5602,-0.5148,-1.51,0.87,311823071,,,49.1213,3.7319,4.8336,31.2198,37359378790.8,236550992.8,24918042,2.36,223260,,,
2021-05-06,10515690,33.4612,34.7482,32.8969,34.3522,0.792,2.36,1,362290405,,,50.2805,3.82,4.9476,31.9566,38241016048.4,235175385.4,24657716,2.33,-260326,,,
2021-05-07,10915272,34.0354,34.2334,32.3128,32.6494,-1.7028,-4.96,1.03,365033722,,,47.7882,3.6306,4.7024,30.3726,36345495944.56,245676738.16,24506549,2.32,-151167,,,
2021-05-10,16290199,32.1049,32.5999,30.4022,30.6695,-1.9799,-6.06,1.54,513775395,,,44.8902,3.4105,4.4172,28.5307,34141402800.56,248825027.16,25486894,2.41,980345,,,
2021-05-11,15612551,29.4716,30.8675,28.9766,29.3924,-1.2771,-4.16,1.48,465127225,,,43.021,3.2685,4.2333,27.3427,32719762722.68,247967910.98,26281554,2.49,794660,,,
2021-05-12,31691322,28.9964,29.4617,26.6106,27.0362,-2.3562,-8.02,3,872230467,,,39.5724,3.0065,3.8939,25.1509,30096891881.32,268028342.02,28909698,2.74,2628144,,,
2021-05-13,21283883,27.2045,28.1252,27.2045,27.4421,0.4059,1.5,2.02,593100738,,,40.1664,3.0516,3.9524,25.5284,30548730975.84,285271450.24,27218659,2.57,-1691039,,,
2021-05-14,13173505,26.9273,27.9965,26.9174,27.848,0.4059,1.48,1.25,367650255,,,40.7605,3.0967,4.0109,25.906,31000570070.36,279729563.46,28055891,2.65,837232,,,
2021-05-17,19075807,27.848,30.6299,27.848,30.6299,2.7819,9.99,1.81,579225194,,,44.8322,3.4061,4.4115,28.4939,34097320937.68,276231276.48,27776926,2.63,-278965,,,
2021-05-18,15097388,30.6299,31.3921,29.8478,30.8576,0.2277,0.74,1.43,467383009,,,45.1655,3.4314,4.4443,28.7057,34350791649.24,284652213.14,,,,,,
2021-05-19,8284892,30.7784,31.6792,30.0161,31.2634,0.4058,1.32,0.79,259108649,,,45.7596,3.4765,4.5028,29.0833,34802630743.76,286334062.36,,,,,,
2021-05-20,16212073,31.1743,33.1543,31.1644,31.8871,0.6237,1.99,1.54,531211610,,,46.6725,3.5459,4.5926,29.6635,35496920084.12,286461801.82,28236607,2.67,459681,,,
2021-05-21,10602080,32.4316,32.4316,30.9763,31.0654,-0.8217,-2.58,1,336210487,,,45.4698,3.4545,4.4743,28.8991,34582221429.36,292878205.96,28988922,2.74,752315,,,
2021-05-24,13080322,31.1644,33.0355,31.1644,32.7979,1.7325,5.58,1.24,425530938,,,48.0056,3.6472,4.7238,30.5107,36510802930.36,279190110.46,28973243,2.74,-15679,,,
2021-05-25,11927469,32.6197,33.3226,32.2633,33.0949,0.297,0.91,1.13,394638934,,,48.4403,3.6802,4.7665,30.787,36841416901.96,284997410.06,27859215,2.64,-1114028,,,
2021-05-26,8211935,33.4362,33.884,32.849,33.6352,0.5403,1.63,0.78,275397260,,,48.9764,3.7927,4.8193,31.1277,37249174133.6,281370930.6,26822189,2.54,-1037026,,,
2021-05-27,7946533,33.8342,34.6005,33.2371,34.0233,0.3881,1.15,0.75,272384015,,,49.5415,3.8365,4.8749,31.4869,37678972296.68,271871017.43,27443517,2.6,621328,,,
2021-05-28,20539901,34.491,37.4167,34.491,36.6305,2.6072,7.66,1.95,751189268,,,53.3379,4.1305,5.2485,33.8998,40566334315.32,309926623.98,27174267,2.57,-269250,,,
2021-05-31,17444091,36.6305,39.0885,36.4812,38.2824,1.6519,4.51,1.65,672580599,,,55.7433,4.3168,5.4852,35.4285,42395731624.84,415743723.94,26365268,2.49,-808999,,,
2021-06-01,14196883,37.7849,39.586,36.8992,38.6805,0.3981,1.04,1.35,547962995,,,56.3229,4.3616,5.5422,35.7969,42836550253.64,450582464.74,26405696,2.5,40428,,,
2021-06-02,9442451,38.7004,39.5761,38.2824,38.7103,0.0298,0.08,0.9,368053515,,,56.3663,4.365,5.5465,35.8245,42869611650.8,479748247.8,26633411,2.52,227715,,,
2021-06-03,7533454,39.0586,39.188,37.9341,38.1331,-0.5772,-1.49,0.71,291032117,,,55.5259,4.2999,5.4638,35.2904,42230424639.04,487021679.04,27241327,2.58,607916,,,
2021-06-04,18982652,36.9689,37.7251,35.8245,37.138,-0.9951,-2.61,1.8,704779534,,,54.0769,4.1877,5.3212,34.3695,41128378067.04,442205280.04,29393021,2.78,2151694,,,
2021-06-07,10285310,38.3123,38.3521,35.9041,36.8196,-0.3184,-0.86,0.97,378092712,,,53.6132,4.1518,5.2756,34.0748,40775723164,444195317,30047254,2.84,654233,,,
2021-06-08,11400244,36.8494,38.9093,36.332,37.5062,0.6866,1.86,1.08,432063296,,,54.613,4.2292,5.3739,34.7102,41536135298.68,438683252.19,30128812,2.85,81558,,,
2021-06-09,12284932,37.9938,39.6855,37.6356,38.6108,1.1046,2.95,1.16,478175628,,,56.2214,4.3538,5.5322,35.7324,42759406993.6,443031856,29988922,2.84,-139890,,,
2021-06-10,12337736,38.1331,40.0637,37.8943,39.8448,1.234,3.2,1.17,489109857,,,58.0182,4.4929,5.709,36.8744,44125944742.88,436392609.4,29983416,2.84,-5506,,,
2021-06-11,11603580,40.402,40.6707,39.0885,39.4368,-0.408,-1.02,1.1,462397901,,,57.4241,4.4469,5.6506,36.4968,43674105648.36,443500100.3,30105404,2.85,121988,,,
2021-06-15,8935075,39.7054,40.5712,39.3571,39.8448,0.408,1.03,0.85,359097435,,,58.0182,4.4929,5.709,36.8744,44125944742.88,448112039.4,28890102,2.73,-1215302,,,
2021-06-16,12917771,39.805,39.8149,38.2625,38.4814,-1.3634,-3.42,1.22,503083394,,,56.0331,4.3392,5.5137,35.6127,42616140939.24,404270660.4,28833955,2.73,-56147,,,
2021-06-17,7127643,38.4814,39.1084,37.8943,38.4118,-0.0696,-0.18,0.68,275750307,,,55.9316,4.3313,5.5037,35.5483,42538997679.2,397008222.6,29572074,2.8,738119,,,
2021-06-18,9230823,38.4118,40.3025,38.2128,39.805,1.3932,3.63,0.87,366671967,,,57.9602,4.4884,5.7033,36.8376,44081862880,396061429,29873440,2.83,301366,,,
2021-06-21,8953166,39.9045,40.203,38.7103,39.805,0,0,0.85,356150850,,,57.9602,4.4884,5.7033,36.8376,44081862880,423392328,29606421,2.8,-267019,,,
2021-06-22,14228470,39.7353,41.9146,39.0686,41.2678,1.4628,3.67,1.35,585151713,,,60.0903,4.6534,5.9129,38.1914,45701871340.84,502682269.4,27974190,2.65,-1632231,,,
2021-06-23,14165680,40.8598,43.5566,40.2926,42.3027,1.0349,2.51,1.34,599308879,,,61.5972,4.7701,6.0612,39.1491,46847999775.72,543794012.2,26347382,2.49,-1626808,,,
2021-06-24,12679711,41.7952,42.6411,39.6059,39.9741,-2.3286,-5.5,1.2,515662161,,,58.2066,4.5075,5.7276,36.9941,44269210797.24,583417793.4,26921833,2.55,574451,,,
2021-06-25,23947827,40.7006,40.7006,36.5609,37.7749,-2.1992,-5.5,2.27,908675424,,,55.0043,4.2595,5.4124,34.9589,41833687873.12,606435166.2,27986046,2.65,1064213,,,
2021-06-28,15377598,37.2674,38.7103,37.0286,37.9739,0.199,0.53,1.46,585963223,,,55.2941,4.282,5.441,35.143,42054097187.52,615434181.2,28388440,2.69,402394,,,
2021-06-29,19243881,38.4416,38.4416,35.3368,35.5359,-2.438,-6.42,1.82,699173783,,,51.744,4.0071,5.0916,32.8867,39354083086.12,615690488.2,29793506,2.82,1405066,,,
2021-06-30,11556754,35.8444,37.3669,35.2274,37.2475,1.7116,4.82,1.1,426069697,,,47.3089,4.1096,4.6527,29.8558,41249603189.96,663815011.6,,,,,,
2021-07-01,10173695,37.2475,37.2475,35.3269,35.715,-1.5325,-4.11,0.96,369057871,,,45.3625,3.9405,4.4612,28.6274,39552451469.08,653745674.8,,,,,,
2021-07-02,11593024,35.4861,35.705,34.2621,34.5208,-1.1942,-3.34,1.1,404564339,,,43.8458,3.8087,4.3121,27.6703,38229995582.68,477770177.8,30928359,2.93,1134853,,,
2021-07-05,24757447,34.8194,35.5856,32.5903,32.9386,-1.5822,-4.58,2.35,829208582,,,41.8361,3.6341,4.1144,26.402,36477741533.2,491220160,33645130,3.18,2716771,,,
2021-07-06,29919513,33.3367,33.4859,31.0877,31.7644,-1.1742,-3.56,2.84,959373975,,,40.3447,3.5046,3.9677,25.4608,35177326578.24,507760027.4,35886498,3.4,2241368,,,
2021-07-07,19184889,31.8838,32.2221,31.1474,31.9733,0.2089,0.66,1.82,612113499,,,40.6101,3.5276,3.9938,25.6283,35408756358.36,510684604.1,36151324,3.42,264826,,,
2021-07-08,34355450,32.043,34.69,31.8539,33.9636,1.9903,6.22,3.26,1148464454,,,43.138,3.7472,4.2425,27.2236,37612849502.36,659278717.1,34690886,3.28,-1460438,,,
2021-07-09,32685556,33.8342,36.6703,33.6252,36.0235,2.0599,6.07,3.1,1164485698,,,45.7543,3.9745,4.4998,28.8747,39894085906.4,618201960,31390500,2.97,-3300386,,,
2021-07-12,30385303,35.8245,36.4016,34.8094,35.1577,-0.8658,-2.4,2.88,1086182944,,,44.6547,3.879,4.3916,28.1808,38935305388.76,627360385.1,30658607,2.9,-731893,,,
2021-07-13,36320570,34.8293,34.9189,31.9435,33.2371,-1.9206,-5.46,3.44,1203185126,,,42.2153,3.6671,4.1517,26.6413,36808355504.8,666992079,28269190,2.67,-2389417,,,
2021-07-14,16592925,32.65,33.4163,32.1425,32.66,-0.5771,-1.74,1.57,546883624,,,41.4822,3.6034,4.0796,26.1787,36169168493.04,646272675.4,27939889,2.64,-329301,,,
2021-07-15,18374500,32.5406,33.3466,32.2221,32.6401,-0.0199,-0.06,1.74,604472537,,,41.4569,3.6012,4.0771,26.1627,36147127561.6,652665763,26869108,2.54,-1070781,,,
2021-07-16,15138012,32.5406,32.9286,31.3763,32.4808,-0.1593,-0.49,1.43,489991365,,,41.2547,3.5836,4.0572,26.0351,35970800110.08,626778037.8,26149362,2.47,-719746,,,
2021-07-19,14209113,32.043,33.7944,31.8539,33.1078,0.627,1.93,1.35,469307988,,,42.051,3.6528,4.1356,26.5376,36665089450.44,600748401.02,25005354,2.37,-1144008,,,
2021-07-20,12592917,32.8192,33.4262,32.043,32.6898,-0.418,-1.26,1.19,412825881,,,41.5201,3.6067,4.0833,26.2026,36202229890.2,602235703.1,22588803,2.14,-2416551,,,
2021-07-21,13830413,32.859,33.6252,32.4012,33.4461,0.7563,2.31,1.31,461762672,,,42.4807,3.6901,4.1778,26.8088,37039785284.92,588576980.86,23573266,2.23,984463,,,
2021-07-22,13691889,33.2272,33.6849,32.1923,32.4012,-1.0449,-3.12,1.3,448854942,,,41.1536,3.5749,4.0473,25.9713,35882636384.32,590889130.56,21662140,2.05,-1911126,,,
2021-07-23,16756130,32.3415,32.6998,31.2469,31.5454,-0.8558,-2.64,1.59,535192543,,,40.0666,3.4804,3.9404,25.2853,34934876332.4,594133332.8,22180224,2.1,518084,,,
2021-07-26,19984711,31.7245,32.1326,29.2367,30.3314,-1.214,-3.85,1.89,609518419,,,38.5246,3.3465,3.7887,24.3122,33590379514.56,556674560.72,23068903,2.18,888679,,,
2021-07-27,15506045,30.4707,31.844,30.1821,30.3115,-0.0199,-0.07,1.47,484091166,,,38.4993,3.3443,3.7863,24.2962,33568338583.12,408188729.44,22148944,2.09,-919959,,,
2021-07-28,12363798,30.1523,30.4508,28.8685,29.386,-0.9255,-3.05,1.17,366468055,,,37.3239,3.2422,3.6707,23.5544,32543435271.16,400519079.42,22502641,2.13,353697,,,
2021-07-29,16341645,29.9035,31.3962,29.9035,31.1971,1.8111,6.16,1.55,508548210,,,39.6242,3.442,3.8969,25.0061,34549160032.2,356934526.9,24608489,2.33,2105848,,,
2021-07-30,32114056,32.3913,34.3119,32.3913,33.5854,2.3883,7.66,3.04,1085399488,,,42.6577,3.7055,4.1952,26.9205,37194071805,332598564.5,25716729,2.43,1108240,,,
2021-08-02,24902164,33.9934,35.9638,33.9934,35.8145,2.2291,6.64,2.36,884273875,,,45.4889,3.9514,4.4737,28.7072,39662656126.28,367679613.87,25090207,2.37,-626522,,,
2021-08-03,25446838,35.4662,37.2674,34.8393,36.6206,0.8061,2.25,2.41,934963413,,,46.5127,4.0404,4.5743,29.3533,40555313849.6,340343122.4,25784692,2.44,694485,,,
2021-08-04,18230234,36.8892,37.6853,36.113,37.5659,0.9453,2.58,1.73,679884297,,,47.7134,4.1447,4.6924,30.1111,41602258093,399706880.5,26411247,2.5,626555,,,
2021-08-05,18125720,37.2475,39.1581,36.9191,38.6904,1.1245,2.99,1.72,699342529,,,49.1416,4.2688,4.8329,31.0124,42847570719.36,493373544.04,25845314,2.44,-565933,,,
2021-08-06,34431150,40.402,42.5614,39.397,40.004,1.3136,3.4,3.26,1415302532,,,50.81,4.4137,4.997,32.0653,44302272194.4,513910371.6,25214124,2.38,-631190,,,
2021-08-09,21408002,39.5263,39.7652,37.3669,39.0885,-0.9155,-2.29,2.03,830383460,,,49.6472,4.3127,4.8826,31.3315,43288389348.16,594238632.68,25419933,2.4,205809,,,
2021-08-10,11795263,38.9392,39.3472,37.9043,38.5312,-0.5573,-1.43,1.12,455386222,,,48.9394,4.2512,4.813,30.8848,42671243267.84,520616380.2,25811468,2.44,391535,,,
2021-08-11,12437883,38.6705,39.9244,38.2526,38.8397,0.3085,0.8,1.18,490483545,,,49.3312,4.2852,4.8515,31.1321,43012877705.16,552250191.25,25552553,2.42,-258915,,,
2021-08-12,13144683,38.3123,40.5314,38.163,40.0935,1.2538,3.23,1.25,525632367,,,50.9238,4.4236,5.0082,32.1371,44401456385.88,501514363.38,25140594,2.38,-411959,,,
2021-08-13,10397621,39.4567,40.7901,39.3074,39.8746,-0.2189,-0.55,0.99,417609681,,,50.6457,4.3994,4.9808,31.9616,44159006140.04,484360442.03,25319248,2.39,178654,,,
2021-08-16,9721310,39.8149,40.2627,38.372,39.0487,-0.8259,-2.07,0.92,380256055,,,49.5967,4.3083,4.8776,31.2996,43244307485.28,495879940.96,25298645,2.39,-20603,,,
2021-08-17,12315035,38.7899,39.387,37.1181,37.4067,-1.642,-4.21,1.17,470269334,,,47.5112,4.1271,4.6725,29.9834,41425930641.48,475386022.11,25686765,2.43,388120,,,
2021-08-18,14667825,37.2077,38.0137,36.0235,36.3718,-1.0349,-2.77,1.39,540450179,,,46.1967,4.0129,4.5433,29.1539,40279802206.6,497324276.1,27234019,2.58,1547254,,,
2021-08-19,11945262,36.6703,38.173,36.3817,37.7849,1.4131,3.89,1.13,451659908,,,47.9915,4.1688,4.7198,30.2865,41844708338.84,550369923.14,27715653,2.62,481634,,,
2021-08-20,9646126,38.0137,38.6904,37.1878,38.0237,0.2388,0.63,0.91,368055471,,,48.2948,4.1952,4.7496,30.478,42109199516.12,546353071.02,26652295,2.52,-1063358,,,
2021-08-23,20477693,38.1132,39.178,37.0087,37.7749,-0.2488,-0.65,1.86,783987255,,,47.9788,4.1677,4.7185,30.2786,41833687873.12,594896510.36,28099480,2.66,1447185,,,
2021-08-24,10630801,37.4863,38.1132,37.3171,37.3868,-0.3881,-1.03,0.96,401863163,,,47.4859,4.1249,4.6701,29.9675,41403889710.04,584180603.12,28319444,2.56,219964,,,
2021-08-25,10836377,37.5162,37.6953,36.4812,36.9191,-0.4677,-1.25,0.98,401987230,,,46.8918,4.0733,4.6116,29.5926,40885927821.2,598988822.6,28751220,2.6,431776,,,
2021-08-26,15955468,36.929,37.0883,34.6204,34.9288,-1.9903,-5.39,1.45,567018727,,,44.364,3.8537,4.363,27.9973,38681834677.2,604037767.6,28690671,2.6,-60549,,,
2021-08-27,9790609,35.2373,35.4264,34.3318,34.9786,0.0498,0.14,0.89,344422565,,,44.4272,3.8592,4.3692,28.0372,38736937005.8,603244241.4,28651534,2.59,-39137,,,
2021-08-30,12058627,34.8293,35.516,34.0332,34.7,-0.2786,-0.8,1.09,420669239,,,44.0733,3.8285,4.3344,27.8139,38428363965.64,637824822.12,29053303,2.63,401769,,,
2021-08-31,11877840,34.7,35.924,34.1825,35.6752,0.9752,2.81,1.08,422143956,,,45.3119,3.9361,4.4563,28.5955,39508369606.2,670543394.6,27959267,2.53,-1094036,,,
2021-09-01,12687958,35.7249,35.8245,33.675,34.2323,-1.4429,-4.04,1.15,436743473,,,43.4792,3.7769,4.276,27.439,37910402076.8,678578153.4,26429056,2.39,-1530211,,,
2021-09-02,9669713,34.1726,35.2771,33.7347,34.8393,0.607,1.77,0.88,335544474,,,44.2502,3.8439,4.3518,27.9255,38582650485.72,702505327.96,25379893,2.3,-1049163,,,
2021-09-03,13877894,34.7298,36.2325,33.884,35.5458,0.7065,2.03,1.26,498121085,,,45.1476,3.9218,4.4401,28.4918,39365103551.84,699617493.12,23982402,2.17,-1397491,,,
2021-09-06,13415834,35.5458,37.1778,35.5458,36.322,0.7762,2.18,1.22,490083788,,,46.1335,4.0074,4.5371,29.114,40224699878,722000198,22430488,2.03,-1551914,,,
2021-09-07,17810649,36.9788,39.1581,35.9439,38.7103,2.3883,6.58,1.62,681428898,,,49.1669,4.2709,4.8354,31.0284,42869611650.8,764428860.4,21940474,1.99,-490014,,,
2021-09-08,15404117,38.8695,39.0885,36.8295,36.9987,-1.7116,-4.42,1.4,583002742,,,46.993,4.0821,4.6216,29.6564,40974091546.96,703131158.28,21808752,1.97,-131722,,,
2021-09-09,14754391,37.1181,38.5511,37.0286,38.2327,1.234,3.34,1.34,563882193,,,48.5602,4.2182,4.7757,30.6455,42340629296.24,484583923.32,21439048,1.94,-369704,,,
2021-09-10,8529680,38.3123,38.6108,37.0186,37.5162,-0.7165,-1.87,0.77,322510607,,,47.6502,4.1392,4.6862,30.0712,41547155764.4,484892884.2,20507586,1.86,-931462,,,
2021-09-13,8502455,37.4664,37.6853,36.1628,36.7897,-0.7265,-1.94,0.77,314813072,,,46.7275,4.059,4.5955,29.4889,40742661766.84,485975790.12,20589789,1.86,82203,,,
2021-09-14,9428612,36.939,37.0584,35.4762,35.8842,-0.9055,-2.46,0.86,343170975,,,45.5774,3.9591,4.4824,28.763,39739799386.32,492324168.76,20878909,1.89,289120,,,
2021-09-15,7797451,35.8245,36.322,35.2075,35.6155,-0.2687,-0.75,0.71,279457750,,,45.2361,3.9295,4.4488,28.5477,39442246811.88,542245893.25,20834993,1.89,-43916,,,
2021-09-16,7313541,35.4165,35.6155,34.0531,34.1825,-1.433,-4.02,0.66,254328977,,,43.416,3.7714,4.2698,27.3991,37855299748.2,427979257.6,20375351,1.84,-459642,,,
2021-09-17,4451233,34.2323,34.8194,33.8442,34.1726,-0.0099,-0.03,0.4,153360819,,,43.4034,3.7703,4.2686,27.3911,37844279282.48,421704886.84,,,,,,
2021-09-22,4468842,33.7247,35.0682,33.4859,34.2024,0.0298,0.09,0.41,154103896,,,43.4413,3.7736,4.2723,27.415,37877340679.64,432003319.55,,,,,,
2021-09-23,7000256,34.2024,35.0085,33.5556,33.7646,-0.4378,-1.28,0.64,238540102,,,42.8852,3.7253,4.2176,27.0641,37392440187.96,458293214.95,19950058,1.81,-425293,,,
2021-09-24,9893265,33.7347,35.1876,33.1476,34.7298,0.9652,2.86,0.9,342352407,,,44.1112,3.8318,4.3382,27.8378,38461425362.8,483600611.5,19479635,1.76,-470423,,,
2021-09-27,13204157,35.1478,36.2325,34.5507,35.7648,1.035,2.98,1.2,473351872,,,45.4257,3.946,4.4674,28.6673,39607553797.68,489457688.64,18984746,1.72,-494889,,,
2021-09-28,8204039,35.705,36.5111,34.7895,35.4961,-0.2687,-0.75,0.74,294849919,,,45.0844,3.9163,4.4339,28.452,39310001223.24,515725580.52,18853193,1.71,-131553,,,
2021-09-29,11031887,35.3468,36.5011,34.9089,35.5259,0.0298,0.08,1,393314357,,,45.1223,3.9196,4.4376,28.4759,39343062620.4,486166857.2,18175642,1.64,-677551,,,
2021-09-30,13296709,36.5609,37.4963,35.5259,36.2623,0.7364,2.07,1.21,488800132,,,40.3971,3.8877,4.0097,33.9537,40158577083.68,542015985.64,18609461,1.68,433819,,,
2021-10-08,22494928,36.73,39.8846,36.73,39.8846,3.6223,9.99,2.04,882737199,,,44.4324,4.276,4.4102,37.3453,44170026605.76,497503022.48,21409547,1.94,2800086,,,
2021-10-11,27007523,40.0836,43.0192,39.4666,41.9942,2.1096,5.29,2.45,1123859272,,,46.7826,4.5022,4.6435,39.3207,46506365338.4,473299473.6,23303697,2.11,1894150,,,
2021-10-12,15825059,42.0141,42.8998,41.4768,42.4122,0.418,1,1.44,672182489,,,47.2483,4.547,4.6897,39.712,46969224898.64,439276617.4,25344810,2.29,2041113,,,
2021-10-13,10896380,42.3724,43.4471,41.4867,43.4173,1.0051,2.37,0.99,468436636,,,48.3679,4.6548,4.8008,40.6531,48082291936.36,445930262.14,,,,,,
2021-10-14,16994996,43.1287,46.7211,43.0988,45.1687,1.7514,4.03,1.54,772954271,,,50.3191,4.8425,4.9945,42.293,50021893903.08,442366355.64,,,,,,
2021-10-15,16431790,44.8801,47.0694,44.6711,46.3529,1.1842,2.62,1.49,759507269,,,51.6383,4.9695,5.1254,43.4018,51333329323.76,427207963.08,26542528,2.4,1197718,,,
2021-10-18,15599389,46.7211,46.9599,44.6313,45.4772,-0.8757,-1.89,1.42,713383368,,,50.6627,4.8756,5.0286,42.5818,50363528340.4,459397809.2,28081076,2.54,1538548,,,
2021-10-19,11848697,45.6264,46.7609,45.0493,45.9747,0.4975,1.09,1.08,545082570,,,51.217,4.9289,5.0836,43.0477,50914551626.4,487567865.8,28503648,2.58,422572,,,
2021-10-20,17326790,45.7259,46.4723,44.6711,46.0842,0.1095,0.24,1.57,793284659,,,51.339,4.9407,5.0957,43.1502,51035776749.32,542320377.94,29948735,2.71,1445087,,,
2021-10-21,15948198,46.2832,47.756,45.4871,47.0296,0.9454,2.05,1.45,751927219,,,52.3921,5.042,5.2003,44.0354,52082720992.72,558410866.94,29637315,2.68,-311420,,,
2021-10-22,36788881,48.2735,51.1494,44.7806,45.0891,-1.9405,-4.13,3.34,1728593273,,,50.2304,4.834,4.9857,42.2185,49933730177.32,566522123.89,30944867,2.8,1307552,,,
2021-10-25,28836034,44.9298,48.1739,44.8801,47.2087,2.1196,4.7,2.62,1357191232,,,52.5917,5.0612,5.2201,44.2031,52281089375.68,550402249.36,35163537,3.19,4218670,,,
2021-10-26,31270623,50.1542,51.1494,47.5669,49.5572,2.3485,4.97,2.84,1557298130,,,55.208,5.313,5.4798,46.4021,54881919285.6,573385294.2,33446258,3.03,-1717279,,,
2021-10-27,11338879,49.2885,50.2538,47.965,49.1591,-0.3981,-0.8,1.03,561330756,,,54.7645,5.2703,5.4357,46.0294,54441100656.8,534177341.6,33615860,3.05,169602,,,
2021-10-28,13153303,49.1691,50.9503,48.8606,49.6567,0.4976,1.01,1.19,657211266,,,55.3188,5.3237,5.4908,46.4953,54992123942.8,544655574.6,32875262,2.98,-740598,,,
2021-10-29,18689361,49.7064,53.2391,49.7064,51.6469,1.9902,4.01,1.7,964107290,,,57.536,5.5371,5.7108,48.3588,57196217086.8,531900317.6,31884062,2.89,-991200,,,
2021-11-01,22451949,50.7513,54.2343,50.3035,53.2889,1.642,3.18,2.04,1191484824,,,59.3652,5.7131,5.8924,49.8962,59014593930.6,537737778.2,29063799,2.63,-2820263,,,
2021-11-02,15470868,54.1347,54.2143,51.5275,52.3734,-0.9155,-1.72,1.4,820528421,,,58.3453,5.6149,5.7912,49.039,58000711084.36,549871036.82,28470806,2.58,-592993,,,
2021-11-03,14478931,51.9256,52.3435,49.9055,51.3484,-1.025,-1.96,1.31,742464708,,,57.2034,5.505,5.6778,48.0793,56865603115.2,555765332.6,29539377,2.68,1068571,,,
2021-11-04,14224453,51.9156,53.4879,51.2588,53.0998,1.7514,3.41,1.29,753961292,,,59.1545,5.6928,5.8715,49.7192,58805205081.92,538520859.84,28214366,2.56,-1325011,,,
2021-11-05,11438892,53.5178,55.508,52.453,53.6272,0.5274,0.99,1.04,623453167,,,59.7421,5.7494,5.9298,50.213,59389289765.08,548034713.26,28406351,2.57,191985,,,
2021-11-08,11789785,52.5923,56.7221,52.4928,54.2343,0.6071,1.13,1.07,650589474,,,60.4183,5.8144,5.9969,50.7814,60061538174,490568170.5,28565732,2.59,159381,,,
2021-11-09,10394150,54.2343,56.5927,53.5377,55.9359,1.7016,3.14,0.94,577109196,,,62.314,5.9969,6.1851,52.3747,61946037812.12,488533423.99,28274335,2.56,-291397,,,
2021-11-10,12408919,55.7269,56.1051,53.0302,53.9357,-2.0002,-3.58,1.13,675000441,,,60.0858,5.7824,5.9639,50.5019,59730924202.4,447961948.2,29513884,2.67,1239549,,,
2021-11-11,9813646,54.284,54.9109,52.8411,54.1845,0.2488,0.46,0.89,532208313,,,60.3629,5.8091,5.9914,50.7348,60006435845.4,462711453.55,30746529,2.78,1232645,,,
2021-11-12,6564817,54.6721,55.5279,53.6471,55.0005,0.816,1.51,0.6,361463815,,,61.272,5.8966,6.0817,51.4989,60910114034.44,467865154.13,31122104,2.82,375575,,,
2021-11-15,27614825,60.4339,60.5035,55.7369,56.8614,1.8609,3.38,2.51,1615355790,,,63.345,6.0961,6.2874,53.2413,62970941124.08,543141923.62,31131898,2.82,9794,,,
2021-11-16,16966130,56.9907,60.5035,55.4483,58.1451,1.2837,2.26,1.54,993369326,,,64.7751,6.2337,6.4294,54.4433,64392581201.96,508480756.03,31306469,2.84,174571,,,
2021-11-17,18723118,58.364,59.1104,54.7418,56.4832,-1.6619,-2.86,1.7,1062882441,,,62.9238,6.0556,6.2456,52.8872,62552163426.72,503088004.96,31334265,2.84,27796,,,
2021-11-18,11202303,56.941,57.2097,54.4731,54.8114,-1.6718,-2.96,1.02,621589738,,,61.0613,5.8763,6.0607,51.3218,60700725185.76,492448528.56,32329435,2.93,995170,,,
2021-11-19,14512912,55.4981,55.707,53.3287,55.2294,0.418,0.76,1.32,794229923,,,61.5269,5.9211,6.107,51.7132,61163584746,503261192,33487228,3.03,1157793,,,
2021-11-22,16501160,55.2692,60.1055,55.2692,59.5383,4.3089,7.8,1.5,967254424,,,66.3271,6.3831,6.5834,55.7477,65935446402.76,469496731.67,33393486,3.03,-93742,,,
2021-11-23,10110023,59.598,60.8021,58.5133,59.4985,-0.0398,-0.07,0.92,606023231,,,66.2828,6.3788,6.579,55.7105,65891364539.88,416045514.31,34086511,3.09,693025,,,
2021-11-24,8483415,59.4686,60.0955,57.3987,57.7072,-1.7913,-3.01,0.77,499082539,,,64.2873,6.1868,6.3809,54.0333,63907680710.28,383734519.37,34732424,3.15,645913,,,
2021-11-25,11706193,58.5332,61.6977,58.3143,58.6825,0.9753,1.69,1.06,702619674,,,65.3738,6.2913,6.4888,54.9464,64987686350.84,359430973.83,35198191,3.19,465767,,,
2021-11-26,11760185,58.7223,62.0559,58.3939,61.2001,2.5176,4.29,1.07,721749431,,,68.1785,6.5612,6.7672,57.3038,67775864178,323875124,34857241,3.16,-340950,,,
2021-11-29,22108229,60.9115,66.6833,60.9115,66.2553,5.0552,8.26,2.01,1445312276,,,73.8102,7.1032,7.3262,62.0372,73374260763.76,325917749.18,34923792,3.16,66551,,,
2021-11-30,14680454,66.2653,67.7281,65.3498,66.7231,0.4678,0.71,1.33,977136632,,,74.3312,7.1534,7.3779,62.4751,73892222652.6,300590309.1,36187637,3.28,1263845,,,
2021-12-01,9440809,66.7231,66.8027,64.1855,65.927,-0.7961,-1.19,0.86,619309624,,,73.4443,7.068,7.2898,61.7297,73010585395,320589162.75,35228550,3.19,-959087,,,
2021-12-02,20369077,62.6928,64.5835,59.7074,62.454,-3.473,-5.27,1.85,1278389404,,,69.5753,6.6957,6.9058,58.4778,69164442858.72,454826483.8,36217559,3.28,989009,,,
2021-12-03,33708723,62.1355,63.9865,56.2046,56.9211,-5.5329,-8.86,3.06,2009658155,,,63.4115,6.1025,6.294,53.2972,63037063918.4,419347009,39759224,3.6,3541665,,,
2021-12-06,54515873,57.7371,59.9861,53.9158,54.2243,-2.6968,-4.74,4.95,3078936858,,,60.4073,5.8134,5.9958,50.7721,60050517708.28,497360061.13,44278154,4.01,4518930,,,
2021-12-07,44388843,54.2343,55.11,49.9652,50.8906,-3.3337,-6.15,4.03,2314659470,,,56.6935,5.456,5.6272,47.6507,56358661692.08,499597271.3,45659063,4.14,1380909,,,
2021-12-08,31114794,51.7763,53.2391,50.8309,51.9156,1.025,2.01,2.82,1629067614,,,57.8353,5.5659,5.7405,48.6104,57493769661.24,661473759.73,45507388,4.12,-151675,,,
2021-12-09,18973354,52.4331,52.8908,50.5523,51.9057,-0.0099,-0.02,1.72,988170669,,,57.8242,5.5648,5.7394,48.6011,57482749195.52,699282531.48,44780557,4.06,-726831,,,
2021-12-10,21685314,51.6469,52.3435,50.5523,51.6469,-0.2588,-0.5,1.97,1119987370,,,57.536,5.5371,5.7108,48.3588,57196217086.8,733348120.7,46465871,4.21,1685314,,,
2021-12-13,17520403,52.1445,52.2241,50.4329,50.8309,-0.816,-1.58,1.59,897138770,,,56.627,5.4496,5.6206,47.5948,56292538897.76,748602000.64,46947258,4.26,481387,,,
2021-12-14,15635542,50.602,50.9304,49.2089,50.2339,-0.597,-1.17,1.42,783531167,,,55.9618,5.3856,5.5546,47.0357,55631310954.56,754290234.84,48207537,4.37,1260279,,,
2021-12-15,14215114,50.2737,51.3285,49.6368,49.6567,-0.5772,-1.15,1.29,720054163,,,55.3188,5.3237,5.4908,46.4953,54992123942.8,750116868.7,47840533,4.34,-367004,,,
2021-12-16,16832624,50.2637,50.3433,48.2436,48.4227,-1.234,-2.49,1.53,827125925,,,53.9442,5.1914,5.3543,45.3399,53625586193.52,737980570.78,49664125,4.5,1823592,,,
2021-12-17,16109387,48.0147,48.8506,46.5121,46.9201,-1.5026,-3.1,1.46,764151978,,,52.2702,5.0303,5.1882,43.9329,51961495869.8,663558768.45,51357955,4.66,1693830,,,
2021-12-20,27543987,46.7708,49.8557,46.7708,48.3531,1.433,3.05,2.5,1340635373,,,53.8666,5.1839,5.3466,45.2747,53548442933.48,712814138.78,48555491,4.4,-2802464,,,
2021-12-21,23247174,49.0696,51.1195,48.0744,50.3035,1.9504,4.03,2.11,1173828327,,,56.0394,5.393,5.5623,47.1009,55708454214.6,764253638.55,45964922,4.17,-2590569,,,
2021-12-22,15624103,50.403,51.4479,49.5671,51.1494,0.8459,1.68,1.42,793610708,,,56.9817,5.4837,5.6558,47.8929,56645193800.8,776856709.2,44078526,3.99,-1886396,,,
2021-12-23,25867935,52.8311,56.2643,52.443,56.2643,5.1149,10,2.35,1425161752,,,62.6799,6.0321,6.2214,52.6822,62309713180.88,741157317.32,42167407,3.82,-1911119,,,
2021-12-24,25849617,57.6177,58.4934,54.3139,56.3937,0.1294,0.23,2.35,1467870927,,,62.824,6.0459,6.2357,52.8034,62452979235.24,728657281.19,,,,,,
2021-12-27,19959985,55.6772,55.926,53.4282,53.7267,-2.667,-4.73,1.81,1096875164,,,59.853,5.76,5.9408,50.3062,59499494422.28,777534036.43,,,,,,
2021-12-28,21127596,54.7119,58.5133,51.5773,53.3784,-0.3483,-0.65,1.92,1130475902,,,59.465,5.7227,5.9023,49.9801,59113778122.08,805471440.2,41105468,3.72,-1061939,,,
2021-12-29,13721687,53.3784,54.6821,51.4479,52.652,-0.7264,-1.36,1.25,726470578,,,58.6557,5.6448,5.822,49.2999,58309284124.52,801375576.3,40288357,3.65,-817111,,,
2021-12-30,14507814,52.851,53.7566,51.5474,53.7367,1.0847,2.06,1.32,771244161,,,59.864,5.7611,5.9419,50.3155,59510514888,780338263,39056918,3.54,-1231439,,,
2021-12-31,15204032,53.3386,54.7617,51.5574,52.7416,-0.9951,-1.85,1.38,810943321,,,57.4178,5.5161,5.0955,49.3838,58408468316,777450240,38764082,3.51,-292836,,,
2022-01-04,22552586,54.7219,55.5279,50.2637,51.0499,-1.6917,-3.21,2.05,1205698227,,,55.5761,5.3391,4.9321,47.7998,56534989143.6,794247727.9,37567135,3.4,-1196947,,,
2022-01-05,14308620,51.3981,51.3981,48.771,50.1542,-0.8957,-1.75,1.3,718899272,,,54.6011,5.2455,4.8456,46.9612,55543147228.8,750778452.6,37937485,3.44,370350,,,
2022-01-06,12783463,50.1542,50.6518,48.4924,49.6766,-0.4776,-0.95,1.16,637319511,,,54.0811,5.1955,4.7994,46.5139,55014164874.24,753304694.12,39423212,3.57,1485727,,,
2022-01-07,8470559,49.0298,50.2339,48.4924,48.7511,-0.9255,-1.86,0.77,419444394,,,53.0735,5.0987,4.71,45.6474,53989261562.28,736238205.02,39932448,3.62,509236,,,
2022-01-10,16024898,48.8407,53.269,48.8407,51.8858,3.1347,6.43,1.45,830876344,,,56.4861,5.4266,5.0128,48.5824,57460708264.08,768159695.72,40567692,3.68,635244,,,
2022-01-11,13148731,52.1743,53.8462,51.5673,52.045,0.1592,0.31,1.19,697771261,,,56.6595,5.4432,5.0282,48.7315,57637035715.6,819899472.4,39536452,3.58,-1031240,,,
2022-01-12,13249134,52.045,54.4333,50.6419,54.0054,1.9604,3.77,1.2,701685067,,,58.7937,5.6483,5.2176,50.5671,59808067462.44,826676626.42,37737165,3.42,-1799287,,,
2022-01-13,16494135,53.7367,53.8362,48.8108,51.02,-2.9854,-5.53,1.5,848453089,,,55.5436,5.336,4.9292,47.7718,56501927746.44,844635563.42,35595427,3.22,-2141738,,,
2022-01-14,24838874,50.9205,56.125,50.413,56.115,5.095,9.99,2.25,1372171919,,,61.0904,5.8689,5.4214,52.5425,62144406195.08,926933781.94,36233432,3.28,638005,,,
2022-01-17,25384091,56.6922,60.4438,55.7369,58.364,2.249,4.01,2.3,1496965221,,,63.5388,6.1041,5.6387,54.6483,64635031447.8,911210778.9,34653307,3.14,-1580125,,,
2022-01-18,15748051,57.5182,60.3045,57.0405,58.1351,-0.2289,-0.39,1.43,922963300,,,63.2896,6.0802,5.6166,54.434,64381560736.24,914681849.12,34286239,3.11,-367068,,,
2022-01-19,17109674,58.374,58.4138,55.3289,56.0653,-2.0698,-3.56,1.55,968721700,,,61.0362,5.8637,5.4166,52.4959,62089303866.48,908929836.24,33322846,3.02,-963393,,,
2022-01-20,8983177,56.0155,56.523,54.8015,55.7866,-0.2787,-0.5,0.82,502945027,,,60.7329,5.8346,5.3897,52.235,61780730826.32,910544997.16,31904669,2.89,-1418177,,,
2022-01-21,8765934,55.4682,55.916,53.6173,54.0651,-1.7215,-3.09,0.8,481125243,,,58.8587,5.6545,5.2234,50.623,59874190256.76,889974022.54,32413769,2.94,509100,,,
2022-01-24,17109801,53.7367,59.4686,53.3685,59.0108,4.9457,9.15,1.55,992526154,,,64.2429,6.1718,5.7012,55.2539,65351361719.6,898323297.4,31412888,2.85,-1000881,,,
2022-01-25,10603434,58.2247,58.7123,55.9956,56.0255,-2.9853,-5.06,0.96,610367699,,,60.9929,5.8595,5.4128,52.4586,62045222003.6,917028782.4,30963378,2.8,-449510,,,
2022-01-26,12529600,56.3041,58.8715,56.2743,57.7968,1.7713,3.16,1.14,727505915,,,62.9212,6.0448,5.5839,54.1171,64006864901.76,893540675.12,29714245,2.69,-1249133,,,
2022-01-27,9526717,57.9162,58.782,55.5976,55.7369,-2.0599,-3.56,0.86,543191993,,,60.6787,5.8293,5.3849,52.1884,61725628497.72,883058836.39,29270213,2.65,-444032,,,
2022-01-28,11734193,56.7221,56.9211,52.6421,53.7367,-2.0002,-3.59,1.06,641681369,,,58.5012,5.6202,5.1917,50.3155,59510514888,853806506,28573281,2.59,-696932,,,
2022-02-07,7941830,55.7269,56.5429,54.6224,55.0204,1.2837,2.39,0.72,442850108,,,59.8987,5.7544,5.3157,51.5175,60932154965.88,837598025.3,27976368,2.53,-596913,,,
2022-02-08,13554541,54.7418,55.0901,51.1096,52.2938,-2.7266,-4.96,1.23,713731720,,,56.9303,5.4692,5.0523,48.9645,57912547358.6,703539993.5,27037101,2.45,-939267,,,
2022-02-09,8709787,52.1743,55.4184,51.428,55.1,2.8062,5.37,0.79,471671102,,,59.9853,5.7627,5.3234,51.5921,61020318691.64,667259219.06,26968853,2.44,-68248,,,
2022-02-10,8614289,54.7119,55.6274,52.7714,53.1695,-1.9305,-3.5,0.78,466728555,,,57.8836,5.5608,5.1369,49.7844,58882348341.96,676145371.22,27412648,2.48,443795,,,
2022-02-11,10537856,52.5923,53.0202,50.4428,50.7513,-2.4182,-4.55,0.96,543697238,,,55.2511,5.3079,4.9032,47.5202,56204375172,665916873,27465436,2.49,52788,,,
2022-02-14,9147998,49.4079,52.6022,49.4079,51.5474,0.7961,1.57,0.83,471677469,,,56.1178,5.3912,4.9802,48.2656,57086012429.6,678922265.2,28070038,2.54,604602,,,
2022-02-15,10808194,51.3086,54.3736,50.4528,54.0949,2.5475,4.94,0.98,574957334,,,58.8912,5.6576,5.2263,50.651,59907251653.92,708615115.64,27337481,2.48,-732557,,,
2022-02-16,8297536,54.0352,54.7219,53.0401,54.085,-0.0099,-0.02,0.75,450978913,,,58.8803,5.6566,5.2253,50.6416,59896231188.2,743554581.65,26740485,2.42,-596996,,,
2022-02-17,9566520,53.7068,56.2245,52.9903,55.518,1.433,2.65,0.87,528514583,,,60.4404,5.8065,5.3638,51.9834,61483178251.88,755717685.71,26078001,2.36,-662484,,,
2022-02-18,6862871,54.7418,55.2194,53.5377,54.1845,-1.3335,-2.4,0.62,374261506,,,58.9887,5.667,5.2349,50.7348,60006435845.4,766404928.8,25674619,2.32,-403382,,,
2022-02-21,5134326,53.7068,54.9109,52.7515,54.3039,0.1194,0.22,0.47,278338422,,,59.1187,5.6795,5.2465,50.8466,60138681434.04,786250527.28,25191650,2.28,-482969,,,
2022-02-22,7068440,53.6173,55.926,52.7913,55.0304,0.7265,1.34,0.64,388440561,,,59.9095,5.7555,5.3167,51.5268,60943175431.6,779727292.2,24317532,2.2,-874118,,,
2022-02-23,11656355,55.2194,58.7919,55.1498,58.5133,3.4829,6.33,1.06,677742580,,,63.7013,6.1197,5.6532,54.788,64800338433.6,793636283.2,23933250,2.17,-384282,,,
2022-02-24,12516772,57.7769,59.7074,56.7917,57.9361,-0.5772,-0.99,1.14,734582804,,,63.0729,6.0594,5.5974,54.2476,64161151421.84,746307200.88,24023249,2.17,89999,,,
2022-02-25,11343457,59.7074,63.1406,58.2446,58.9909,1.0548,1.82,1.03,677943992,,,64.2213,6.1697,5.6993,55.2353,65329320788.16,769290562.52,24317854,2.2,294605,,,
2022-02-28,8733485,59.1502,60.6827,58.8118,59.8866,0.8957,1.52,0.79,523464492,,,65.1963,6.2634,5.7858,56.0739,66321162702.96,744839681.72,23649521,2.14,-668333,,,
2022-03-01,11045788,60.4836,61.9962,59.379,60.2348,0.3482,0.58,1,672062675,,,65.5755,6.2998,5.8195,56.2064,66706879003.16,735260471.08,23601584,2.14,-47937,,,
2022-03-02,8637319,60.205,60.205,57.339,59.0407,-1.1941,-1.98,0.78,508827046,,,64.2754,6.1749,5.7041,55.0922,65384423116.76,713265206.77,23356318,2.11,-245266,,,
2022-03-03,16613669,59.0307,59.0606,54.0651,54.2542,-4.7865,-8.11,1.51,927592455,,,59.0645,5.6743,5.2417,50.6257,60083579105.44,737930833.88,23405953,2.12,49635,,,
2022-03-04,15008093,51.7365,54.2542,51.3484,52.5923,-1.6619,-3.06,1.36,796263276,,,57.2553,5.5005,5.0811,49.075,58243161330.2,763046246.65,22894345,2.07,-511608,,,
2022-03-07,13806986,52.5624,53.0202,49.5572,50.602,-1.9903,-3.78,1.25,703250710,,,55.0886,5.2923,4.8888,47.2179,56039068186.2,785249912.65,22369851,2.02,-524494,,,
2022-03-08,14234360,50.1443,52.851,49.7661,51.3285,0.7265,1.44,1.29,734564303,,,55.8794,5.3683,4.959,47.8957,56843562183.76,802154858.44,21014340,1.9,-1355511,,,
2022-03-09,17810789,52.2341,55.2294,50.8608,53.4282,2.0997,4.09,1.62,951759960,,,58.1653,5.5879,5.1619,49.855,59168880450.68,758076695.05,19545157,1.77,-1469183,,,
2022-03-10,18033530,55.2294,56.523,54.2343,55.508,2.0798,3.89,1.64,1009426517,,,60.4295,5.8054,5.3628,51.7957,61472157786.16,674004501.9,18897674,1.71,-647483,,,
2022-03-11,12809135,54.9209,55.4981,51.7962,54.5328,-0.9752,-1.76,1.16,688071026,,,59.3678,5.7034,5.2686,50.8857,60392152145.6,701895869.4,18688585,1.69,-209089,,,
2022-03-14,7845328,52.8212,53.3685,51.3583,52.2739,-2.2589,-4.14,0.71,413834449,,,56.9086,5.4672,5.0503,48.7779,57890506427.16,707070010.94,18529305,1.68,-159280,,,
2022-03-15,21675320,52.4928,56.9609,50.6319,53.7964,1.5225,2.91,1.97,1187381106,,,58.5662,5.6264,5.1974,50.1986,59576637682.32,703866903.4,19911477,1.8,1382172,,,
2022-03-16,20939802,55.7767,59.18,54.5328,59.18,5.3836,10.01,1.9,1196332832,,,64.4271,6.1895,5.7176,55.2222,65538709636.84,671666119.3,19022741,1.72,-888736,,,
2022-03-17,18924265,60.3145,61.1404,58.7024,59.1999,0.0199,0.03,1.72,1131583056,,,64.4488,6.1915,5.7195,55.2407,65560750568.28,658148991.1,18653198,1.69,-369543,,,
2022-03-18,9087409,58.8118,59.6577,57.0206,58.0257,-1.1742,-1.98,0.82,528747936,,,63.1704,6.0687,5.606,54.145,64260335613.32,659324379.85,19210404,1.74,557206,,,
2022-03-21,11777440,58.3043,59.0108,56.931,58.155,0.1293,0.22,1.07,684448737,,,63.3112,6.0823,5.6185,54.2657,64403601667.68,661836811.2,19498062,1.76,287658,,,
2022-03-22,6938235,57.5779,59.588,57.14,58.6227,0.4677,0.8,0.63,407724927,,,63.8204,6.1312,5.6637,54.7022,64921563556.52,702701500.49,18894950,1.71,-603112,,,
2022-03-23,7714142,59.7074,60.2548,57.6973,58.0754,-0.5473,-0.93,0.7,456272367,,,63.2246,6.0739,5.6108,54.1914,64315437941.92,695438032.04,18710224,1.69,-184726,,,
2022-03-24,5118411,57.7072,57.9162,56.4733,57.4784,-0.597,-1.03,0.46,294198319,,,62.5746,6.0115,5.5532,53.6343,63654209998.72,671831783.28,18643157,1.69,-67067,,,
2022-03-25,5324766,57.7868,57.8167,55.11,55.11,-2.3684,-4.12,0.48,299438348,,,59.9962,5.7638,5.3243,51.4243,61031339157.36,660109712.82,18477306,1.67,-165851,,,
2022-03-28,8617670,54.5328,56.3141,53.3386,54.6323,-0.4777,-0.87,0.78,470216991,,,59.4762,5.7138,5.2782,50.9786,60502356802.8,657903323.5,18735472,1.7,258166,,,
2022-03-29,8350301,55.3886,57.5182,54.1347,55.0503,0.418,0.77,0.76,464404099,,,59.9312,5.7575,5.3186,51.3686,60965216363.04,658004587.48,18237403,1.65,-498069,,,
2022-03-30,10158794,55.7767,58.7621,54.0551,58.2546,3.2043,5.82,0.92,584445033,,,63.4196,6.0927,5.6282,54.3586,64513806324.88,668709454.06,18091783,1.64,-145620,,,
2022-03-31,9161592,58.1152,58.4138,55.4085,56.523,-1.7316,-2.97,0.83,519818095,,,54.0977,5.7021,4.8975,44.1644,62596245289.6,664211136.4,18198345,1.65,106562,,,
2022-04-01,8837089,56.2544,59.6079,55.7269,58.2347,1.7117,3.03,0.8,515615633,,,55.7358,5.8748,5.0458,45.5018,64491765393.44,695259086.32,18118128,1.64,-80217,,,
2022-04-06,12556482,56.7221,57.6177,53.6471,55.5279,-2.7068,-4.65,1.14,689900462,,,53.1452,5.6017,4.8113,43.3869,61494198717.6,744850249.8,18172545,1.64,54417,,,
2022-04-07,8989268,53.7367,54.9109,51.7066,52.8411,-2.6868,-4.84,0.82,479772906,,,50.5737,5.3307,4.5785,41.2875,58518672973.2,752376904.6,18450782,1.67,278237,,,
2022-04-08,7077999,52.5624,54.4034,51.5176,52.8411,0,0,0.64,375762793,,,50.5737,5.3307,4.5785,41.2875,58518672973.2,767812003,18630267,1.69,179485,,,
2022-04-11,14348660,51.6569,51.7564,47.557,47.557,-5.2841,-10,1.3,700383074,,,45.5163,4.7976,4.1206,37.1587,52666805675.88,779401055.81,19084897,1.73,454630,,,
2022-04-12,12733805,47.3181,49.7761,46.2733,49.7462,2.1892,4.6,1.16,618734576,,,47.6116,5.0185,4.3103,38.8693,55091308134.28,774947531.78,18928441,1.71,-156456,,,
2022-04-13,9266790,49.2686,50.194,47.5868,49.7562,0.01,0.02,0.84,456156741,,,47.6212,5.0195,4.3112,38.8771,55102328600,753358135,18804623,1.7,-123818,,,
2022-04-14,10915048,50.5523,51.1295,47.4475,48.7611,-0.9951,-2,0.99,541244219,,,46.6687,4.9191,4.225,38.0996,54000282028,743931844,,,,,,
2022-04-15,25215286,48.6317,52.7018,45.7757,49.8955,1.1344,2.33,2.29,1238264331,,,47.7545,5.0335,4.3233,38.986,55256615120.08,753759119.4,,,,,,
2022-04-18,16155186,49.0596,51.0897,47.7659,50.0746,0.1791,0.36,1.47,803067714,,,47.9259,5.0516,4.3388,39.1259,55454983503.04,663843782.48,,,,,,
2022-04-19,10174488,50.8011,51.3384,49.2586,49.6467,-0.4279,-0.85,0.92,510984106,,,47.5164,5.0084,4.3017,38.7916,54981103477.08,610347207.19,18498383,1.67,-306240,,,
2022-04-20,11049035,50.4528,51.4479,48.6914,48.8506,-0.7961,-1.6,1,554804071,,,46.7545,4.9281,4.2327,38.1695,54099466219.48,592173619.09,18730780,1.69,232397,,,
2022-04-21,10875422,48.7611,50.5423,46.4126,48.363,-0.4876,-1,0.99,526226615,,,46.2878,4.8789,4.1905,37.7886,53559463399.2,539562148.6,19311978,1.75,581198,,,
2022-04-22,19460167,47.3978,51.5375,46.8007,51.1991,2.8361,5.86,1.77,970322711,,,49.0022,5.1651,4.4362,40.0045,56700296129.4,500677895.45,18758358,1.7,-553620,,,
2022-04-25,16913078,49.8756,50.5523,46.0842,48.1242,-3.0749,-6.01,1.53,812911075,,,46.0592,4.8548,4.1698,37.6019,53294972221.92,514464043.36,18663764,1.69,-94594,,,
2022-04-26,14130831,47.4973,47.5868,44.1935,45.6762,-2.448,-5.09,1.28,653521206,,,43.7162,4.6079,3.9577,35.6892,50583937654.8,529165219,18754154,1.7,90390,,,
2022-04-27,17532333,43.3874,50.2438,43.2978,49.5572,3.881,8.5,1.59,831772759,,,47.4307,4.9994,4.2939,38.7216,54881919285.6,599781529,19001520,1.72,247366,,,
2022-04-28,10367316,48.363,51.0996,47.8257,50.5821,1.0249,2.07,0.94,521920134,,,48.4117,5.1028,4.3828,39.5225,56017027254.76,565517040.19,18198409,1.65,-803111,,,
2022-04-29,11084801,51.03,53.0401,48.7611,52.3137,1.7316,3.42,1.01,570495927,,,50.0689,5.2775,4.5328,40.8754,57934588290.04,543499604.58,17932208,1.62,-266201,,,
2022-05-05,11769805,53.7267,55.4284,53.0401,53.2292,0.9155,1.75,1.07,641542014,,,50.9451,5.3698,4.6121,41.5907,58948471136.28,541833960.27,18388438,1.66,456230,,,
2022-05-06,8957760,51.7962,53.1595,50.1542,51.5375,-1.6917,-3.18,0.81,462677933,,,49.326,5.1992,4.4655,40.2689,57074991963.88,545512032.18,,,,,,
2022-05-09,4957995,50.8508,51.9554,50.5523,51.3484,-0.1891,-0.37,0.45,255339517,,,49.145,5.1801,4.4491,40.1212,56865603115.2,546251521.8,,,,,,
2022-05-10,8758576,50.2538,53.7765,49.8358,52.8809,1.5325,2.98,0.79,462259806,,,50.6118,5.3347,4.5819,41.3186,58562754836.08,541551228.48,18517814,1.68,129376,,,
2022-05-11,12381883,52.8908,57.0206,51.9455,54.7219,1.841,3.48,1.12,684611410,,,52.3738,5.5204,4.7414,42.757,60601540994.28,540670542.68,18989199,1.72,471385,,,
2022-05-12,5256065,53.8462,54.2343,53.0003,53.0102,-1.7117,-3.13,0.48,282419353,,,50.7356,5.3478,4.5931,41.4197,58706020890.44,543869542.28,18988193,1.72,-1006,,,
2022-05-13,9047624,53.4282,56.523,52.5226,55.7667,2.7565,5.2,0.82,497472894,,,53.3738,5.6258,4.832,43.5735,61758689894.88,540566920.36,18990021,1.72,1828,,,
2022-05-16,7383363,56.2245,56.941,53.9457,54.493,-1.2737,-2.28,0.67,407183802,,,52.1547,5.4973,4.7216,42.5782,60348070282.72,545091483.84,18451813,1.67,-538208,,,
2022-05-17,5799544,54.3338,56.125,53.886,55.5876,1.0946,2.01,0.53,323163259,,,53.2024,5.6078,4.8165,43.4335,61560321511.92,527648451.86,18707804,1.69,255991,,,
2022-05-18,5795991,56.2245,57.1102,54.9308,55.8862,0.2986,0.54,0.53,326137189,,,53.4881,5.6379,4.8423,43.6668,61890935483.52,525128134.52,18521389,1.68,-186415,,,
2022-05-19,6125487,54.6522,57.0007,54.6224,56.7022,0.816,1.46,0.56,344999026,,,54.2691,5.7202,4.913,44.3044,62794613672.56,516068634.56,18359989,1.66,-161400,,,
2022-05-20,5937417,57.0206,57.9759,55.0602,56.523,-0.1792,-0.32,0.54,336252860,,,54.0977,5.7021,4.8975,44.1644,62596245289.6,476815551.8,18288640,1.65,-71349,,,
2022-05-23,5653210,56.931,57.3689,55.3587,56.6425,0.1195,0.21,0.51,320513554,,,54.2119,5.7142,4.9079,44.2577,62728490878.24,476198431.52,18576043,1.68,287403,,,
2022-05-24,10152776,57.1201,59.2099,54.0551,54.3835,-2.259,-3.99,0.92,580334573,,,52.0499,5.4863,4.7121,42.4927,60226845159.8,470751315.15,18515634,1.68,-60409,,,
2022-05-25,5722060,53.9556,56.0155,53.5377,55.4881,1.1046,2.03,0.52,316666242,,,53.1071,5.5977,4.8078,43.3558,61450116854.72,487198649.6,18257407,1.65,-258227,,,
2022-05-26,5478824,55.2791,56.0255,53.2789,55.5279,0.0398,0.07,0.5,301722486,,,53.1452,5.6017,4.8113,43.3869,61494198717.6,486732887.6,18435486,1.67,178079,,,
2022-05-27,4905253,55.2095,57.2196,55.1299,55.7269,0.199,0.36,0.45,276754221,,,53.3357,5.6218,4.8285,43.5424,61714608032,481838239,18154743,1.64,-280743,,,
2022-05-30,7153796,56.324,57.6873,55.2095,57.3788,1.6519,2.96,0.65,409955381,,,54.9167,5.7885,4.9717,44.8331,63544005341.52,498120225.98,18215401,1.65,60658,,,
2022-05-31,5274228,57.3191,58.563,56.7221,58.2147,0.8359,1.46,0.48,304791243,,,55.7168,5.8728,5.0441,45.4862,64469724462,501791361.5,18416417,1.67,201016,,,
2022-06-01,10124002,58.2048,58.8417,55.4682,56.3937,-1.821,-3.13,0.92,579655906,,,53.9738,5.6891,4.8863,44.0633,62452979235.24,532889541.14,18624290,1.68,207873,,,
2022-06-02,10925659,56.9211,58.2546,56.4036,57.2097,0.816,1.45,0.99,630238445,,,54.7548,5.7714,4.957,44.7009,63356657424.28,531808221.87,19589102,1.77,964812,,,
2022-06-06,16076623,56.69,59.66,55.71,58.12,0.9103,1.59,1.46,927940810,,,55.3548,6.0022,5.0113,45.1908,64050946764.64,533580059.88,21047428,1.9,1458326,,,
2022-06-07,8633153,58.47,58.47,56.61,57.42,-0.7,-1.2,0.78,494373429,,,54.6882,5.9299,4.951,44.6465,63279514164.24,532334785.96,20638958,1.87,-408470,,,
2022-06-08,9687628,57.11,57.94,54.8,56.41,-1.01,-1.76,0.88,541974089,,,53.7262,5.8256,4.8639,43.8612,62166447126.52,540291843.21,21059274,1.91,420316,,,
2022-06-09,13063739,55.9,56.79,52.9,54.1,-2.31,-4.1,1.19,709117716,,,51.5261,5.587,4.6647,42.065,59620719545.2,528169534.4,21554045,1.95,494771,,,
2022-06-10,18918655,53.5,59.51,53.02,59.5,5.4,9.98,1.72,1090131321,,,56.6692,6.1447,5.1303,46.2638,65571771034,501762457.5,22663196,2.05,1109151,,,
2022-06-13,22418158,59,64.4,58.58,62.8,3.3,5.55,2.03,1373704597,,,59.8122,6.4855,5.4148,48.8297,69208524721.6,503321416.8,22262905,2.02,-400291,,,
2022-06-14,16499523,61.8,67.92,61.09,65.86,3.06,4.87,1.5,1048931614,,,62.7266,6.8015,5.6787,51.2089,72580787231.92,553732648.8,21372862,1.93,-890043,,,
2022-06-15,11372759,65.87,67.83,65.08,65.86,0,0,1.03,755871281,,,62.7266,6.8015,5.6787,51.2089,72580787231.92,540409576.8,21535679,1.95,162817,,,
2022-06-16,14144264,65.9,66.4,63.6,64.7,-1.16,-1.76,1.28,914259306,,,61.6218,6.6817,5.5787,50.307,71302413208.4,553094981.7,22894379,2.07,1358700,,,
2022-06-17,13258805,64.18,66.37,63.5,65.87,1.17,1.81,1.2,859593025,,,62.7361,6.8025,5.6796,51.2167,72591807697.64,563604555.57,23223090,2.1,328711,,,
2022-06-20,15558618,66.8,70,64.58,67.76,1.89,2.87,1.41,1041782882,,,64.5362,6.9977,5.8425,52.6863,74674675718.72,564924757.36,22190563,2.01,-1032527,,,
2022-06-21,11667834,67.6,69.9,66.65,67.89,0.13,0.19,1.06,794136589,,,64.66,7.0111,5.8537,52.7873,74817941773.08,558771385.79,22309848,2.02,119285,,,
2022-06-22,11115898,67.42,69.19,65.59,65.9,-1.99,-2.93,1.01,746444070,,,62.7647,6.8056,5.6821,51.24,72624869094.8,558692346.9,23699596,2.15,1389748,,,
2022-06-23,17317442,67.21,71.73,66,71,5.1,7.74,1.57,1201840478,,,67.6221,7.3323,6.1219,55.2055,78245306612,580682406,24592322,2.23,892726,,,
2022-06-24,10181285,70.02,72.15,69.26,70.5,-0.5,-0.7,0.92,720377302,,,67.1459,7.2807,6.0788,54.8167,77694283326,628430172,24256444,2.2,-335878,,,
2022-06-27,13948642,70.5,71.33,68.5,70.31,-0.19,-0.27,1.27,971567240,,,66.9649,7.261,6.0624,54.669,77484894477.32,581812906.41,24542173,2.22,285729,,,
2022-06-28,8524979,69.8,71.64,68.8,71.3,0.99,1.41,0.77,600629525,,,67.9078,7.3633,6.1477,55.4388,78575920583.6,581202454.3,23083556,2.09,-1458617,,,
2022-06-29,18108701,71.75,71.75,64.89,65,-6.3,-8.84,1.64,1212619501,,,61.9075,6.7127,5.6045,50.5402,71633027180,573890615,25603240,2.32,2519684,,,
2022-06-30,13351792,66.45,68.43,65.17,68.43,3.43,5.28,1.21,893871200,,,65.1743,7.0669,5.9003,53.2072,75413046921.96,601758512.9,,,,,,
2022-07-01,10796075,68.13,73.5,67.05,70.85,2.42,3.54,0.98,766568307,,,67.4792,7.3168,6.1089,55.0889,78079999626.2,607083432.5,,,,,,
2022-07-04,10634339,70.83,74.21,70.08,72.65,1.8,2.54,0.96,770558349,,,69.1936,7.5027,6.2642,56.4884,80063683455.8,607782534.6,24536839,2.22,-1066401,,,
2022-07-05,7510503,72.69,74.7,70.62,72.3,-0.35,-0.48,0.68,540530768,,,68.8602,7.4666,6.234,56.2163,79677967155.6,585103176,23777619,2.15,-759220,,,
2022-07-06,8342152,71.5,75.18,70.9,72.36,0.06,0.08,0.76,605556931,,,68.9174,7.4728,6.2391,56.263,79744089949.92,541200367.8,22559406,2.04,-1218213,,,
2022-07-07,8888375,72.65,74.68,70.91,74.15,1.79,2.47,0.81,653635980,,,70.6222,7.6576,6.3935,57.6548,81716753313.8,529428706.55,21674068,1.96,-885338,,,
2022-07-08,7325508,74,74.35,70.02,71,-3.15,-4.25,0.66,526016457,,,67.6221,7.3323,6.1219,55.2055,78245306612,524288758,21780769,1.97,106701,,,
2022-07-11,8873773,70.14,72.88,69.11,72.36,1.36,1.92,0.81,633365218,,,68.9174,7.4728,6.2391,56.263,79744089949.92,494084983.92,21324711,1.93,-456058,,,
2022-07-12,14648161,73.94,78.57,73.04,74.08,1.72,2.38,1.33,1103878969,,,70.5555,7.6504,6.3875,57.6003,81639610053.76,456004990.16,20887754,1.89,-436957,,,
2022-07-13,10261320,74.41,74.41,71.9,73.4,-0.68,-0.92,0.93,751249804,,,69.9079,7.5802,6.3288,57.0716,80890218384.8,494898487.8,20666486,1.87,-221268,,,
2022-07-14,14166474,71.98,78.88,71.98,78.58,5.18,7.06,1.29,1092778544,,,74.8414,8.1151,6.7755,61.0993,86598819627.76,455188700.94,20705317,1.87,38831,,,
2022-07-15,16987183,78.5,85.88,78.1,83.16,4.58,5.83,1.54,1407935461,,,79.2035,8.5881,7.1704,64.6604,91646192927.52,341112628.36,19968242,1.81,-737075,,,
2022-07-18,17589684,83.88,87.58,82.72,86.98,3.82,4.59,1.6,1498839616,,,82.8418,8.9826,7.4997,67.6306,95856010832.56,346487805.08,20274588,1.83,306346,,,
2022-07-19,18221282,85.2,92.15,84.3,87.21,0.23,0.26,1.65,1583381024,,,83.0608,9.0063,7.5196,67.8095,96109481544.12,357577240.66,20084376,1.82,-190212,,,
2022-07-20,10984739,86.22,89.8,84.01,87.25,0.04,0.05,1,958231717,,,83.0989,9.0105,7.523,67.8406,96153563407,354105475,19802695,1.79,-281681,,,
2022-07-21,12893698,87.63,90,85.7,86.75,-0.5,-0.57,1.17,1132211194,,,82.6227,8.9588,7.4799,67.4518,95602540121,435635766.25,19856038,1.8,53343,,,
2022-07-22,9886526,87.52,88.46,85.3,86.86,0.11,0.13,0.9,857455153,,,82.7275,8.9702,7.4894,67.5373,95723765243.92,429328353.7,19787459,1.79,-68579,,,
2022-07-25,10082110,87.49,87.49,82.6,84.34,-2.52,-2.9,0.91,847826643,,,80.3274,8.71,7.2721,65.5779,92946607882.48,450969496.3,20214154,1.83,426695,,,
2022-07-26,7190850,84.53,85.72,82.5,84.44,0.1,0.12,0.65,606668188,,,80.4226,8.7203,7.2807,65.6557,93056812539.68,497242450.8,20532578,1.86,318424,,,
2022-07-27,9796486,84.88,88.36,83,87.4,2.96,3.51,0.89,844474216,,,83.2418,9.026,7.536,67.9572,96318870392.8,501840342,20503816,1.86,-28762,,,
2022-07-28,10518530,88.35,89.87,86.22,87.17,-0.23,-0.26,0.95,926189064,,,83.0228,9.0022,7.5161,67.7784,96065399681.24,347469472.86,20047962,1.81,-455854,,,
2022-07-29,12166125,86.7,93,86.45,91.92,4.75,5.45,1.1,1106297465,,,87.5468,9.4928,7.9257,71.4717,101300120898.24,444790041.24,19953291,1.81,-94671,,,
2022-08-01,17031051,91.62,91.8,82.73,87.8,-4.12,-4.48,1.55,1472716165,,,83.6228,9.0673,7.5704,68.2682,96759689021.6,567680648.4,21069214,1.91,1115923,,,
2022-08-02,9939872,84.88,89.5,84.5,87.46,-0.34,-0.39,0.9,867518670,,,83.299,9.0322,7.5411,68.0038,96384993187.12,538937753.9,21287815,1.93,218601,,,
2022-08-03,14475465,87,88.44,82.22,83.03,-4.43,-5.07,1.31,1228177806,,,79.0797,8.5747,7.1592,64.5593,91502926873.16,624622201.74,21595399,1.95,307584,,,
2022-08-04,10365178,83,84.06,80.02,81.71,-1.32,-1.59,0.94,848362327,,,77.8225,8.4383,7.0453,63.533,90048225398.12,628868435.65,22289143,2.02,693744,,,
2022-08-05,7531966,83,85.8,81.8,82.81,1.1,1.35,0.68,630548044,,,78.8702,8.5519,7.1402,64.3883,91260476627.32,613694825.92,21736087,1.97,-553056,,,
2022-08-08,9861460,82.81,85.28,79.7,83.85,1.04,1.26,0.89,817616876,,,79.8607,8.6594,7.2299,65.1969,92406605062.2,642160072.6,22167905,2.01,431818,,,
2022-08-09,4845355,83.87,85.15,82.67,83.48,-0.37,-0.44,0.44,406721508,,,79.5083,8.6211,7.198,64.9092,91998847830.56,639790628.48,22095392,2,-72513,,,
2022-08-10,9456618,82.77,82.79,80.25,80.66,-2.82,-3.38,0.86,766840048,,,76.8225,8.3299,6.9548,62.7166,88891076497.52,649152106.16,22618076,2.05,522684,,,
2022-08-11,8168332,81.29,81.61,78.28,80.05,-0.61,-0.76,0.74,654228367,,,76.2415,8.2669,6.9022,62.2423,88218828088.6,659211169.4,23314487,2.11,696411,,,
2022-08-12,3939970,80.18,81.64,79.32,79.8,-0.25,-0.31,0.36,316032862,,,76.0034,8.2411,6.8807,62.0479,87943316445.6,650855045.2,23216365,2.1,-98122,,,
2022-08-15,7796065,78.8,83.5,78.51,81.9,2.1,2.63,0.71,641182614,,,78.0035,8.458,7.0617,63.6807,90257614246.8,634650781.1,22957300,2.08,-259065,,,
2022-08-16,7955041,81.63,85,80.8,82,0.1,0.12,0.72,660319565,,,78.0987,8.4683,7.0703,63.7585,90367818904,666550235,22818605,2.07,-138695,,,
2022-08-17,6382835,82.28,82.91,80.21,82.22,0.22,0.27,0.58,521556363,,,78.3083,8.491,7.0893,63.9295,90610269149.84,677923302,22908442,2.07,89837,,,
2022-08-18,8286773,82.26,85.8,81.77,85.5,3.28,3.99,0.75,703194824,,,81.4322,8.8297,7.3721,66.4799,94224981906,687858769.5,22374113,2.03,-534329,,,
2022-08-19,7241109,85.2,85.95,81.36,82.31,-3.19,-3.73,0.66,600695937,,,78.394,8.5003,7.0971,63.9995,90709453341.32,667038641.99,21500845,1.95,-873268,,,
2022-08-22,6005586,81.83,83.24,80.33,82.74,0.43,0.52,0.54,490384140,,,78.8035,8.5447,7.1341,64.3338,91183333367.28,665228315.1,22249405,2.01,748560,,,
2022-08-23,6545614,82.9,86.86,82.74,86.21,3.47,4.19,0.59,561011900,,,82.1084,8.9031,7.4333,67.0319,95007434972.12,676033972,22528760,2.04,279355,,,
2022-08-24,9438700,85.36,86.01,80.21,81.33,-4.88,-5.66,0.86,773546214,,,77.4606,8.3991,7.0126,63.2375,89629447700.76,666686523.19,21431671,1.94,-1097089,,,
2022-08-25,4699882,80.94,81.72,78.53,80,-1.33,-1.64,0.43,375727347,,,69.6749,8.0202,6.609,56.4935,88163725760,592321972,21728136,1.97,296465,,,
2022-08-26,12513862,80,87.86,80,83.8,3.8,4.75,1.14,1056143477,,,72.9845,8.4012,6.9229,59.177,92351502733.6,546145347.4,22874854,2.07,1146718,,,
2022-08-29,5091471,82.9,84.8,80.77,81.7,-2.1,-2.51,0.46,417585895,,,71.1555,8.1906,6.7494,57.694,90037204932.4,565651204.9,22501846,2.04,-373008,,,
2022-08-30,4342757,81.53,83.26,80.15,82.35,0.65,0.8,0.39,357183071,,,71.7216,8.2558,6.8031,58.153,90753535204.2,596698276.55,22205142,2.01,-296704,,,
2022-08-31,8825056,81.16,82.99,77.18,79.06,-3.29,-4,0.8,696850966,,,68.8562,7.926,6.5314,55.8297,87127801982.32,650963505.58,21453096,1.94,-752046,,,
2022-09-01,7500522,78.6,78.97,75.8,76.92,-2.14,-2.71,0.68,579461610,,,66.9924,7.7114,6.3546,54.3185,84769422318.24,630310517.56,21337785,1.93,-115311,,,
2022-09-02,7987434,77.3,80.72,75,80.17,3.25,4.23,0.72,631257214,,,69.823,8.0372,6.6231,56.6136,88351073677.24,601691940.05,21723274,1.97,385489,,,
2022-09-05,6997442,78.89,80.28,76.15,78.06,-2.11,-2.63,0.63,545815453,,,67.9853,7.8257,6.4487,55.1236,86025755410.32,608350810,21393249,1.94,-330025,,,
2022-09-06,6524219,78.61,83.07,77.34,83,4.94,6.33,0.59,529291902,,,72.2877,8.321,6.8568,58.612,91469865476,586546643,21425541,1.94,32292,,,
2022-09-07,8923194,83.02,88.56,82.51,86.83,3.83,4.61,0.81,771581888,,,75.6234,8.7049,7.1733,61.3167,95690703846.76,571503527.72,20741155,1.88,-684386,,,
2022-09-08,7660939,86.99,89.28,85.02,87.25,0.42,0.48,0.7,671742534,,,75.9892,8.747,7.2079,61.6133,96153563407,561174922,20459389,1.85,-281766,,,
2022-09-09,3924662,87.25,87.97,84.08,87.25,0,0,0.36,338093906,,,75.9892,8.747,7.2079,61.6133,96153563407,578476534.5,19934999,1.8,-524390,,,
2022-09-13,3746811,86.88,87.93,84.83,86.17,-1.08,-1.24,0.34,322244992,,,75.0486,8.6388,7.1187,60.8506,94963353109.24,601002062.3,19742716,1.79,-192283,,,
2022-09-14,8186431,85.05,86.5,81.6,82.92,-3.25,-3.77,0.74,680791329,,,72.218,8.3129,6.8502,58.5555,91381701750.24,627010247.16,20482576,1.85,739860,,,
2022-09-15,11823185,82.91,83.28,75.57,78.28,-4.64,-5.6,1.07,918898567,,,68.1769,7.8478,6.4669,55.2789,86268205656.16,737790473.44,20009053,1.81,-473523,,,
2022-09-16,13910542,76.72,78.18,74.58,75.61,-2.67,-3.41,1.26,1056472074,,,65.8515,7.5801,6.2463,53.3934,83325741308.92,802701652.81,20203556,1.83,194503,,,
2022-09-19,7829796,75.24,77,73.2,73.78,-1.83,-2.42,0.71,582395935,,,64.2577,7.3966,6.0952,52.1012,81308996082.16,783847318.14,20875778,1.89,672222,,,
2022-09-20,8209829,75.07,79.18,74.8,78.04,4.26,5.77,0.74,637866994,,,67.9679,7.8237,6.4471,55.1094,86003714478.88,760935287.52,21155855,1.91,280077,,,
2022-09-21,5565471,77.15,78.7,75.7,76.39,-1.65,-2.11,0.51,427492245,,,66.5308,7.6583,6.3108,53.9443,84185337635.08,772949089.07,21374827,1.93,218972,,,
2022-09-22,5941150,75.65,76.98,73.7,75.48,-0.91,-1.19,0.54,447586332,,,65.7383,7.5671,6.2356,53.3016,83182475254.56,766832261.24,21785299,1.97,410472,,,
2022-09-23,5783471,75.47,76.25,72.59,73.97,-1.51,-2,0.52,425032763,,,64.4232,7.4157,6.1109,52.2353,81518384930.84,759425507.36,22012250,1.99,226951,,,
2022-09-26,8806914,72.83,79.47,72.8,77.47,3.5,4.73,0.8,682469398,,,67.4714,7.7666,6.4,54.7069,85375547932.84,716186909.23,22530744,2.04,518494,,,
2022-09-27,6140225,78.09,78.56,75.6,76.46,-1.01,-1.3,0.56,469080743,,,66.5918,7.6653,6.3166,53.9937,84262480895.12,723152114.44,22646958,2.05,116214,,,
2022-09-28,5746437,76.05,76.65,73.28,74.93,-1.53,-2,0.52,429040228,,,65.2593,7.5119,6.1902,52.9132,82576349639.96,731314674.81,21877980,1.98,-768978,,,
2022-09-29,6158006,75.62,77.79,74.58,77.36,2.43,3.24,0.56,472168310,,,67.3756,7.7555,6.3909,54.6292,85254322809.92,719266270.52,21853286,1.98,-24694,,,
2022-09-30,8857594,77.76,77.87,72.5,73.8,-3.56,-4.6,0.8,652358951,,,64.275,7.402,6.096808460244803,52.11527720003743,81331037014,756621242,20054772,1.81,-1798514,,,
2022-10-10,9435523,69.91,71.64,67,69,-4.8,-6.5,0.86,646281174,,,60.0946,6.9174,5.7003,48.7257,76041213468,736925202,19319203,1.75,-735569,,,
2022-10-11,6503563,69.25,73.2,69.25,72.12,3.12,4.52,0.59,468023594,,,62.8119,7.2302,5.958,50.9289,79479598772.64,721358508.16,19872643,1.8,553440,,,
2022-10-12,9294951,72.6,74.09,69.69,73.98,1.86,2.58,0.84,667779077,,,64.4319,7.4167,6.1117,52.2424,81529405396.56,800080472.26,20261066,1.83,388423,,,
2022-10-13,6024574,72.98,76.99,72.61,74.98,1,1.35,0.55,453755539,,,65.3028,7.5169,6.1943,52.9486,82631451968.56,656402434.8,19781997,1.79,-479069,,,
2022-10-14,4524873,76.4,76.88,74.18,76.3,1.32,1.76,0.41,342583520,,,66.4524,7.6493,6.3033,53.8807,84086153443.6,618748204.3,19511927,1.77,-270070,,,
2022-10-17,8746840,77.01,78.47,72.27,74.8,-1.5,-1.97,0.79,649515059,,,65.146,7.4989,6.1794,52.8214,82433083585.6,607006083.4,19319029,1.75,-192898,,,
2022-10-18,7073848,75.75,77.58,73.32,74.8,0,0,0.64,529264923,,,65.146,7.4989,6.1794,52.8214,82433083585.6,603380661,19694773,1.78,375744,,,
2022-10-19,5957599,73.51,76.59,73.06,73.41,-1.39,-1.86,0.54,444205879,,,63.9354,7.3595,6.0646,51.8399,80901238850.52,598072642.92,20554461,1.86,859688,,,
2022-10-20,21995917,72.78,73.01,66.07,68.1,-5.31,-7.23,2,1476518520,,,50.964,6.5289,5.0904,46.583,75049371553.2,675108784.2,20693555,1.87,139094,,,
2022-10-21,13671827,66.06,70.88,65.79,70.1,2,2.94,1.24,945561296,,,52.4607,6.7207,5.2399,47.9511,77253464697.2,642112384.4,21923455,1.98,1229900,,,
2022-10-24,6458772,69.3,70.2,68.4,69.12,-0.98,-1.4,0.59,447536145,,,51.7273,6.6267,5.1667,47.2808,76173459056.64,629301205.08,22397681,2.03,474226,,,
2022-10-25,9651206,68.12,71.95,67.06,71.17,2.05,2.97,0.88,672209216,,,53.2615,6.8233,5.3199,48.683,78432654529.24,627557243.53,22912166,2.07,514485,,,
2022-10-26,6677906,71.01,72.19,70.2,71.52,0.35,0.49,0.61,476048433,,,53.5234,6.8568,5.3461,48.9225,78818370829.44,627786957.64,23002533,2.08,90367,,,
2022-10-27,5756220,71.6,73.06,69.5,69.99,-1.53,-2.14,0.52,410875921,,,52.3784,6.7101,5.2317,47.8759,77132239574.28,629666169.47,23382924,2.12,380391,,,
2022-10-28,17254777,70.2,70.4,64.53,64.87,-5.12,-7.32,1.57,1141986653,,,48.5467,6.2193,4.849,44.3736,71489761125.64,650567734.19,24727705,2.24,1344781,,,
2022-10-31,10258634,65.29,66.86,64.05,64.8,-0.07,-0.11,0.93,670529449,,,48.4944,6.2125,4.8438,44.3257,71412617865.6,638719831,25919911,2.35,1192206,,,
2022-11-01,8699783,64.64,69,64.03,68.46,3.66,5.65,0.79,582186528,,,51.2334,6.5634,5.1173,46.8293,75446108319.12,617341168.38,25989246,2.35,69335,,,
2022-11-02,11312986,68.02,75.28,67.71,74.1,5.64,8.24,1.03,817979031,,,55.4542,7.1042,5.5389,50.6873,81661650985.2,601680701.7,25364130,2.3,-625116,,,
2022-11-03,9509187,73.54,76.59,72.5,74.3,0.2,0.27,0.86,709225308,,,55.6039,7.1233,5.5539,50.8241,81882060299.6,582331696.1,24984639,2.26,-379491,,,
2022-11-04,9635803,74.25,79.96,72.9,78,3.7,4.98,0.87,749425535,,,58.3728,7.4781,5.8305,53.355,85959632616,564762709,23825505,2.16,-1159134,,,
2022-11-07,6134258,78,79,76.31,77,-1,-1.28,0.56,474720146,,,57.6245,7.3822,5.7557,52.671,84857586044,568144717,23602060,2.14,-223445,,,
2022-11-08,6123189,76.83,77.33,74.6,75.7,-1.3,-1.69,0.56,461830247,,,56.6516,7.2576,5.6585,51.7817,83424925500.4,567345365.7,24149238,2.19,547178,,,
2022-11-09,5660597,74.25,75.72,72.8,73.33,-2.37,-3.13,0.51,418320776,,,54.8779,7.0303,5.4814,50.1606,80813075124.76,584560374.13,24529172,2.22,379934,,,
2022-11-10,6793526,72.85,73.67,70.54,71.94,-1.39,-1.9,0.62,486848659,,,53.8377,6.8971,5.3775,49.2098,79281230389.68,551755981.34,24641929,2.23,112757,,,
2022-11-11,7065837,74.1,75.4,71.05,71.9,-0.04,-0.06,0.64,513559393,,,53.8078,6.8932,5.3745,49.1824,79237148526.8,554105946,24988919,2.26,346990,,,
2022-11-14,7007264,71.49,73.13,69.26,69.93,-1.97,-2.74,0.64,496255175,,,52.3335,6.7044,5.2272,47.8348,77066116779.96,550484821,24746138,2.24,-242781,,,
2022-11-15,12244649,69.96,71.62,68.88,71.3,1.37,1.96,1.11,859202560,,,53.3588,6.8357,5.3296,48.772,78575920583.6,647145838,24449238,2.21,-296900,,,
2022-11-16,6942975,71.3,72.25,69.87,71.07,-0.23,-0.32,0.63,493282569,,,53.1866,6.8137,5.3124,48.6146,78322449872.04,642445741.82,23701395,2.15,-747843,,,
2022-11-17,13846339,71,71.7,66.08,67,-4.07,-5.73,1.26,934040113,,,50.1408,6.4235,5.0082,45.8306,73837120324,676526643,24380198,2.21,678803,,,
2022-11-18,11143892,66.72,69.65,65.7,68.34,1.34,2,1.01,756434662,,,51.1436,6.5519,5.1084,46.7472,75313862730.48,669486427.52,24205988,2.19,-174210,,,
2022-11-21,8793352,67.88,72.46,67.65,71.3,2.96,4.33,0.8,620551914,,,53.3588,6.8357,5.3296,48.772,78575920583.6,681185066.4,23868318,2.16,-337670,,,
2022-11-22,6708587,71.3,72.05,69.5,70.39,-0.91,-1.28,0.61,475924824,,,52.6777,6.7485,5.2616,48.1495,77573058203.08,683347783.42,23667646,2.14,-200672,,,
2022-11-23,3323720,70.24,70.9,68.89,70.09,-0.3,-0.43,0.3,232368532,,,52.4532,6.7197,5.2392,47.9443,77242444231.48,689771151.02,23989228,2.17,321582,,,
2022-11-24,4712530,71.1,72.8,69.5,70.07,-0.02,-0.03,0.43,332581353,,,52.4383,6.7178,5.2377,47.9306,77220403300.04,688480855.46,23893373,2.16,-95855,,,
2022-11-25,7951512,70.1,70.1,66.41,66.7,-3.37,-4.81,0.72,535057031,,,49.9163,6.3947,4.9858,45.6254,73506506352.4,686439970,24780402,2.24,887029,,,
2022-11-28,7758700,65.62,68.26,65.28,67.84,1.14,1.71,0.7,521540984,,,50.7694,6.504,5.071,46.4052,74762839444.48,738521162.52,25003219,2.26,222817,,,
2022-11-29,20314559,67.8,67.81,62.5,64.34,-3.5,-5.16,1.84,1305556596,,,48.1501,6.1684,4.8094,44.0111,70905676442.48,896452740.52,26125511,2.37,1122292,,,
2022-11-30,15110949,63.84,67.85,63.5,67.49,3.15,4.9,1.37,1000966990,,,50.5075,6.4704,5.0448,46.1658,74377123144.28,854874069.22,27282540,2.47,1157029,,,
2022-12-01,13639120,68.15,70.54,68.15,68.65,1.16,1.72,1.24,944813738,,,51.3756,6.5817,5.1316,46.9593,75655497167.8,844121542.05,27855948,2.52,573408,,,
2022-12-02,11248193,67.95,68.78,65.16,65.55,-3.1,-4.52,1.02,747232017,,,49.0556,6.2844,4.8998,44.8387,72239152794.6,866632223.35,28627227,2.59,771279,,,
2022-12-05,8588542,66,66.92,64.1,65,-0.55,-0.84,0.78,561257919,,,48.644,6.2317,4.8587,44.4625,71633027180,916392374,28641123,2.59,13896,,,
2022-12-06,22764479,64.07,64.99,59.5,63.11,-1.89,-2.91,2.07,1407080921,,,47.2296,6.0505,4.7174,43.1697,69550159158.92,944330068.16,29935258,2.71,1294135,,,
2022-12-07,13871480,63.32,65.68,62.24,63.86,0.75,1.19,1.26,890148763,,,47.7909,6.1224,4.7735,43.6827,70376694087.92,928025157.16,31355960,2.84,1420702,,,
2022-12-08,9410484,63.7,65.46,63.39,64.8,0.94,1.47,0.85,607555551,,,48.4944,6.2125,4.8438,44.3257,71412617865.6,934651655,29789128,2.7,-1566832,,,
2022-12-09,15629768,64.35,65.01,62.16,62.84,-1.96,-3.02,1.42,986552117,,,47.0276,6.0246,4.6973,42.985,69252606584.48,946384317.96,27682754,2.51,-2106374,,,
2022-12-12,10845214,62.8,62.9,60.64,62.67,-0.17,-0.27,0.98,673777378,,,46.9003,6.0083,4.6846,42.8687,69065258667.24,946444000.73,27758994,2.51,76240,,,
2022-12-13,12332988,62.39,63.58,60.07,60.37,-2.3,-3.67,1.12,751385733,,,45.1791,5.7878,4.5126,41.2954,66530551551.64,955579306.03,29022233,2.63,1263239,,,
2022-12-14,8073932,60.7,62.69,60.2,61.6,1.23,2.04,0.73,498669207,,,46.0996,5.9058,4.6046,42.1368,67886068835.2,853074986.4,29367040,2.66,344807,,,
2022-12-15,10856683,62.49,64.64,60.21,64.26,2.66,4.32,0.99,683847113,,,48.0902,6.1608,4.8034,43.9563,70817512716.72,820079120.94,29119961,2.64,-247079,,,
2022-12-16,8185669,64,64.4,61.2,61.63,-2.63,-4.09,0.74,509676489,,,46.122,5.9086,4.6068,42.1573,67919130232.36,839231906.97,29157490,2.64,37529,,,
2022-12-19,9132172,61.46,64.23,61.11,61.72,0.09,0.15,0.83,571179632,,,46.1894,5.9173,4.6135,42.2189,68018314423.84,441565724.68,29180362,2.64,22872,,,
2022-12-20,5622008,61.64,62.2,60.25,61.3,-0.42,-0.68,0.51,344015800,,,45.8751,5.877,4.5821,41.9316,67555454863.6,450877278.7,28839403,2.61,-340959,,,
2022-12-21,7324589,61.22,61.3,59.5,59.88,-1.42,-2.32,0.66,440220725,,,44.8124,5.7409,4.476,40.9602,65990548731.36,453207040,28707205,2.6,-132198,,,
2022-12-22,5891323,60.29,60.84,58.77,59.54,-0.34,-0.57,0.53,352318030,,,44.5579,5.7083,4.4506,40.7277,65615852896.88,450481418,28549774,2.59,-157431,,,
2022-12-23,10050156,59.1,59.39,56.7,57.49,-2.05,-3.44,0.91,577121412,,,43.0238,5.5117,4.2973,39.3254,63356657424.28,444367999,,,,,,
2022-12-26,12025326,57.91,62.3,57.1,62,4.51,7.84,1.09,728322553,,,46.3989,5.9441,4.6345,42.4104,68326887464,419291367,,,,,,
2022-12-27,6396656,61.9,62.62,60.72,61.92,-0.08,-0.13,0.58,394913209,,,46.3391,5.9364,4.6285,42.3557,68238723738.24,415352341,,,,,,
2022-12-28,17501040,60.5,60.82,57.93,58.21,-3.71,-5.99,1.59,1026093749,,,43.5626,5.5807,4.3512,39.8179,64150130956.12,399469258,29409075,2.66,859301,,,
2022-12-29,8772275,58.71,60.37,58.46,58.58,0.37,0.64,0.8,518706630,,,43.8395,5.6162,4.3788,40.071,64557888187.76,387492870.32,30169037,2.73,759962,,,
2022-12-30,8612945,59.48,60.3,58.54,58.58,0,0,0.78,511592241,,,43.8395,5.6162,4.3788,40.071,64557888187.76,383836922,29908776,2.71,-260261,,,
2023-01-03,7292923,58.58,60.43,57.35,59.67,1.09,1.86,0.66,431136202,,,44.6552,5.7207,4.4603,40.8166,65759118951.24,398679953,30126974,2.73,218198,,,
2023-01-04,12837726,58.6,58.95,56.32,57.19,-2.48,-4.16,1.16,734670577,,,42.7993,5.483,4.2749,39.1202,63026043452.68,437613080,29095076,2.64,-1031898,,,
2023-01-05,13370468,58,60.8,57.03,59.76,2.57,4.49,1.21,790828851,,,44.7226,5.7293,4.467,40.8782,65858303142.72,416055208,29764188,2.7,669112,,,
2023-01-06,18754593,59.11,64.01,58.9,63.8,4.04,6.76,1.7,1177029900,,,47.746,6.1167,4.769,43.6417,70310571293.6,413505282.2,27219523,2.46,-2544665,,,
2023-01-09,21513657,63.7,67.53,63.69,66.72,2.92,4.58,1.95,1425731963,,,49.9312,6.3966,4.9873,45.6391,73528547283.84,406411209,22526684,2.04,-4692839,,,
2023-01-10,10477353,66.91,68.75,65.65,67.9,1.18,1.77,0.95,704432956,,,50.8143,6.5097,5.0755,46.4462,74828962238.8,401790817,21486501,1.94,-1040183,,,
2023-01-11,11444494,67.67,69.56,66.51,66.82,-1.08,-1.59,1.04,775621651,,,50.0061,6.4062,4.9948,45.7075,73638751941.04,372776339,21732207,1.97,245706,,,
2023-01-12,8507370,66.82,68.5,65.58,67.1,0.28,0.42,0.77,571691699,,,50.2156,6.4331,5.0157,45.899,73947324981.2,417923424,21775177,1.97,42970,,,
2023-01-13,11119610,68,69.3,66.74,66.74,-0.36,-0.54,1.01,752058045,,,49.9462,6.3985,4.9888,45.6528,73550588215.28,462285761,22513611,2.04,738434,,,
2023-01-16,13594783,67.3,67.3,64.57,64.83,-1.91,-2.86,1.23,886449596,,,48.5168,6.2154,4.846,44.3462,71445679262.76,554296135,23931644,2.17,1418033,,,
2023-01-17,7167223,64.8,65.43,64.25,65.05,0.22,0.34,0.65,465195221,,,48.6814,6.2365,4.8625,44.4967,71688129508.6,622384385,24189588,2.19,257944,,,
2023-01-18,5777499,65.33,65.5,64.4,64.7,-0.35,-0.54,0.52,373867410,,,48.4195,6.203,4.8363,44.2573,71302413208.4,700525830.2,24498399,2.22,308811,,,
2023-01-19,6863400,64.75,64.99,63.6,64.09,-0.61,-0.94,0.62,440339175,,,47.963,6.1445,4.7907,43.8401,70630164799.48,774485829,24584963,2.23,86564,,,
2023-01-20,7753051,64.09,65.1,63.47,64.83,0.74,1.15,0.7,499773377,,,48.517,6.216,4.846009127978138,44.34624053462388,71445679263,817697052,24130788,2.18,-454175,,,
2023-01-30,5700609,70.5,71.31,70.35,71.31,6.48,10,0.52,405921723,,,53.3662,6.8367,5.3304,48.7788,78586941049.32,781826546,24126288,2.18,-4500,,,
2023-01-31,18375132,71.64,72.93,69.66,71.08,-0.23,-0.32,1.67,1312948054,,,53.1941,6.8146,5.3132,48.6215,78333470337.76,785315494,23917838,2.17,-208450,,,
2023-02-01,15661498,72.01,74.53,70.99,72.78,1.7,2.39,1.42,1145595369,,,54.4663,6.9776,5.4403,49.7843,80206949510.16,650417669,23125759,2.09,-792079,,,
2023-02-02,6356204,73,73.59,71.76,71.83,-0.95,-1.31,0.58,459866682,,,53.7554,6.8865,5.3693,49.1345,79160005266.76,652992364,23148521,2.1,22762,,,
2023-02-03,8654461,71.8,72.11,68.77,70.43,-1.4,-1.95,0.79,605901368,,,52.7077,6.7523,5.2646,48.1769,77617140065.96,660156203.14,23927272,2.17,778751,,,
2023-02-06,9408874,70,71.57,68.52,69.3,-1.13,-1.6,0.85,652242165,,,51.862,6.644,5.1801,47.4039,76371827439.6,687103727.4,24313647,2.2,386375,,,
2023-02-07,13316088,69.58,72.27,68.85,71.03,1.73,2.5,1.21,942780642,,,53.1567,6.8098,5.3095,48.5873,78278368009.16,714197885.94,24052793,2.18,-260854,,,
2023-02-08,6779797,70.89,72.15,69.84,71.6,0.57,0.8,0.62,481999294,,,53.5833,6.8645,5.3521,48.9772,78906534555.2,684317153.8,24416588,2.21,363795,,,
2023-02-09,10661609,71.37,74.11,70.9,72.83,1.23,1.72,0.97,778665435,,,54.5038,6.9824,5.444,49.8186,80262051838.76,685406793.34,26240897,2.38,1824309,,,
2023-02-10,6918325,72.73,73.47,71.77,72.51,-0.32,-0.44,0.63,500383263,,,54.2643,6.9517,5.4201,49.5997,79909396935.72,631801967.98,27647730,2.5,1406833,,,
2023-02-13,7475471,71.5,72.95,70.7,71.75,-0.76,-1.05,0.68,535961751,,,53.6955,6.8789,5.3633,49.0798,79071841541,641108899.5,29204061,2.64,1556331,,,
2023-02-14,5338357,71.39,72.88,70.7,71.13,-0.62,-0.86,0.48,380732587,,,53.2315,6.8194,5.3169,48.6557,78388572666.36,613500048,30639246,2.78,1435185,,,
2023-02-15,5394574,72,72.73,69.99,70.7,-0.43,-0.6,0.49,383425004,,,52.9097,6.7782,5.2848,48.3615,77914692640.4,619324584,32558841,2.95,1919595,,,
2023-02-16,5748195,71,71.21,69.6,70.3,-0.4,-0.57,0.52,404960369,,,52.6104,6.7398,5.2549,48.0879,77473874011.6,604994249,33761014,3.06,1202173,,,
2023-02-17,4613031,70.3,70.9,68.89,69.37,-0.93,-1.32,0.42,320455497,,,51.9144,6.6507,5.1854,47.4518,76448970699.64,593416172,35145299,3.18,1384285,,,
2023-02-20,11557625,69,69.35,67.11,67.58,-1.79,-2.58,1.05,782348585,,,50.5748,6.4791,5.0516,46.2273,74476307335.76,578905002,37805100,3.43,2659801,,,
2023-02-21,8110148,67.6,69.5,65.85,68.49,0.91,1.35,0.74,549177829,,,51.2558,6.5663,5.1196,46.8498,75479169716.28,573523037,37867838,3.43,62738,,,
2023-02-22,5019789,68,68.55,67.22,67.71,-0.78,-1.14,0.46,340331517,,,50.6721,6.4915,5.0613,46.3163,74619573390.12,577972229,37962817,3.44,94979,,,
2023-02-23,2958430,67.72,68.18,67.25,67.62,-0.09,-0.13,0.27,199835315,,,50.6048,6.4829,5.0546,46.2547,74520389198.64,575572029,38492534,3.49,529717,,,
2023-02-24,3265653,67.35,67.8,66.42,66.91,-0.71,-1.05,0.3,218347659,,,50.0734,6.4148,5.0015,45.769,73737936132.52,574866044,38849880,3.52,357346,,,
2023-02-27,4724575,66.51,67.48,65.91,66.95,0.04,0.06,0.43,315002232,,,50.1034,6.4187,5.0045,45.7964,73782017995.4,590491636,38528261,3.49,-321619,,,
2023-02-28,5196486,67.59,68.16,66.5,67,0.05,0.07,0.47,349242450,,,50.1408,6.4235,5.0082,45.8306,73837120324,595020248,38274946,3.47,-253315,,,
2023-03-01,8403060,66.95,67.09,65.02,65.67,-1.33,-1.99,0.76,551184279,,,49.1454,6.296,4.9088,44.9208,72371398383.24,617748378,38702700,3.51,427754,,,
2023-03-02,17837239,65,65.35,61.39,62.2,-3.47,-5.28,1.62,1109590330,,,46.5486,5.9633,4.6494,42.5472,68547296778.4,650401228,40483665,3.67,1780965,,,
2023-03-03,10870489,62.16,62.79,60.88,61,-1.2,-1.93,0.99,670423526,,,45.6506,5.8482,4.5597,41.7264,67224840892,635812843,42064422,3.81,1580757,,,
2023-03-06,14181334,61.18,61.28,58.89,60.5,-0.5,-0.82,1.29,849678708,,,45.2764,5.8003,4.5223,41.3844,66673817606,693345657,43383640,3.93,1319218,,,
2023-03-07,9597388,60.5,60.5,58.7,58.75,-1.75,-2.89,0.87,568680654,,,43.9667,5.6325,4.3915,40.1873,64745236105,692525503,43404960,3.93,21320,,,
2023-03-08,5288988,58.75,59.14,58.21,58.63,-0.12,-0.2,0.48,309677920,,,43.8769,5.621,4.3826,40.1052,64612990516.36,725659420,43470967,3.94,66007,,,
2023-03-09,7716499,58.6,58.8,57.43,57.62,-1.01,-1.72,0.7,447107929,,,43.1211,5.5242,4.3071,39.4143,63499923478.64,820093328,43292618,3.92,-178349,,,
2023-03-10,21462694,57.09,57.41,54.1,54.26,-3.36,-5.83,1.95,1175633832,,,40.6065,5.202,4.0559,37.1159,59797046996.72,,,,,,,
