timestamp,volume,open,high,low,close,chg,percent,turnoverrate,amount,volume_post,amount_post,pe,pb,ps,pcf,market_capital,balance,hold_volume_cn,hold_ratio_cn,net_volume_cn,hold_volume_hk,hold_ratio_hk,net_volume_hk
2020-08-24,9528649,115.8022,126.2348,95.0412,103.0222,31.0266,43.1,55.08,1936848281,3500,691250,53.5855,4.747,15.2896,198.766,14234626257.5,116120451,,,,,,
2020-08-25,7172702,100.6749,114.7589,98.2754,108.4993,5.4771,5.32,41.32,1452953604,2200,457600,56.4343,4.9994,16.1024,209.3333,14991403856,131074074,,,,,,
2020-08-26,4697524,104.3784,106.9031,95.9176,96.5018,-11.9975,-11.06,27.09,912538699,3100,573500,50.194,4.4466,14.3219,186.1859,13333700545,105171099,,,,,,
2020-08-27,4239186,96.4966,96.4966,84.2696,84.7912,-11.7106,-12.14,24.45,717271960,2200,357610,44.1029,3.907,12.5839,163.592,11715637965.35,100675146,,,,,,
2020-08-28,3294549,83.9827,88.3852,80.8529,80.9676,-3.8236,-4.51,19.02,529201225,1500,232830,42.1141,3.7308,12.0164,156.215,11187335127.54,90443584,,,,,,
2020-08-31,2221357,81.3745,82.8872,80.0704,81.5727,0.6051,0.75,12.85,348594464,900,140742,42.4289,3.7587,12.1062,157.3824,11270941033.66,104173678,,,,,,
2020-09-01,2175543,81.2754,85.7406,81.2754,82.5377,0.965,1.18,12.6,347377988,1000,158230,42.9308,3.8032,12.2495,159.2443,11404278039.11,116347167,,,,,,
2020-09-02,2191517,83.9305,83.9774,78.7663,79.2932,-3.2445,-3.93,12.62,337361347,1000,152010,41.2432,3.6537,11.7679,152.9844,10955977404.57,131034541,,,,,,
2020-09-03,2251876,78.4012,79.2358,75.3236,75.6418,-3.6514,-4.6,12.96,330596397,900,130509,39.344,3.4854,11.226,145.9395,10451459005.57,126060655,,,,,,
2020-09-04,1471958,75.1149,77.7179,74.3429,76.8885,1.2467,1.65,8.49,216107306,300,44220,39.9924,3.5429,11.411,148.3449,10623716001.8,126762485,,,,,,
2020-09-07,1644060,75.6835,78.4377,74.8541,75.1097,-1.7788,-2.31,9.51,241526392,900,129591,39.0672,3.4609,11.1471,144.913,10377943467.43,125767093,,,,,,
2020-09-08,1611357,75.1149,75.8974,72.6633,73.0232,-2.0865,-2.78,9.34,227777975,400,55996,37.9819,3.3648,10.8374,140.8874,10089647239.43,121166230,,,,,,
2020-09-09,1584933,72.7728,72.7728,69.5648,69.6013,-3.4219,-4.69,9.15,215117272,200,26686,36.2021,3.2071,10.3295,134.2853,9616841425.51,123484592,,,,,,
2020-09-10,1431910,70.4307,70.9106,66.7688,66.7688,-2.8325,-4.07,8.17,188705761,2100,268800,34.7288,3.0766,9.9092,128.8205,9225479296,125077049,,,,,,
2020-09-11,2250479,66.3359,74.3794,65.7308,71.9173,5.1485,7.71,13.04,303911473,400,55148,37.4067,3.3138,10.6733,138.7538,9936850238.59,120463249,,,,,,
2020-09-14,1670072,70.9419,72.8667,70.6863,72.079,0.1617,0.22,9.63,229634161,400,55272,37.4909,3.3213,10.6973,139.0658,9959193196.26,123011479,,,,,,
2020-09-15,2071805,71.7191,75.8974,70.2533,73.1692,1.0902,1.51,11.95,291292112,200,28054,38.0579,3.3715,10.8591,141.1692,10109827975.39,120243451,,,,,,
2020-09-16,2628127,72.4911,77.2432,71.2653,76.6798,3.5106,4.8,15.17,378503664,2200,323400,39.8839,3.5332,11.3801,147.9423,10594886379,127932906,,,,,,
2020-09-17,3312202,76.6798,80.3312,74.4994,74.7028,-1.977,-2.58,19.25,495830875,500,71605,38.8556,3.4421,11.0867,144.128,10321725702.97,115956217,,,,,,
2020-09-18,1645131,74.1238,75.1045,72.3764,73.211,-1.4918,-2,9.47,230926731,1000,140350,38.0796,3.3734,10.8653,141.2497,10115593899.95,127182396,,,,,,
2020-09-21,1003012,72.4024,73.3831,72.0112,72.439,-0.772,-1.05,5.73,139570992,,,37.6781,3.3378,10.7507,139.7602,10008924295.59,119155141,,,,,,
2020-09-22,1323778,71.9434,71.9486,70.1751,70.2846,-2.1544,-2.97,7.64,180196761,100,13474,36.5575,3.2386,10.431,135.6037,9711258440.18,119912850,,,,,,
2020-09-23,1659532,71.1975,74.682,70.9419,73.5083,3.2237,4.59,9.6,233433410,1400,197288,38.2343,3.3871,10.9094,141.8233,10156676112.44,118710074,,,,,,
2020-09-24,2008553,72.512,75.9808,72.4181,73.9986,0.4903,0.67,11.64,285600071,1300,184418,38.4893,3.4097,10.9822,142.7693,10224425726.02,115294152,,,,,,
2020-09-25,1484778,73.0284,75.4696,72.0164,72.3085,-1.6901,-2.28,8.53,209942991,300,41586,37.6102,3.3318,10.7313,139.5086,9990905781.34,112932015,,,,,,
2020-09-28,1090424,71.9695,72.9241,69.7004,69.8882,-2.4203,-3.35,6.27,148741828,600,80388,36.3513,3.2203,10.3721,134.8388,9656482156.86,113320608,,,,,,
2020-09-29,608432,70.4568,70.8845,69.69,69.7891,-0.0991,-0.14,3.49,81898144,100,13379,36.2998,3.2157,10.3574,134.6476,9642788086.03,113500652,,,,,,
2020-09-30,709294,70.0916,70.3942,68.4172,68.6989,-1.0902,-1.56,4.05,94237372,400,52680,33.6777,3.0564,8.7416,783.5066,9492153306.9,109837138,,,,,,
2020-10-09,904190,69.7943,72.1938,69.6378,71.6409,2.942,4.28,5.2,123300186,,,35.1199,3.1873,9.116,817.06,9898650988.38,111482005,,,,,,
2020-10-12,1073918,72.0269,73.4718,72.0269,73.4196,1.7787,2.48,6.2,150146140,,,35.9919,3.2665,9.3423,837.3467,10144423522.75,116695109,,,,,,
2020-10-13,1191424,73.404,74.2386,71.9851,73.8004,0.3808,0.52,6.88,167078494,100,14148,36.1786,3.2834,9.3908,841.6896,10197037584.36,125086984,,,,,,
2020-10-14,1737453,73.936,76.3721,73.5709,75.9495,2.1491,2.91,10,250041204,100,14560,37.2321,3.379,9.6642,866.2002,10493982699.2,121382548,,,,,,
2020-10-15,3438628,77.7022,85.2711,77.7022,82.5169,6.5674,8.65,19.92,540379419,1900,300561,40.4516,3.6712,10.4999,941.1003,11401395076.83,126450764,,,,,,
2020-10-16,1842278,80.8529,82.3604,78.662,78.662,-3.8549,-4.67,10.62,282452452,800,120640,38.5618,3.4997,10.0094,897.1359,10868767795.6,128575879,,,,,,
2020-10-19,1108802,80.3312,80.3365,76.6798,76.6798,-1.9822,-2.52,6.31,166521060,,,37.5901,3.4115,9.7572,874.529,10594886379,130459735,,,,,,
2020-10-20,1464138,76.4607,80.3156,76.4555,79.6531,2.9733,3.88,8.44,221617838,500,76350,39.0477,3.5438,10.1355,908.4393,11005708503.9,136822207,,,,,,
2020-10-21,1486431,80.1748,81.1033,79.0324,79.1367,-0.5164,-0.65,8.54,227782749,100,15171,38.7945,3.5208,10.0698,902.5496,10934355187.47,136480568,,,,,,
2020-10-22,1132080,77.8744,79.7001,77.2067,77.6918,-1.4449,-1.83,6.55,169932285,,,38.0862,3.4565,9.8859,886.0704,10734710049.58,137793882,,,,,,
2020-10-23,1172027,77.9839,80.1695,77.0971,77.6709,-0.0209,-0.03,6.75,176116556,,,38.076,3.4556,9.8833,885.8325,10731827087.3,130411371,,,,,,
2020-10-26,870798,77.697,78.1926,75.1201,77.1754,-0.4955,-0.64,5.03,127944768,,,37.8331,3.4336,9.8202,880.1807,10663356733.15,133216817,,,,,,
2020-10-27,909851,76.4294,78.0048,75.7409,77.6188,0.4434,0.57,5.26,134233604,,,38.0504,3.4533,9.8766,885.2375,10724619681.6,129669698,,,,,,
2020-10-28,2139354,77.2015,82.8299,77.0971,81.531,3.9122,5.04,12.44,333091484,,,39.9683,3.6273,10.3745,929.8564,11265175109.1,133612997,,,,,,
2020-10-29,1402167,79.5801,81.1398,78.9228,79.2202,-2.3108,-2.83,8.14,214330205,500,75935,38.8355,3.5245,10.0804,903.5015,10945887036.59,129959845,,,,,,
2020-10-30,1729953,78.9228,81.5571,77.2015,78.1769,-1.0433,-1.32,10.05,263875342,2100,314727,38.324,3.4781,9.9477,891.6032,10801738922.59,128009022,,,,,,
2020-11-02,1209652,78.0413,79.4288,75.4696,76.9459,-1.231,-1.57,7.02,178440340,,,37.7205,3.4234,9.791,877.5631,10631644148.07,130777013,,,,,,
2020-11-03,866859,76.9824,78.7663,76.3147,78.4221,1.4762,1.92,4.99,129099940,,,38.4442,3.489,9.9789,894.3993,10835613729.38,132431522,,,,,,
2020-11-04,727731,78.8237,78.8394,76.2416,77.0554,-1.3667,-1.74,4.18,107807296,,,37.7742,3.4282,9.805,878.8124,10646779700.04,134792995,,,,,,
2020-11-05,800609,77.5562,78.7455,76.7841,78.1821,1.1267,1.46,4.6,119652616,,,38.3266,3.4784,9.9483,891.6627,10802459663.16,137416771,,,,,,
2020-11-06,1887368,78.2499,81.2702,78.2499,80.1487,1.9666,2.52,10.83,290366183,1400,215110,39.2906,3.5658,10.1986,914.0911,11074178858.05,140185852,,,,,,
2020-11-09,1567983,80.6807,83.774,79.434,82.929,2.7803,3.47,9.01,246351043,,,40.6536,3.6895,10.5523,945.8002,11458333581.86,147049883,,,,,,
2020-11-10,2089078,84.3791,87.3628,82.5325,82.543,-0.386,-0.47,12.14,341173607,1100,174064,40.4644,3.6724,10.5032,941.3978,11404998779.68,158229743,,,,,,
2020-11-11,1229759,81.8961,83.4036,79.1367,79.2932,-3.2498,-3.94,7.1,190621893,200,30402,38.8713,3.5278,10.0897,904.3344,10955977404.57,155891573,,,,,,
2020-11-12,1053448,78.7142,79.9765,77.6188,79.9452,0.652,0.82,6.08,158976887,,,39.1909,3.5568,10.1727,911.7709,11046069975.82,144533476,,,,,,
2020-11-13,477220,78.7663,80.1122,78.6933,79.8357,-0.1095,-0.14,2.72,72707014,,,39.1372,3.5519,10.1587,910.5215,11030934423.85,143579537,,,,,,
2020-11-16,1773278,80.5921,86.3196,80.2269,84.5617,4.726,5.92,10.27,285264885,100,16211,41.454,3.7622,10.7601,964.4211,11683925380.27,143233330,,,,,,
2020-11-17,1544725,84.9216,86.8412,83.7792,86.0118,1.4501,1.71,8.88,253680863,500,82445,42.1649,3.8267,10.9446,980.9598,11884291258.73,135878881,,,,,,
2020-11-18,1154256,85.5423,87.2637,83.5184,84.6608,-1.351,-1.57,6.67,188413468,100,16230,41.5026,3.7666,10.7727,965.5514,11697619451.1,134619589,,,,,,
2020-11-19,1891696,83.9827,88.6773,82.4438,87.7228,3.062,3.62,10.93,313949912,100,16817,43.0036,3.9028,11.1623,1000.4731,12120694165.69,136588707,,,,,,
2020-11-20,1326947,87.1124,90.5083,85.9701,86.2935,-1.4293,-1.63,7.66,222667927,300,49629,42.303,3.8392,10.9805,984.1724,11923211249.51,142972731,,,,,,
2020-11-23,827373,86.137,86.9507,84.6086,85.1772,-1.1163,-1.29,4.8,135447649,100,16329,41.7557,3.7896,10.8384,971.4411,11768972767.53,142814757,,,,,,
2020-11-24,679997,85.2815,85.6988,83.8783,84.2487,-0.9285,-1.09,3.92,110402013,,,41.3006,3.7483,10.7203,960.8516,11640680946.07,141754134,,,,,,
2020-11-25,661846,84.3582,84.9738,82.9811,83.8836,-0.3651,-0.43,3.83,106616478,,,41.1216,3.732,10.6738,956.6872,11590229106.17,141933602,,,,,,
2020-11-26,758708,83.6227,86.7004,83.461,84.6608,0.7772,0.93,4.41,123966624,100,16230,41.5026,3.7666,10.7727,965.5514,11697619451.1,136712857,,,,,,
2020-11-27,810891,84.9581,84.9581,81.9014,82.2665,-2.3943,-2.83,4.69,129184873,200,31542,40.3288,3.6601,10.4681,938.2447,11366799529.47,138125483,,,,,,
2020-11-30,905403,82.0578,82.9394,79.8096,79.8096,-2.4569,-2.99,5.17,140468163,200,30600,39.1244,3.5508,10.1554,910.2241,11027330721,143933996,,,,,,
2020-12-01,594987,79.8096,81.3119,79.288,80.9572,1.1476,1.44,3.4,91461681,,,39.687,3.6018,10.3015,923.3123,11185893646.4,143373098,,,,,,
2020-12-02,588170,80.4095,81.3171,79.2828,79.5488,-1.4084,-1.74,3.38,90153748,,,38.9966,3.5392,10.1222,907.2495,10991293692.5,142360608,,,,,,
2020-12-03,562450,79.8044,81.1606,79.3088,80.8633,1.3145,1.65,3.25,86530364,,,39.641,3.5976,10.2895,922.2414,11172920316.14,141998966,,,,,,
2020-12-04,593512,80.3469,82.4699,80.326,80.8633,0,0,3.45,92291677,,,39.641,3.5976,10.2895,922.2414,11172920316.14,145622017,,,,,,
2020-12-07,468774,80.8529,81.9274,80.4408,81.2858,0.4225,0.52,2.71,73158789,,,39.8481,3.6164,10.3433,927.0603,11231300302.31,139706012,,,,,,
2020-12-08,405200,81.6145,81.7657,80.0339,81.098,-0.1878,-0.23,2.33,62804570,,,39.756,3.6081,10.3194,924.9186,11205353641.79,139211224,,,,,,
2020-12-09,604900,80.6181,81.7188,77.9578,77.9578,-3.1402,-3.87,3.46,92855401,100,14945,38.2166,3.4684,9.9198,889.1045,10771467818.65,136905817,,,,,,
2020-12-10,629189,77.9578,78.6672,75.6366,78.5577,0.5999,0.77,3.66,93150004,,,38.5107,3.4951,9.9961,895.9461,10854352984.2,132992742,,,,,,
2020-12-11,547337,78.0361,79.6948,75.6731,76.8885,-1.6692,-2.12,3.16,81369000,,,37.6924,3.4208,9.7837,876.9087,10623716001.8,131136442,,,,,,
2020-12-14,413000,76.1843,77.2797,75.7409,76.685,-0.2035,-0.26,2.38,60509264,,,37.5927,3.4117,9.7578,874.5885,10595607119.57,125338910,,,,,,
2020-12-15,564261,76.6798,76.6798,74.489,74.5985,-2.0865,-2.72,3.24,81402306,,,36.5698,3.3189,9.4923,850.7918,10307310891.57,120676169,,,,,,
2020-12-16,443586,75.6209,75.6209,73.0336,73.2371,-1.3614,-1.82,2.57,62751414,,,35.9024,3.2583,9.3191,835.2645,10119197602.8,120314206,,,,,,
2020-12-17,399774,73.8943,75.0002,73.3414,74.1343,0.8972,1.23,2.3,56873095,,,36.3422,3.2983,9.4333,845.497,10243164980.84,119588614,,,,,,
2020-12-18,454543,74.1864,74.5776,72.4546,72.4963,-1.638,-2.21,2.62,63871165,,,35.5393,3.2254,9.2248,826.8166,10016852441.86,115327901,,,,,,
2020-12-21,437582,72.4024,73.284,72.0373,72.2981,-0.1982,-0.27,2.52,60949909,,,35.4421,3.2166,9.1996,824.5559,9989464300.2,115748397,,,,,,
2020-12-22,438154,72.3607,73.4927,71.5157,71.62,-0.6781,-0.94,2.53,60794678,,,35.1097,3.1864,9.1133,816.822,9895768026.1,111026500,,,,,,
2020-12-23,916600,71.5052,72.0947,69.2831,69.377,-2.243,-3.13,5.25,123733981,,,34.0101,3.0866,8.8279,791.2405,9585849581,113059194,,,,,,
2020-12-24,708886,69.2205,72.4442,68.6519,69.8099,0.4329,0.62,4.09,95809831,,,34.2224,3.1059,8.883,796.1784,9645671048.31,107370130,,,,,,
2020-12-25,442695,69.377,70.7437,68.9492,70.4359,0.626,0.9,2.56,59352541,,,34.5292,3.1337,8.9627,803.3174,9732159916.71,107641357,,,,,,
2020-12-28,939306,69.4865,69.4865,66.7688,66.7845,-3.6514,-5.18,5.4,121697392,,,32.7392,2.9713,8.498,761.6731,9227641517.71,110808007,,,,,,
2020-12-29,494438,66.2889,68.0312,66.1429,66.3567,-0.4278,-0.64,2.84,63424399,,,32.5295,2.9522,8.4436,756.7948,9168540790.97,106540029,,,,,,
2020-12-30,442352,66.701,67.2487,66.002,66.6645,0.3078,0.46,2.46,56565185,,,32.6804,2.9659,8.4828,760.3048,9211064484.6,110669381,,,,,,
2020-12-31,519737,66.6854,68.4328,66.5915,68.1772,1.5127,2.27,2.93,67615416,,,36.1615,2.9789,9.5743,119.6046,9420079249.9,106403307,,,,,,
2021-01-04,1251469,70.4307,75.1149,70.4307,73.8891,5.7119,8.38,7.21,176027720,,,39.1911,3.2285,10.3764,129.625,10209290174.05,107713737,,,,,,
2021-01-05,780887,73.1797,75.6366,72.7728,74.5881,0.699,0.95,4.46,111152043,100,14299,39.5618,3.2591,10.4746,130.8513,10305869410.43,115296100,,,,,,
2021-01-06,528605,74.129,74.8489,72.1834,72.5954,-1.9927,-2.67,3.06,74000600,,,38.5049,3.172,10.1947,127.3556,10030546512.69,115234180,,,,,,
2021-01-07,1395173,72.3659,72.5537,66.1846,66.1846,-6.4108,-8.83,7.92,182358020,,,35.1046,2.8919,9.2944,116.1089,9144756352.16,118316369,,,,,,
2021-01-08,758458,65.9342,67.6921,63.5191,65.8299,-0.3547,-0.54,4.4,95926348,,,34.9164,2.8764,9.2446,115.4866,9095745993.4,117463218,,,,,,
2021-01-11,717537,66.4454,66.4454,62.8618,63.4878,-2.3421,-3.56,4.17,88207679,,,33.6742,2.774,8.9157,111.3778,8772133477.47,116884895,,,,,,
2021-01-12,538432,63.5399,64.9431,63.5399,64.1607,0.6729,1.06,3.13,66195309,,,34.0311,2.8034,9.0102,112.5583,8865109011,114132103,,,,,,
2021-01-13,716200,64.1607,64.6614,61.083,62.1211,-2.0396,-3.18,4.15,85261277,,,32.9493,2.7143,8.7238,108.9802,8583299448.13,118202712,,,,,,
2021-01-14,610806,62.0741,63.4043,60.0919,62.335,0.2139,0.34,3.52,72609458,100,11950,33.0627,2.7237,8.7538,109.3554,8612849811.5,113684749,,,,,,
2021-01-15,985491,62.2828,66.5497,62.0794,64.4371,2.1021,3.37,5.67,122845716,,,34.1777,2.8155,9.049,113.0433,8903308261.21,109256052,,,,,,
2021-01-18,610375,64.6301,65.3656,63.5347,64.5623,0.1252,0.19,3.53,75202440,,,34.2441,2.821,9.0666,113.2629,8920606034.89,104433503,,,,,,
2021-01-19,710542,63.8007,65.5378,63.2374,64.9953,0.433,0.67,4.13,88358992,,,34.4738,2.8399,9.1274,114.0224,8980427502.2,104850962,,,,,,
2021-01-20,481848,64.6823,65.0474,63.7225,64.4476,-0.5477,-0.84,2.78,59351004,,,34.1832,2.816,9.0505,113.0616,8904749742.35,104709978,,,,,,
2021-01-21,566237,64.4736,65.2039,63.4304,63.8686,-0.579,-0.9,3.29,69700972,,,33.8761,2.7907,8.9692,112.0458,8824747539.08,103250595,,,,,,
2021-01-22,513525,63.832,63.832,62.1889,62.3506,-1.518,-2.38,2.96,61880208,200,23906,33.071,2.7244,8.756,109.3829,8615012033.21,101570666,,,,,,
2021-01-25,1135436,61.8081,62.5958,59.0539,59.1217,-3.2289,-5.18,6.54,131177746,,,31.3584,2.5833,8.3026,103.7183,8168873620.38,102084105,,,,,,
2021-01-26,529200,59.4556,60.7701,59.1582,59.466,0.3443,0.58,3.07,60690688,,,31.541,2.5983,8.3509,104.3223,8216442498,101556307,,,,,,
2021-01-27,791126,59.0852,60.8535,57.9585,60.6553,1.1893,2,4.55,90344989,1800,209304,32.1718,2.6503,8.518,106.4088,8380771347.96,101287678,,,,,,
2021-01-28,990324,60.4988,63.373,59.8989,61.7872,1.1319,1.87,5.75,117843990,,,32.7722,2.6997,8.6769,108.3945,8537172051.65,108095656,,,,,,
2021-01-29,674181,62.4028,63.1122,60.7909,62.1002,0.313,0.51,3.91,79913303,,,32.9382,2.7134,8.7209,108.9436,8580416485.85,105329849,,,,,,
2021-02-01,975472,61.6099,65.1361,61.5629,64.0563,1.9561,3.15,5.63,118876681,100,12280,33.9757,2.7989,8.9956,112.3753,8850694199.6,103255456,,,,,,
2021-02-02,727781,63.4043,64.9431,62.0741,62.095,-1.9613,-3.06,4.17,88141490,,,32.9354,2.7132,8.7201,108.9344,8579695745.28,104107910,,,,,,
2021-02-03,840135,62.0689,62.7418,59.4138,59.7268,-2.3682,-3.81,4.89,97362801,,,31.6793,2.6097,8.3876,104.7799,8252479526.5,106221356,,,,,,
2021-02-04,908913,59.9876,61.4795,57.9793,60.7127,0.9859,1.65,5.27,104143241,,,32.2022,2.6528,8.526,106.5094,8388699494.23,103302346,,,,,,
2021-02-05,1818056,62.4393,67.6712,61.4899,64.964,4.2513,7,10.52,226902822,,,34.4572,2.8385,9.123,113.9675,8976103058.78,99804620,,,,,,
2021-02-08,1104744,63.8946,66.4924,63.373,65.7777,0.8137,1.25,6.39,138168033,,,34.8888,2.8741,9.2373,115.3951,9088538587.7,101808474,,,,,,
2021-02-09,1245134,66.508,70.2012,66.508,68.6258,2.8481,4.33,7.19,164474455,300,39468,36.3994,2.9985,9.6373,120.3916,9482062938.92,103463663,,,,,,
2021-02-10,2519025,68.7928,77.4675,68.7928,75.3757,6.7499,9.84,14.53,354941894,100,14450,39.9796,3.2935,10.5852,132.2331,10414701236.5,156601749,,,,,,
2021-02-18,1683349,75.6366,77.4675,74.5255,75.9078,0.5321,0.71,9.7,244867654,200,29104,40.2618,3.3167,10.6599,133.1665,10488216774.64,169322206,,,,,,
2021-02-19,1939270,75.9078,76.805,72.246,75.8974,-0.0104,-0.01,11.14,276624308,,,40.2563,3.3163,10.6584,133.1482,10486775293.5,150885622,,,,,,
2021-02-22,1920205,75.381,78.349,74.2282,78.1926,2.2952,3.02,10.72,280513140,2400,359760,41.4736,3.4166,10.9807,137.1747,10803901144.3,150613053,,,,,,
2021-02-23,3976517,81.8701,82.3134,70.2116,70.8271,-7.3655,-9.42,23.14,569843638,300,40734,37.567,3.0947,9.9464,124.2534,9786215459.46,129461165,,,,,,
2021-02-24,2385255,70.4202,72.4442,67.8903,71.693,0.8659,1.22,13.09,321310445,200,27488,38.0263,3.1326,10.068,125.7724,9905858394.08,139539950,,,,,,
2021-02-25,1930966,70.9419,71.8443,67.8538,67.9894,-3.7036,-5.17,10.56,256543119,200,26068,36.0619,2.9707,9.5479,119.2752,9394132589.38,146164748,,,,,,
2021-02-26,1464140,68.6989,70.3994,67.8642,68.8553,0.8659,1.27,8.05,193928843,200,26400,36.5212,3.0086,9.6695,120.7942,9513775524,139203293,,,,,,
2021-03-01,1247053,69.0588,70.149,68.4224,69.5335,0.6782,0.98,6.84,165708304,,,36.8808,3.0382,9.7647,121.9839,9607471798.1,135417608,,,,,,
2021-03-02,1111237,69.4291,69.7682,68.0468,68.5945,-0.939,-1.35,6.08,146447797,100,13150,36.3828,2.9972,9.6329,120.3367,9477738495.5,139703833,,,,,,
2021-03-03,834121,68.219,69.1109,68.1251,68.8814,0.2869,0.42,4.49,109926578,100,13205,36.535,3.0097,9.6732,120.84,9517379226.85,139134587,,,,,,
2021-03-04,1332553,68.5945,70.8375,68.4276,69.3352,0.4538,0.66,7.32,178742592,,,36.7757,3.0295,9.7369,121.6361,9580083656.44,140749051,,,,,,
2021-03-05,1327960,68.7458,71.3957,68.4693,71.3592,2.024,2.92,7.21,178688617,,,37.8492,3.118,10.0211,125.1868,9859730997.6,134435536,,,,,,
2021-03-08,1807042,72.0842,75.5218,71.4635,71.4635,0.1043,0.15,9.92,254496084,100,13700,37.9045,3.1225,10.0358,125.3698,9874145809,141565182,,,,,,
2021-03-09,1790495,71.5574,74.8385,70.9471,72.5641,1.1006,1.54,9.87,251046059,100,13911,38.4883,3.1706,10.1903,127.3007,10026222069.27,143517343,,,,,,
2021-03-10,1740961,73.5344,73.7587,68.2346,68.3702,-4.1939,-5.78,9.56,233006232,,,36.2638,2.9874,9.6014,119.9432,9446746650.99,148806151,,,,,,
2021-03-11,1676262,68.0781,72.7676,68.0781,71.3174,2.9472,4.31,9.22,227429714,,,37.8271,3.1162,10.0153,125.1136,9853965073.04,144042579,,,,,,
2021-03-12,1153985,71.2027,71.3644,68.751,69.7943,-1.5231,-2.14,6.33,154184684,,,37.0192,3.0496,9.8014,122.4414,9643508826.6,147480710,,,,,,
2021-03-15,993701,69.4552,71.234,69.0744,70.6185,0.8242,1.18,5.41,133676794,,,37.4563,3.0856,9.9171,123.8873,9757385836.66,145115507,,,,,,
2021-03-16,1817375,71.0462,74.3325,71.0201,74.3012,3.6827,5.21,9.95,253759715,,,39.4096,3.2465,10.4343,130.348,10266228679.08,145610047,,,,,,
2021-03-17,2446747,73.3883,79.6479,71.9851,77.3006,2.9994,4.04,13.36,356513695,,,41.0005,3.3776,10.8555,135.6098,10680654506.83,155506598,,,,,,
2021-03-18,1826478,76.6798,78.0308,75.3757,75.5218,-1.7788,-2.3,10.06,267791902,100,14478,40.0571,3.2999,10.6057,132.4893,10434881972.46,158293783,,,,,,
2021-03-19,1517383,75.4592,77.4153,75.1306,76.0956,0.5738,0.76,8.42,222446091,,,40.3614,3.3249,10.6863,133.4959,10514163435.16,160935452,,,,,,
2021-03-22,1168551,76.1582,77.0763,75.1671,77.0241,0.9285,1.22,6.31,170676374,,,40.8539,3.3655,10.8167,135.1248,10642455256.62,160692889,,,,,,
2021-03-23,1364857,76.4451,76.6694,72.9241,73.55,-3.4741,-4.51,7.5,195180318,400,56400,39.0112,3.2137,10.3288,129.0302,10162442037,171481998,,,,,,
2021-03-24,972063,72.7311,74.5933,71.7556,72.246,-1.304,-1.77,5.35,135899749,200,27700,38.3195,3.1567,10.1457,126.7424,9982256894.5,174433209,,,,,,
2021-03-25,823749,71.5678,72.1364,70.2116,70.9419,-1.3041,-1.81,4.49,112438565,,,37.6279,3.0997,9.9625,124.4547,9802071752,172740543,,,,,,
2021-03-26,1024501,71.2496,73.2892,70.6706,72.3816,1.4397,2.03,5.57,141474456,,,38.3915,3.1626,10.1647,126.9804,10000996149.32,177420628,,,,,,
2021-03-29,1022503,72.4024,73.8682,71.62,73.8526,1.471,2.03,5.54,143106990,,,39.1717,3.2269,10.3713,129.561,10204244990.06,167296873,,,,,,
2021-03-30,1431665,73.9517,73.9517,70.6706,73.0284,-0.8242,-1.12,7.85,197963094,700,98000,38.7346,3.1909,10.2555,128.1151,10090367980,173356658,,,,,,
2021-03-31,1196592,72.6737,75.0054,71.8756,74.6089,1.5805,2.16,6.58,169265004,200,28606,38.3491,3.3055,10.55,371.2806,10308752372.71,165568217,,,,,,
2021-04-01,1217541,74.3794,75.5061,73.0806,73.5031,-1.1058,-1.48,6.66,173301283,,,37.7807,3.2565,10.3936,365.7774,10155955371.87,168880825,,,,,,
2021-04-02,1405078,73.0284,73.357,71.3905,71.4166,-2.0865,-2.84,7.64,194645548,,,36.7082,3.1641,10.0986,355.3942,9867659143.87,160254849,,,,,,
2021-04-06,2058452,71.7552,71.875,68.8898,70.2177,-1.1989,-1.68,5.9,144759889,,,35.828,3.1613,9.8564,346.8721,9631039993.64,159472164,,,,,,
2021-04-07,1822243,69.5587,70.5471,68.5703,70.1777,-0.04,-0.06,5.21,126792187,,,35.8076,3.1595,9.8508,346.6748,9625562365.32,160743984,,,,,,
2021-04-08,2269231,69.8882,71.875,69.4888,71.6653,1.4876,2.12,6.54,160881473,190,13638,36.5666,3.2264,10.0596,354.0236,9829604020.24,159430815,,,,,,
2021-04-09,2447522,70.8966,71.4856,67.3922,67.4022,-4.2631,-5.95,6.87,169426245,660,44556,34.3914,3.0345,9.4612,332.9636,9244867197.08,161769773,,,,,,
2021-04-12,2556543,66.883,66.893,62.3602,62.48,-4.9222,-7.3,7.38,164253982,,,31.8799,2.8129,8.7703,308.6486,8569749506.64,159708990,,,,,,
2021-04-13,1354273,62.4002,63.3986,61.5715,62.1006,-0.3794,-0.61,3.89,84551797,100,6220,31.6863,2.7958,8.717,306.7744,8517712037.6,155562704,,,,,,
2021-04-14,1429736,61.9209,63.8778,61.7712,62.7995,0.6989,1.13,4.1,89874040,,,32.0429,2.8273,8.8151,310.2268,8613570533.2,157983739,,,,,,
2021-04-15,1625935,62.9193,62.9493,60.2536,60.7428,-2.0567,-3.28,4.68,99266476,,,30.9935,2.7347,8.5264,300.0668,8331472674.72,155374026,,,,,,
2021-04-16,1301610,60.1038,62.1605,60.0938,62.0108,1.268,2.09,3.69,79994327,,,31.6405,2.7918,8.7044,306.3305,8505387373.88,154254382,,,,,,
2021-04-19,1365370,60.7129,63.2488,60.7129,62.47,0.4592,0.74,3.93,85680987,300,18771,31.8748,2.8125,8.7689,308.5992,8568380099.56,150484378,,,,,,
2021-04-20,1652629,62.4002,64.4768,61.7812,62.5799,0.1099,0.18,4.79,104718484,,,31.9309,2.8174,8.7843,309.1418,8583443577.44,151949713,,,,,,
2021-04-21,1280888,62.0607,64.2772,61.9808,62.9992,0.4193,0.67,3.7,81077801,,,32.1448,2.8363,8.8431,311.2132,8640958674.8,148914994,,,,,,
2021-04-22,1226944,63.2987,63.3387,61.7312,62.0008,-0.9984,-1.58,3.56,76637468,,,31.6354,2.7913,8.703,306.2812,8504017966.8,148201355,,,,,,
2021-04-23,2530609,62.0108,65.7648,61.1122,64.5467,2.5459,4.11,7.31,161305967,,,32.9344,2.906,9.0604,318.8579,8853216772.2,146066324,,,,,,
2021-04-26,1494775,63.8978,65.0958,63.6382,64.1973,-0.3494,-0.54,4.28,95978967,300,19290,32.7561,2.8902,9.0113,317.1317,8805287524.4,148336851,,,,,,
2021-04-27,3211619,61.4018,61.8011,57.8874,58.0272,-6.1701,-9.61,9.28,191057436,,,29.6079,2.6124,8.1452,286.6516,7958993948.96,147683848,,,,,,
2021-04-28,1875096,57.7077,58.3566,55.9605,57.0587,-0.9685,-1.67,5.41,106674296,,,29.1137,2.5688,8.0093,281.8675,7826161462.2,150033542,,,,,,
2021-04-29,1447169,56.5196,57.0487,55.6909,55.6909,-1.3678,-2.4,4.16,81459005,1500,83670,28.4158,2.5073,7.8173,275.1105,7638552692.24,149220906,,,,,,
2021-04-30,1122646,55.9605,56.6494,55.1717,55.3315,-0.3594,-0.65,3.22,62688690,,,28.2324,2.4911,7.7668,273.335,7589254037.36,145041388,,,,,,
2021-05-06,1114524,54.8922,56.1601,54.4828,54.5927,-0.7388,-1.34,3.21,61469158,,,27.8554,2.4578,7.6631,269.6853,7487917913.44,145814370,,,,,,
2021-05-07,1604930,54.6026,56.4896,53.9637,55.5212,0.9285,1.7,4.63,89088441,,,28.3292,2.4996,7.7935,274.2721,7615272771.88,143070538,,,,,,
2021-05-10,1282395,55.0919,56.3798,54.0136,55.022,-0.4992,-0.9,3.71,70910599,,,28.0745,2.4771,7.7234,271.806,7546802417.88,145250576,,,,,,
2021-05-11,2073304,55.3814,58.3466,55.2815,57.5978,2.5758,4.68,5.99,119347267,,,29.3888,2.5931,8.085,284.5308,7900109444.52,141216375,,,,,,
2021-05-12,2368508,57.1086,59.8842,56.24,59.6046,2.0068,3.48,6.81,138691302,500,29850,30.4128,2.6835,8.3667,294.4442,8175360267.6,141370031,,,,,,
2021-05-13,2308832,59.5946,61.1022,58.5463,58.8359,-0.7687,-1.29,6.69,138389455,,,30.0205,2.6488,8.2587,290.6465,8069915922.44,136445087,,,,,,
2021-05-14,1721790,58.2967,59.1054,56.9089,57.7077,-1.1282,-1.92,4.95,99852499,,,29.4449,2.5981,8.1004,285.0733,7915172922.4,136820620,,,,,,
2021-05-17,1265567,57.5978,58.107,56.6294,56.7891,-0.9186,-1.59,3.61,72440917,,,28.9762,2.5567,7.9714,280.5358,7789187471.04,136912725,,,,,,
2021-05-18,1081750,57.2983,57.2983,55.8107,56.899,0.1099,0.19,3.1,61363766,,,29.0322,2.5616,7.9869,281.0783,7804250948.92,133609781,,,,,,
2021-05-19,1217566,56.899,57.3482,55.611,55.7208,-1.1782,-2.07,3.5,68463263,,,28.4311,2.5086,7.8215,275.2585,7642660913.48,133184254,,,,,,
2021-05-20,886438,55.5811,56.7093,55.4213,55.7109,-0.0099,-0.02,2.55,49729659,,,28.426,2.5082,7.8201,275.2092,7641291506.4,135787714,,,,,,
2021-05-21,1331206,55.7109,57.8075,55.5911,56.6693,0.9584,1.72,3.79,75851715,,,28.915,2.5513,7.9546,279.944,7772754586.08,132095944,,,,,,
2021-05-24,1134864,55.9704,56.9089,55.8706,56.3099,-0.3594,-0.63,3.23,64013797,100,5640,28.7317,2.5351,7.9042,278.1684,7723455931.2,131241832,,,,,,
2021-05-25,1072785,56.0703,56.899,55.9704,56.28,-0.0299,-0.05,3.08,60521898,,,28.7164,2.5338,7.9,278.0205,7719347709.96,132117429,,,,,,
2021-05-26,2654917,56.7192,59.5048,56.5196,58.6961,2.4161,4.29,7.63,154718273,,,29.9492,2.6426,8.2391,289.956,8050744223.32,128492541,,,,,,
2021-05-27,2220276,58.6062,60.2835,58.107,59.7145,1.0184,1.74,6.41,131765098,100,5981,30.4688,2.6884,8.3821,294.9868,8190423745.48,128901065,,,,,,
2021-05-28,1795802,59.3051,60.3035,58.4764,58.5962,-1.1183,-1.87,5.2,106720105,,,29.8982,2.6381,8.2251,289.4628,8037050152.52,131000628,,,,,,
2021-05-31,2146874,58.7061,61.5016,57.508,61.1022,2.506,4.28,6.03,127670614,200,12240,31.1769,2.7509,8.5769,301.8423,8380771329.6,129437876,,,,,,
2021-06-01,3399128,60.6929,64.8762,60.6929,63.9477,2.8455,4.66,9.65,215124231,300,19215,32.6288,2.879,8.9763,315.8987,8771052347.4,132740194,,,,,,
2021-06-02,3487662,65.595,67.1925,62.8994,63.6981,-0.2496,-0.39,10.06,225462571,,,32.5014,2.8678,8.9413,314.6657,8736817170.4,146639354,,,,,,
2021-06-03,2552144,64.8363,66.3938,62.5699,62.5699,-1.1282,-1.77,7.34,164807574,,,31.9258,2.817,8.7829,309.0925,8582074170.36,138966800,,,,,,
2021-06-04,2202439,62.6498,65.0559,61.4018,63.099,0.5291,0.85,6.31,139654120,300,18960,32.1958,2.8408,8.8572,311.7064,8654652745.6,137522077,,,,,,
2021-06-07,1712526,62.7995,63.8878,61.0823,61.3918,-1.7072,-2.71,4.94,105988012,,,31.3246,2.7639,8.6175,303.2726,8420484134.92,142051741,,,,,,
2021-06-08,1449008,61.1022,61.7512,59.5048,60.1038,-1.288,-2.1,4.19,87888056,,,30.6675,2.7059,8.4367,296.9103,8243830621.6,143738198,,,,,,
2021-06-09,2040483,60.5032,64.0176,60.3035,62.6298,2.526,4.2,5.91,127637065,1000,62730,31.9563,2.8197,8.7913,309.3884,8590290612.84,142435325,,,,,,
2021-06-10,1363183,62.4301,63.8578,61.5116,61.6713,-0.9585,-1.53,3.93,85273852,,,31.4673,2.7765,8.6568,304.6536,8458827533.16,143742050,,,,,,
2021-06-11,1239446,62.0008,63.5184,60.4333,61.262,-0.4093,-0.66,3.51,76440797,,,31.2584,2.7581,8.5993,302.6314,8402681842.88,143626045,,,,,,
2021-06-15,1172899,61.7712,61.9409,59.0555,60.1038,-1.1582,-1.89,3.39,70467894,,,30.6675,2.7059,8.4367,296.9103,8243830621.6,140704463,,,,,,
2021-06-16,942854,59.9042,60.2037,57.7077,57.8674,-2.2364,-3.72,2.7,55661469,,,29.5264,2.6052,8.1228,285.8624,7937083435.68,138712632,,,,,,
2021-06-17,856100,58.736,58.8558,56.7392,57.4181,-0.4493,-0.78,2.46,49246465,,,29.2971,2.585,8.0597,283.643,7875460117.08,136448555,,,,,,
2021-06-18,709844,57.3582,58.8259,57.0188,58.2568,0.8387,1.46,2.01,41245385,,,29.725,2.6228,8.1775,287.7859,7990490311.8,135178915,,,,,,
2021-06-21,820699,58.1969,58.6961,57.5579,58.137,-0.1198,-0.21,2.33,47769910,,,29.6639,2.6174,8.1606,287.1941,7974057426.84,132458279,,,,,,
2021-06-22,1773270,58.5962,61.272,58.5064,61.0623,2.9253,5.03,5.12,107096507,200,12232,31.1565,2.7491,8.5713,301.645,8375293701.28,133253072,,,,,,
2021-06-23,1175509,60.9824,61.6014,59.984,60.2935,-0.7688,-1.26,3.41,71324607,,,30.7643,2.7145,8.4634,297.8473,8269849356.12,136449046,,,,,,
2021-06-24,1597315,60.3035,62.6697,59.5048,62.0807,1.7872,2.96,4.6,97566186,,,31.6761,2.7949,8.7142,306.6757,8514973223.44,135367597,,,,,,
2021-06-25,1865390,62.7796,63.4784,61.8011,62.5899,0.5092,0.82,5.4,117497743,,,31.9359,2.8179,8.7857,309.1911,8584812984.52,146817648,,,,,,
2021-06-28,1405566,63.8978,63.8978,61.3219,61.6813,-0.9086,-1.45,4.07,87545969,,,31.4724,2.777,8.6582,304.7029,8460196940.24,139348030,,,,,,
2021-06-29,1475825,62.0707,62.3203,58.8958,59.1054,-2.5759,-4.18,4.23,88817175,,,30.158,2.661,8.2966,291.9782,8106889913.6,139271511,,,,,,
2021-06-30,1126882,59.7045,59.8742,58.107,58.1869,-0.9185,-1.55,3.22,66107473,,,35.9092,2.5348,10.3082,73.4688,7980904462.24,138738117,,,,,,
2021-07-01,928643,58.6562,58.766,57.4081,58.0471,-0.1398,-0.24,2.66,54122545,100,5814,35.8229,2.5287,10.2835,73.2923,7961732763.12,134388443,,,,,,
2021-07-02,796302,58.3367,58.756,56.9089,57.0088,-1.0383,-1.79,2.31,45896329,,,35.1821,2.4834,10.0995,71.9812,7819314426.8,132747192,,,,,,
2021-07-05,515204,57.2883,57.7077,56.7093,57.6977,0.6889,1.21,1.48,29521114,,,35.6073,2.5134,10.2216,72.8511,7913803515.32,130365317,,,,,,
2021-07-06,757000,57.5879,58.107,56.7592,57.0986,-0.5991,-1.04,2.18,43467376,,,35.2376,2.4873,10.1155,72.0947,7831639090.52,125788902,,,,,,
2021-07-07,803371,57.1086,57.5479,56.7192,56.9788,-0.1198,-0.21,2.32,45887122,,,35.1637,2.4821,10.0942,71.9434,7815206205.56,126590337,,,,,,
2021-07-08,1638730,56.9289,57.1685,54.5128,54.8922,-2.0866,-3.66,4.75,90820046,100,5498,33.8759,2.3912,9.7246,69.3087,7529000125.84,126863258,,,,,,
2021-07-09,678804,54.4129,55.2017,54.353,54.8822,-0.01,-0.02,1.95,37202426,300,16491,33.8697,2.3908,9.7228,69.2961,7527630718.76,125603917,,,,,,
2021-07-12,1501202,54.8922,55.4113,54.6126,54.972,0.0898,0.16,4.3,82448900,,,33.9252,2.3947,9.7387,69.4096,7539955382.48,127435052,,,,,,
2021-07-13,1068472,55.0719,55.0719,54.0335,54.0335,-0.9385,-1.71,3,58189770,,,33.346,2.3538,9.5724,68.2246,7411231116.96,122727107,,,,,,
2021-07-14,1411497,53.9237,54.2632,52.3562,52.3562,-1.6773,-3.1,4.01,74846441,,,32.3109,2.2808,9.2753,66.1068,7181170727.52,119593851,,,,,,
2021-07-15,1263371,52.3163,52.5559,50.3195,50.9984,-1.3578,-2.59,3.64,64701952,,,31.4729,2.2216,9.0347,64.3923,6994931364.64,114895870,,,,,,
2021-07-16,587010,50.9884,51.4776,50.4193,50.9185,-0.0799,-0.16,1.66,29978256,600,30600,31.4236,2.2181,9.0206,64.2915,6983976108,114498253,,,,,,
2021-07-19,912668,50.9185,51.2181,49.5907,49.6106,-1.3079,-2.57,2.62,45657823,,,30.6165,2.1612,8.7889,62.6401,6804583780.52,114939987,,,,,,
2021-07-20,572205,49.5208,50.1997,49.0815,50.0399,0.4293,0.87,1.65,28553972,,,30.8814,2.1799,8.8649,63.1821,6863468284.96,115528518,,,,,,
2021-07-21,1037799,49.9401,50.6789,49.0216,49.2212,-0.8187,-1.64,2.98,51507133,,,30.3762,2.1442,8.7199,62.1484,6751176904.4,115816907,,,,,,
2021-07-22,1267835,49.1713,49.5807,48.2228,48.3227,-0.8985,-1.83,3.62,61716499,,,29.8216,2.105,8.5607,61.0139,6627930267.2,114468469,,,,,,
2021-07-23,1262018,48.2927,48.6122,46.7552,46.8151,-1.5076,-3.12,3.58,59858882,,,28.8913,2.0394,8.2936,59.1103,6421149798.12,114090253,,,,,,
2021-07-26,1315742,47.2344,48.9018,46.9948,47.2244,0.4093,0.87,3.77,62874973,,,29.1439,2.0572,8.3662,59.6272,6477295488.4,114428703,,,,,,
2021-07-27,1009185,47.2145,47.6038,45.8267,45.8267,-1.3977,-2.96,2.86,47140251,,,28.2813,1.9963,8.1185,57.8623,6285578497.2,113426506,,,,,,
2021-07-28,1005150,45.1278,46.6254,44.4089,45.8466,0.0199,0.04,2.92,45639952,,,28.2936,1.9972,8.1221,57.8875,6288317311.36,114543096,,,,,,
2021-07-29,855878,45.7568,46.9249,45.617,46.6054,0.7588,1.66,2.46,39853291,,,28.7619,2.0302,8.2565,58.8456,6392392249.44,113572983,,,,,,
2021-07-30,652785,46.4956,46.4956,45.2077,46.276,-0.3294,-0.71,1.87,29980548,,,28.5585,2.0159,8.1981,58.4296,6347201815.8,111096252,,,,,,
2021-08-02,836988,46.276,47.474,45.2975,47.2045,0.9285,2.01,2.4,39071257,,,29.1315,2.0563,8.3626,59.602,6474556674.24,109967733,,,,,,
2021-08-03,1083456,47.3542,48.9117,47.0248,47.6238,0.4193,0.89,3.11,52082219,200,9540,29.3903,2.0746,8.4369,60.1314,6532071771.6,109524547,,,,,,
2021-08-04,771938,47.524,48.1929,46.895,46.9149,-0.7089,-1.49,2.2,36531457,,,28.9529,2.0437,8.3113,59.2364,6434843868.92,108016799,,,,,,
2021-08-05,858643,46.5555,46.7752,45.2975,45.3175,-1.5974,-3.4,2.45,39312141,,,27.967,1.9741,8.0283,57.2194,6215738736.12,106264272,,,,,,
2021-08-06,645532,45.1278,45.3375,44.4589,44.5188,-0.7987,-1.76,1.83,28869343,,,27.4741,1.9393,7.8868,56.2109,6106186169.72,105736702,,,,,,
2021-08-09,1353415,44.5887,48.0232,44.5288,47.474,2.9552,6.64,3.93,63483041,600,28530,29.2979,2.0681,8.4104,59.9423,6511530665.4,104506297,,,,,,
2021-08-10,710991,47.0747,47.8834,46.7452,47.3442,-0.1298,-0.27,2.04,33566495,,,29.2178,2.0624,8.3874,59.7785,6493728373.36,104712677,,,,,,
2021-08-11,769111,47.3343,47.9034,46.9549,47.5639,0.2197,0.46,2.21,36615158,400,19056,29.3534,2.072,8.4263,60.0558,6523855329.12,105429184,,,,,,
2021-08-12,580281,46.9748,48.0032,46.9748,47.1945,-0.3694,-0.78,1.67,27500000,1100,51997,29.1254,2.0559,8.3609,59.5894,6473187267.16,103989149,,,,,,
2021-08-13,824617,47.2045,47.2843,45.6669,45.9764,-1.2181,-2.58,2.37,38165950,1000,46050,28.3737,2.0028,8.1451,58.0514,6306119603.4,103117533,,,,,,
2021-08-16,1294172,45.8267,48.5224,45.8267,47.7935,1.8171,3.95,3.76,61668460,,,29.4951,2.082,8.467,60.3457,6555351691.96,104595792,,,,,,
2021-08-17,1166583,47.6238,48.5523,47.0447,47.1945,-0.599,-1.25,3.37,56084718,,,29.1254,2.0559,8.3609,59.5894,6473187267.16,103594360,,,,,,
2021-08-18,830589,47.1845,48.1829,46.4756,47.3742,0.1797,0.38,2.39,39240529,,,29.2363,2.0637,8.3927,59.8163,6497836594.6,105061104,,,,,,
2021-08-19,1025784,47.2244,48.6222,47.1246,48.0531,0.6789,1.43,2.95,49452923,,,29.6553,2.0933,8.513,60.6735,6590956276.04,104363320,,,,,,
2021-08-20,978345,48.3726,48.3726,46.0563,47.484,-0.5691,-1.18,2.84,46073887,,,29.3041,2.0685,8.4121,59.9549,6512900072.48,105544711,,,,,,
2021-08-23,1895818,44.8383,44.8383,42.8814,44.4888,-2.9952,-6.31,5.42,83867336,,,27.4556,1.938,7.8815,56.1731,6102077948.48,107568708,,,,,,
2021-08-24,1111987,44.4289,45.3774,44.0296,44.4089,-0.0799,-0.18,3.16,49791022,600,26688,27.4063,1.9346,7.8674,56.0722,6091122691.84,104925441,,,,,,
2021-08-25,1031762,44.4489,45.8067,44.1394,44.5387,0.1298,0.29,2.97,46334867,,,27.4864,1.9402,7.8904,56.2361,6108924983.88,103001144,,,,,,
2021-08-26,1267125,43.0112,43.6801,42.8814,42.9313,-1.6074,-3.61,3.65,54755279,,,26.4944,1.8702,7.6056,54.2065,5888450444,102277388,,,,,,
2021-08-27,1537983,42.9613,43.2808,41.2141,41.4137,-1.5176,-3.53,3.62,64666531,,,25.5579,1.8041,7.3368,52.2904,5680300567.84,101603093,,,,,,
2021-08-30,980084,41.5236,41.6633,40.3454,40.5152,-0.8985,-2.17,2.29,40061065,,,25.0033,1.7649,7.1776,51.1558,5557053930.64,101539024,,,,,,
2021-08-31,1093915,40.5052,40.8746,39.2772,39.8063,-0.7089,-1.75,2.59,43695562,,,24.5659,1.7341,7.052,50.2608,5459826027.96,102566107,,,,,,
2021-09-01,1125353,39.6865,41.0843,39.6066,40.9145,1.1082,2.78,2.65,45681459,400,16392,25.2498,1.7823,7.2483,51.6601,5611830213.84,100496769,,,,,,
2021-09-02,706194,41.0044,41.1342,40.2456,40.8846,-0.0299,-0.07,1.65,28743965,300,12285,25.2313,1.781,7.243,51.6223,5607721992.6,100717044,,,,,,
2021-09-03,923190,40.8147,42.1126,40.7847,41.4137,0.5291,1.29,2.18,38221511,,,25.5579,1.8041,7.3368,52.2904,5680300567.84,101550222,,,,,,
2021-09-06,708191,41.8331,41.9329,41.1142,41.5435,0.1298,0.31,1.63,29468158,,,25.638,1.8097,7.3597,52.4543,5698102859.88,101670665,,,,,,
2021-09-07,1019508,41.5335,42.2324,41.3239,41.7931,0.2496,0.6,2.42,42642841,,,25.792,1.8206,7.404,52.7694,5732338036.88,102172125,,,,,,
2021-09-08,1036365,41.6334,42.7117,41.5935,42.4321,0.639,1.53,2.41,43830255,,,26.1864,1.8484,7.5172,53.5762,5819980090,100187578,,,,,,
2021-09-09,765398,41.6234,42.522,41.6134,41.7931,-0.639,-1.51,1.78,32162448,,,25.792,1.8206,7.404,52.7694,5732338036.88,98779817,,,,,,
2021-09-10,727467,41.6534,42.1126,41.3938,41.5335,-0.2596,-0.62,1.69,30369615,,,25.6318,1.8093,7.358,52.4417,5696733452.8,98179346,,,,,,
2021-09-13,742430,41.5335,42.1326,40.5651,41.9928,0.4593,1.11,1.73,30842127,,,25.9152,1.8293,7.4393,53.0216,5759726178.48,98079214,,,,,,
2021-09-14,941965,42.1326,42.2224,40.5751,40.5751,-1.4177,-3.38,2.2,38900380,,,25.0403,1.7675,7.1882,51.2315,5565270373.12,98224288,,,,,,
2021-09-15,683045,40.595,41.4137,40.2356,40.8646,0.2895,0.71,1.6,27924324,,,25.219,1.7802,7.2395,51.5971,5604983178.44,98434730,,,,,,
2021-09-16,661703,40.9445,41.3339,40.1158,40.3355,-0.5291,-1.29,1.55,26993117,,,24.8924,1.7571,7.1457,50.9289,5532404603.2,98380398,,,,,,
2021-09-17,555577,40.4752,40.6849,39.7364,40.2955,-0.04,-0.1,1.32,22323297,200,8072,24.8678,1.7554,7.1387,50.8785,5526926974.88,98364192,,,,,,
2021-09-22,432830,39.9461,40.7348,39.7364,40.4553,0.1598,0.4,1.01,17453660,,,24.9664,1.7623,7.167,51.0802,5548837488.16,97856746,,,,,,
2021-09-23,933515,40.5252,41.883,40.4852,41.4637,1.0084,2.49,2.21,38768152,,,25.5887,1.8063,7.3456,52.3534,5687147603.24,97835481,,,,,,
2021-09-24,1308308,41.5435,42.9313,41.0343,42.0527,0.589,1.42,3.09,55411374,100,4212,25.9522,1.8319,7.45,53.0972,5767942620.96,98282626,,,,,,
2021-09-27,700146,41.9229,42.4321,40.9345,41.4337,-0.619,-1.47,1.64,29106821,100,4150,25.5702,1.8049,7.3403,52.3156,5683039382,97613872,,,,,,
2021-09-28,512748,41.4537,41.8131,40.9145,41.254,-0.1797,-0.43,1.2,21224466,,,25.4593,1.7971,7.3085,52.0887,5658390054.56,98427354,,,,,,
2021-09-29,726947,40.8247,41.234,39.8163,39.8363,-1.4177,-3.44,1.68,29365969,100,3990,24.5844,1.7354,7.0573,50.2986,5463934249.2,99390611,,,,,,
2021-09-30,706056,39.9361,40.3255,39.6066,39.8363,0,0,1.61,28221974,,,35.0448,1.7132,11.5937,50.2986,5463934249.2,100109832,,,,,,
2021-10-08,1068693,39.9461,41.6034,39.9461,41.3039,1.4676,3.68,2.49,43938356,,,36.336,1.7764,12.0208,52.1517,5665237089.96,101929215,,,,,,
2021-10-11,767170,41.2939,42.2923,40.8846,41.1941,-0.1098,-0.27,1.81,31775672,,,36.2394,1.7716,11.9889,52.0131,5650173612.08,102389536,,,,,,
2021-10-12,652254,41.0144,41.3039,40.1458,40.5351,-0.659,-1.6,1.53,26608553,,,35.6597,1.7433,11.7971,51.1811,5559792744.8,104574509,,,,,,
2021-10-13,729610,40.5351,41.5335,40.5052,41.1242,0.5891,1.45,1.71,29976566,,,36.1779,1.7686,11.9685,51.9248,5640587762.52,104001568,,,,,,
2021-10-14,1955172,41.3339,43.5803,40.7748,42.6318,1.5076,3.67,4.58,83007751,100,4270,37.5041,1.8335,12.4073,53.8284,5847368231.6,106060521,,,,,,
2021-10-15,937206,42.5819,42.8514,41.8131,41.9828,-0.649,-1.52,2.18,39653391,,,36.9332,1.8056,12.2184,-253.0108,5758356771.4,108113327,,,,,,
2021-10-18,727310,41.8131,41.9828,41.0942,41.5136,-0.4692,-1.12,1.7,30126282,,,36.5204,1.7854,12.0818,-250.1829,5693994638.64,109421056,,,,,,
2021-10-19,650882,41.5136,42.2524,41.274,41.8031,0.2895,0.7,1.54,27205637,,,36.7751,1.7978,12.1661,-251.9278,5733707443.96,109618272,,,,,,
2021-10-20,869470,41.6334,41.9129,40.6849,40.7348,-1.0683,-2.56,2.02,35727912,,,35.8353,1.7519,11.8552,-245.4897,5587180886.4,108058830,,,,,,
2021-10-21,464937,41.234,41.234,40.5351,40.9844,0.2496,0.61,1.08,19040411,,,36.0549,1.7626,11.9278,-246.9939,5621416063.4,108331243,,,,,,
2021-10-22,488580,40.9345,41.4038,40.645,40.8147,-0.1697,-0.41,1.15,20105293,,,35.9056,1.7553,11.8784,-245.971,5598136143.04,109507007,,,,,,
2021-10-25,843503,41.3339,42.1126,41.1242,41.3738,0.5591,1.37,1.98,35095208,,,36.3975,1.7794,12.0412,-249.3405,5674822939.52,109288043,,,,,,
2021-10-26,654914,41.244,41.5036,40.5551,40.7348,-0.639,-1.54,1.54,26866797,,,35.8353,1.7519,11.8552,-245.4897,5587180886.4,109135780,,,,,,
2021-10-27,906417,40.7348,40.7348,38.9377,38.9377,-1.7971,-4.41,2.05,35979897,,,34.2544,1.6746,11.3322,-234.6592,5340687612,105211090,,,,,,
2021-10-28,616162,38.8778,38.8778,37.9393,38.1889,-0.7488,-1.92,1.44,23617574,,,33.5956,1.6424,11.1143,-230.1466,5237982081,104579656,,,,,,
2021-10-29,515426,38.6881,39.2372,38.2788,38.9377,0.7488,1.96,1.2,20074628,,,34.2544,1.6746,11.3322,-234.6592,5340687612,105736148,,,,,,
2021-11-01,395200,38.9876,39.8562,38.748,39.6266,0.6889,1.77,0.91,15619601,,,34.8604,1.7042,11.5327,-238.8109,5435176700.52,106525766,,,,,,
2021-11-02,512890,39.6266,39.9361,38.5084,38.8478,-0.7788,-1.97,1.21,20086811,,,34.1753,1.6707,11.306,-234.1177,5328362948.28,105000664,,,,,,
2021-11-03,1531284,38.6382,41.7133,38.6382,41.0144,2.1666,5.58,3.52,62374186,,,36.0813,1.7639,11.9366,-247.1744,5625524284.64,107541351,,,,,,
2021-11-04,2211621,40.9345,43.8998,40.7448,43.3007,2.2863,5.57,5.19,95175827,3000,130110,38.0926,1.8622,12.602,-260.9531,5939118505.96,103268507,,,,,,
2021-11-05,1893026,43.2808,44.5288,42.9613,43.4305,0.1298,0.3,4.4,82855474,,,38.2068,1.8678,12.6397,-261.7353,5956920798,98131504,,,,,,
2021-11-08,1502795,44.2192,44.5787,43.3307,44.5587,1.1282,2.6,3.45,66320213,,,39.1993,1.9163,12.9681,-268.5344,6111663798.04,98161415,,,,,,
2021-11-09,2131050,44.369,46.6254,44.1094,46.226,1.6673,3.74,5,97205684,,,40.6661,1.988,13.4533,-278.5826,6340354780.4,95990356,,,,,,
2021-11-10,5442642,46.9149,55.4712,46.276,50.2995,4.0735,8.81,12.87,280448147,500,25190,44.2496,2.1632,14.6388,-303.1316,6899072869.04,96952829,,,,,,
2021-11-11,4152037,50.0899,51.887,48.2228,51.7672,1.4677,2.92,9.7,206862000,,,45.5407,2.2263,15.066,-311.9765,7100375709.8,103141822,,,,,,
2021-11-12,3017618,50.9185,50.9185,49.2113,49.7404,-2.0268,-3.92,7.04,151241200,100,4982,43.7578,2.1392,14.4761,-299.7621,6822386072.56,103047541,,,,,,
2021-11-15,3970365,49.2312,53.5942,48.5723,52.9752,3.2348,6.5,9.31,204047974,1600,84896,46.6035,2.2783,15.4176,-319.2569,7266073966.48,102538411,,,,,,
2021-11-16,3879667,51.9669,54.393,50.7788,50.7987,-2.1765,-4.11,9.09,204967680,200,10176,44.6888,2.1847,14.7841,-306.1401,6967543223.04,117212360,,,,,,
2021-11-17,2784269,51.1282,52.7955,50.3195,51.3478,0.5491,1.08,6.54,144051832,,,45.1718,2.1763,14.9439,-309.4494,7042860612.44,108474881,,,,,,
2021-11-18,2559538,50.9185,50.9185,48.9217,49.1613,-2.1865,-4.26,6.05,127108633,,,43.2483,2.0837,14.3076,-296.2723,6742960461.92,103581594,,,,,,
2021-11-19,1660228,49.4309,50.2696,48.4225,48.772,-0.3893,-0.79,3.9,81792035,,,42.9058,2.0672,14.1943,-293.9257,6689553585.8,100060921,,,,,,
2021-11-22,1580024,48.8319,49.6006,48.123,48.5323,-0.2397,-0.49,3.74,77055756,,,42.695,2.057,14.1245,-292.4817,6656687815.88,101482965,,,,,,
2021-11-23,2210534,48.5523,50.0399,47.7835,49.8003,1.268,2.61,5.15,108469556,,,43.8105,2.1107,14.4936,-300.1232,6830602515.04,102115783,,,,,,
2021-11-24,5617683,50.4593,56.1002,49.6106,55.8906,6.0903,12.23,13.16,301409579,1200,67176,49.1682,2.3689,16.266,-336.8263,7665940833.84,102557166,,,,,,
2021-11-25,3978508,54.9121,54.9121,50.9185,51.1182,-4.7724,-8.54,9.41,209484965,100,5120,44.9698,2.1666,14.8771,-308.0655,7011364249.6,102371918,,,,,,
2021-11-26,1720676,51.5974,51.5974,49.5507,49.6905,-1.4277,-2.79,4.03,86459286,,,43.7138,2.1061,14.4616,-299.4613,6815539037.16,101152809,,,,,,
2021-11-29,1314636,48.772,49.7105,48.4325,49.3011,-0.3894,-0.78,3.08,64543545,,,43.3713,2.0896,14.3483,-297.1147,6762132161.04,103798768,,,,,,
2021-11-30,2523651,49.4109,49.9601,46.5855,47.7037,-1.5974,-3.24,5.96,121590166,,,41.966,2.0219,13.8834,-287.4877,6543027028.24,106258628,,,,,,
2021-12-01,1070019,47.8934,48.5823,47.3343,48.2728,0.5691,1.19,2.5,51478957,,,42.4666,2.046,14.049,-290.9173,6621083231.8,109090089,,,,,,
2021-12-02,1092595,47.9533,47.9533,46.7352,46.7552,-1.5176,-3.14,2.5,51625300,300,14049,41.1316,1.9817,13.6073,-281.7716,6412933355.64,109373209,,,,,,
2021-12-03,551630,47.0248,47.3842,46.7252,46.7851,0.0299,0.06,1.27,25963439,,,41.1579,1.9829,13.616,-281.9521,6417041576.88,106777966,,,,,,
2021-12-06,846203,46.8051,47.2244,46.0264,46.4756,-0.3095,-0.66,1.99,39504005,,,40.8857,1.9698,13.526,-280.0869,6374589957.4,106690291,,,,,,
2021-12-07,1007014,46.6953,46.8251,45.4573,45.6969,-0.7787,-1.68,2.37,46243690,,,40.2006,1.9368,13.2993,-275.3937,6267776205.16,107980114,,,,,,
2021-12-08,2248156,45.8067,49.1014,45.4073,48.8119,3.115,6.82,5.21,107519975,,,42.9409,2.0688,14.2059,-294.1664,6695031214.12,114425659,,,,,,
2021-12-09,10784908,48.9217,58.5763,48.6921,58.5763,9.7644,20,25.67,607103264,100,5867,51.5309,2.4827,17.0477,-353.0117,8034311338.36,120357993,,,,,,
2021-12-10,10329697,62.2005,70.2875,61.9509,70.2875,11.7112,19.99,24.54,684599217,,,61.8335,2.9791,20.456,-423.59,9640625843.2,139958022,,,,,,
2021-12-13,16803361,77.2764,84.345,72.5439,84.345,14.0575,20,40.05,1318599890,,,74.2002,3.5749,24.5472,-508.308,11568751011.84,231040294,,,,,,
2021-12-14,16662959,89.8562,89.8562,83.4465,84.3351,-0.0099,-0.01,38.87,1442539187,3100,261857,74.1914,3.5745,24.5443,-508.2479,11567381604.76,197562619,,,,,,
2021-12-15,14433523,82.8974,88.738,80.7508,84.8642,0.5291,0.63,33.97,1232324280,1900,161500,74.6569,3.5969,24.6983,-511.4368,11639960180,224654195,,,,,,
2021-12-16,13682270,84.6146,92.502,83.127,86.4317,1.5675,1.85,31.69,1205452362,4300,372251,76.0359,3.6633,25.1545,-520.8834,11854957091.56,223707083,,,,,,
2021-12-17,13348447,87.5699,95.5471,83.4365,90.3554,3.9237,4.54,31.07,1195828369,2400,217200,79.4877,3.8296,26.2965,-544.5298,12393134074,234450704,,,,,,
2021-12-20,10140802,88.109,90.1058,81.5196,81.9089,-8.4465,-9.35,23.45,863041922,1400,114856,72.0571,3.4716,23.8383,-493.6268,11234615684.32,222721191,,,,,,
2021-12-21,9141119,83.8658,84.8243,78.9936,83.3766,1.4677,1.79,21.28,750645153,2700,225477,73.3483,3.5338,24.2654,-502.4716,11435918525.08,222896299,,,,,,
2021-12-22,10333154,82.5379,88.1989,81.879,87.3602,3.9836,4.78,24.13,879752978,1400,122500,76.8527,3.7027,25.4248,-526.4791,11982311950,248790760,,,,,,
2021-12-23,8957048,83.756,86.1022,76.1981,83.4665,-3.8937,-4.46,21.02,737338698,1900,158840,73.4273,3.5376,24.2915,-503.0131,11448243188.8,219083025,,,,,,
2021-12-24,6057147,83.5064,86.5415,80.3215,81.4696,-1.9969,-2.39,14.18,503297770,1300,106080,71.6707,3.453,23.7104,-490.9793,11174361772.8,221270743,,,,,,
2021-12-27,6997949,82.528,82.8674,73.9018,75.8886,-5.581,-6.85,16.51,541927592,100,7601,66.7609,3.2165,22.0861,-457.3449,10408863215.08,206294112,,,,,,
2021-12-28,5595147,75.8786,78.5044,74.6805,76.6673,0.7787,1.03,13.05,427906787,,,67.446,3.2495,22.3128,-462.038,10515676967.32,203272572,,,,,,
2021-12-29,4639656,76.6773,76.7871,73.3826,76.0483,-0.619,-0.81,10.71,350964982,900,68553,67.0584,3.2308,22.1846,-459.3832,10455254766.36,201343922,,,,,,
2021-12-30,9605984,75.639,91.254,75.3395,91.254,15.2057,19.99,22.84,811500440,300,27420,80.4666,3.8768,26.6203,-551.2357,12545756671.2,252871943,,,,,,
2021-12-31,12626399,92.9513,99.8502,83.127,84.6246,-6.6294,-7.26,29.6,1156592233,100,8476,126.2349,3.6521,24.9267,209.6688,11634336274.08,213807273,,,,,,
2022-01-04,8572761,84.8642,90.655,79.972,87.8594,3.2348,3.82,20.26,741589365,1300,114400,131.0603,3.7917,25.8795,217.6835,12079065504,221887608,,,,,,
2022-01-05,8244143,86.861,95.8466,85.1737,91.853,3.9936,4.55,19.38,755404497,,,137.0176,3.964,27.0559,227.5783,12628113936,229710634,,,,,,
2022-01-06,6129790,89.8562,89.9561,82.6677,85.8626,-5.9904,-6.52,14.4,523265244,,,128.0817,3.7055,25.2914,212.7362,11804541288,225013275,,,,,,
2022-01-07,6329565,85.8626,89.9361,77.6458,78.774,-7.0886,-8.26,14.91,531874518,,,117.5075,3.3996,23.2034,195.1731,10829980321.2,216659116,,,,,,
2022-01-10,5132479,78.8738,85.7228,75.9884,83.8558,5.0818,6.45,12.04,420118622,500,41995,125.0881,3.6189,24.7002,207.7641,11528644450.92,205073174,,,,,,
2022-01-11,5321629,82.0887,83.6661,76.9768,78.6741,-5.1817,-6.18,12.49,426208603,400,31520,117.3585,3.3953,23.1739,194.9257,10816254110.4,200667806,,,,,,
2022-01-12,5592816,78.6841,85.6629,77.1965,82.6677,3.9936,5.08,13.15,454024527,900,74520,123.3158,3.5676,24.3503,204.8204,11365302542.4,210781084,,,,,,
2022-01-13,6063076,82.8674,87.7396,81.869,83.5763,0.9086,1.1,14.34,513350314,100,8371,124.6711,3.6068,24.6179,207.0715,11490211060.68,223006882,,,,,,
2022-01-14,8828719,80.8706,95.7268,79.4728,88.0691,4.4928,5.38,20.73,782455195,1400,123494,131.3731,3.8007,25.9413,218.203,12107890546.68,224941074,,,,,,
2022-01-17,9091347,91.254,100.2396,88.738,96.3558,8.2867,9.41,21.37,863171414,470,45359,143.7344,4.1583,28.3822,238.7345,13247166043.08,250058218,,,,,,
2022-01-18,8568782,96.3458,96.3458,81.869,82.4681,-13.8877,-14.41,20.23,750145594,700,57820,123.018,3.559,24.2915,204.3257,11337850120.8,211973516,,,,,,
2022-01-19,6290664,78.8239,81.3698,76.7572,79.1733,-3.2948,-4,14.82,497033016,,,118.1032,3.4168,23.321,196.1626,10884885164.4,209204734,,,,,,
2022-01-20,5581000,77.8454,78.774,72.1645,72.7835,-6.3898,-8.07,13.1,414046167,,,108.5715,3.141,21.4388,180.331,10006407673.2,201620299,,,,,,
2022-01-21,4387461,71.9449,74.8802,69.4888,69.8383,-2.9452,-4.05,10.14,314539957,,,104.178,3.0139,20.5713,173.0337,9601484454.6,167419892,,,,,,
2022-01-24,2897231,69.9681,72.5639,68.8898,71.2859,1.4476,2.07,6.77,205141339,,,106.3376,3.0764,20.9977,176.6205,9800514511.2,172602065,,,,,,
2022-01-25,3868534,70.8866,71.885,66.0443,66.4337,-4.8522,-6.81,9.02,265506670,400,26616,99.0995,2.867,19.5685,164.5984,9133420666.32,161455208,,,,,,
2022-01-26,3460174,66.9529,67.8914,64.8962,66.4437,0.01,0.02,8.14,231653282,,,99.1144,2.8674,19.5714,164.6232,9134793287.4,157287938,,,,,,
2022-01-27,3187693,66.7732,66.893,63.5483,63.9976,-2.4461,-3.68,7.47,206695424,200,12820,95.4655,2.7619,18.8509,158.5627,8798501122.8,147087249,,,,,,
2022-01-28,3897518,65.7648,68.9397,62.5998,63.0691,-0.9285,-1.45,9.11,254455626,,,94.0804,2.7218,18.5774,156.2622,8670847362.36,146788001,,,,,,
2022-02-07,5365188,61.5815,62.7995,58.9058,59.6346,-3.4345,-5.45,12.67,323052682,300,17919,88.9572,2.5736,17.5657,147.7527,8198665710.84,141554378,,,,,,
2022-02-08,2894817,61.3419,61.8311,59.0056,59.8842,0.2496,0.42,6.76,173887346,,,89.3295,2.5844,17.6393,148.3711,8232981237.84,145209433,,,,,,
2022-02-09,3254838,59.1853,61.3718,58.9058,60.5931,0.7089,1.18,7.61,196325666,,,90.3869,2.6149,17.8481,150.1274,8330437334.52,145503988,,,,,,
2022-02-10,3816800,60.5931,61.7911,58.6062,59.1354,-1.4577,-2.41,9,228217842,,,88.2125,2.552,17.4187,146.5159,8130034656.84,151453057,,,,,,
2022-02-11,3739710,59.8043,60.2037,56.4696,56.5495,-2.5859,-4.37,8.75,215489114,,,84.3552,2.4404,16.657,140.109,7774525797.12,150389020,,,,,,
2022-02-14,3120341,57.0687,57.478,55.2117,55.8906,-0.6589,-1.17,7.27,175284218,,,83.3722,2.412,16.4629,138.4764,7683932805.84,151228598,,,,,,
2022-02-15,2722863,56.26,57.6577,54.9121,57.1086,1.218,2.18,6.39,154847726,100,5720,85.1892,2.4646,16.8217,141.4943,7851392577.6,149389712,,,,,,
2022-02-16,4672307,57.5679,59.405,56.3199,58.1669,1.0583,1.85,10.98,271054195,300,17478,86.7679,2.5102,17.1334,144.1164,7996890412.08,164887809,,,,,,
2022-02-17,5848494,57.7077,60.6829,56.8291,57.0387,-1.1282,-1.94,13.79,341859553,100,5713,85.0849,2.4616,16.8011,141.3211,7841784230.04,173844778,,,,,,
2022-02-18,4116741,56.1601,57.3882,55.2716,56.0403,-0.9984,-1.75,9.65,231056515,300,16839,83.5956,2.4185,16.507,138.8475,7704522122.04,165449923,,,,,,
2022-02-21,3088094,56.0503,56.4097,55.0619,55.621,-0.4193,-0.75,7.2,172222262,800,44568,82.9701,2.4004,16.3835,137.8085,7646872036.68,162266568,,,,,,
2022-02-22,4388824,54.972,55.0819,52.0966,52.4261,-3.1949,-5.74,10.15,232228588,700,36757,78.2043,2.2625,15.4424,129.8928,7207633291.08,159485935,,,,,,
2022-02-23,2568318,52.7157,53.7939,52.2264,53.0751,0.649,1.24,5.99,136579544,200,10632,79.1723,2.2905,15.6336,131.5007,7296853661.28,158309455,,,,,,
2022-02-24,3525140,52.9253,53.3746,49.8602,50.7788,-2.2963,-4.33,8.3,181555863,,,75.7469,2.1914,14.9572,125.8112,6981150812.88,152605585,,,,,,
2022-02-25,1981551,51.3478,52.5659,51.238,51.7772,0.9984,1.97,4.62,103087023,,,77.2362,2.2345,15.2513,128.2849,7118412920.88,150157922,,,,,,
2022-02-28,2015633,51.847,52.1366,50.4992,51.5974,-0.1798,-0.35,4.73,103634513,,,76.9681,2.2267,15.1983,127.8396,7093705741.44,152149131,,,,,,
2022-03-01,3010880,51.9669,53.3546,51.6673,52.476,0.8786,1.7,7.07,157994349,10,525,78.2787,2.2647,15.4571,130.0164,7214496396.48,155256995,,,,,,
2022-03-02,1987948,51.9169,53.0651,51.7173,52.5359,0.0599,0.11,4.64,104013807,100,5262,78.3681,2.2672,15.4748,130.1649,7222732122.96,154403508,,,,,,
2022-03-03,2608225,52.9054,52.9054,50.3295,50.9285,-1.6074,-3.06,6.11,133351817,1300,66313,75.9703,2.1979,15.0013,126.1822,7001740129.08,157798228,,,,,,
2022-03-04,6709844,51.1282,54.5128,50.5092,51.9768,1.0483,2.06,15.73,353365123,,,77.5341,2.2431,15.3101,128.7796,7145865342.48,166398362,,,,,,
2022-03-07,4360563,51.1581,51.5675,48.9716,50.1697,-1.8071,-3.48,10.27,219777105,,,74.8384,2.1651,14.7778,124.3023,6897420927,162581302,,,,,,
2022-03-08,3938094,50.1597,50.8786,47.5639,47.5639,-2.6058,-5.19,9.3,191575880,,,70.9513,2.0527,14.0102,117.846,6539166825.12,164995820,,,,,,
2022-03-09,2860524,47.9034,47.9832,45.0379,47.0148,-0.5491,-1.15,6.71,133673704,,,70.1322,2.029,13.8485,116.4854,6463672665.72,159990752,,,,,,
2022-03-10,3536249,47.7536,50.4093,47.7536,48.3427,1.3279,2.82,8.36,173691689,,,72.113,2.0863,14.2396,119.7754,6646231269.36,159269381,,,,,,
2022-03-11,2936745,47.3742,49.0715,46.9748,48.6222,0.2795,0.58,6.89,141265757,100,4870,72.53,2.0983,14.322,120.4681,6684664659.6,157476905,,,,,,
2022-03-14,2338675,48.2228,49.0216,47.0248,47.0647,-1.5575,-3.2,5.42,111725524,,,70.2066,2.0311,13.8632,116.6091,6470535771.12,158786501,,,,,,
2022-03-15,2524886,47.0248,47.6138,44.4089,44.5387,-2.526,-5.37,5.89,116799917,,,66.4386,1.9221,13.1192,110.3507,6123262637.88,157516801,,,,,,
2022-03-16,3787403,45.627,47.4141,43.0312,46.5256,1.9869,4.46,8.94,172061545,100,4660,69.4024,2.0079,13.7044,115.2733,6396414232.8,152463807,,,,,,
2022-03-17,3613297,47.2244,48.9217,47.0447,47.9633,1.4377,3.09,8.5,174448770,,,71.547,2.0699,14.1279,118.8354,6594071668.32,151996574,,,,,,
2022-03-18,2179850,47.6038,48.2228,46.9449,47.9034,-0.0599,-0.12,5.09,103656843,,,71.4577,2.0673,14.1102,118.687,6585835941.84,148294656,,,,,,
2022-03-21,2678036,47.7037,49.4808,47.3243,48.9217,1.0183,2.13,6.27,130294829,,,72.9768,2.1113,14.4102,121.2102,6725843292,150266980,,,,,,
2022-03-22,4662170,48.7121,50.619,47.5339,49.5208,0.5991,1.22,10.87,230400180,700,34720,73.8704,2.1371,14.5866,122.6944,6808200556.8,161331624,,,,,,
2022-03-23,5505636,49.4509,51.4177,49.1214,50.3195,0.7987,1.61,12.9,277549749,,,75.0618,2.1716,14.8219,124.6733,6918010243.2,167875106,,,,,,
2022-03-24,4309608,49.5208,49.5208,47.2145,48.0232,-2.2963,-4.56,10.17,207215902,,,71.6364,2.0725,14.1455,118.9838,6602307394.8,170208306,,,,,,
2022-03-25,8512451,48.722,53.2248,48.0731,51.8171,3.7939,7.9,19.91,434700619,,,77.2958,2.2362,15.263,128.3838,7123903405.2,161920739,,,,,,
2022-03-28,9323946,51.8171,56.5096,50.9685,54.7125,2.8954,5.59,21.9,505093011,400,21920,81.6148,2.3612,16.1159,135.5575,7521963518.4,174579054,,,,,,
2022-03-29,6104655,54.2133,54.8123,52.5759,53.7939,-0.9186,-1.68,14.36,327672013,,,80.2446,2.3215,15.8453,133.2817,7395682379.04,182172518,,,,,,
2022-03-30,4776582,53.8938,53.9137,51.4177,52.3462,-1.4477,-2.69,11.24,249169509,200,10486,78.0851,2.259,15.4189,129.6949,7196652322.44,184368842,,,,,,
2022-03-31,5209945,51.5775,54.2432,50.9285,50.9984,-1.3478,-2.57,12.07,272704774,,,45.905,2.1374,14.0316,101.52,7011348476.64,186759134,,,,,,
2022-04-01,10101674,50.02,59.8842,49.2512,56.899,5.9006,11.57,23.86,555949593,700,39893,51.2162,2.3848,15.655,113.2659,7822567534.92,172130466,,,,,,
2022-04-06,8570130,56.2899,59.1953,55.9405,56.6693,-0.2297,-0.4,20.23,495390465,,,51.0095,2.3751,15.5919,112.8088,7790997250.08,175634970,,,,,,
2022-04-07,6452109,56.7192,58.4665,54.4928,56.9688,0.2995,0.53,15.18,366157637,2000,114120,51.2791,2.3877,15.6743,113.405,7832175882.48,184081741,,,,,,
2022-04-08,5973227,55.9704,56.3798,51.4277,51.8371,-5.1317,-9.01,13.92,318736485,1600,83072,46.6599,2.1726,14.2623,103.1894,7126648647.36,186871098,,,,,,
2022-04-11,4152728,50.9185,53.1849,48.9217,49.4109,-2.4262,-4.68,9.72,213178651,300,14847,44.476,2.0709,13.5948,98.3599,6793101724.92,181991760,,,,,,
2022-04-12,4254900,50.2196,51.7971,47.474,50.1697,0.7588,1.54,9.98,211174627,100,5025,45.159,2.1027,13.8036,99.8704,6897420927,183495939,,,,,,
2022-04-13,4652730,49.2412,49.8103,45.1677,45.1677,-5.002,-9.97,10.91,216645135,400,18096,40.6566,1.8931,12.4273,89.9131,6209737765.92,179279050,,,,,,
2022-04-14,2720380,45.3275,46.4856,44.9081,45.1178,-0.0499,-0.11,6.36,124188233,,,40.6117,1.891,12.4136,89.8138,6202874660.52,176311783,,,,,,
2022-04-15,3271357,44.9581,45.0779,42.6118,43.2208,-1.897,-4.2,7.72,142264587,,,38.9042,1.8115,11.8917,86.0376,5942076655.32,171394871,,,,,,
2022-04-18,1849072,42.6318,43.7899,41.5335,43.5204,0.2996,0.69,4.32,79442551,,,39.1738,1.824,11.9741,86.6338,5983255287.72,174200536,,,,,,
2022-04-19,3282183,43.4305,44.6186,42.3123,44.4089,0.8885,2.04,7.62,143496219,,,39.9736,1.8613,12.2186,88.4027,6105418563.84,174507487,,,,,,
2022-04-20,3028249,43.9297,44.7384,42.2624,42.3822,-2.0267,-4.56,7.1,131678507,300,12735,38.1493,1.7763,11.6609,84.3681,5826776484.6,176274212,,,,,,
2022-04-21,2824260,42.1426,43.3207,40.645,40.9345,-1.4477,-3.42,6.69,119259821,,,36.8462,1.7156,11.2626,81.4863,5627746428,175898541,,,,,,
2022-04-22,2512136,40.9445,41.6334,39.4868,39.5068,-1.4277,-3.49,5.82,100572948,,,35.5611,1.6558,10.8698,78.6442,5431461613.56,169674717,,,,,,
2022-04-25,4137593,39.5467,40.8446,38.2788,38.2788,-1.228,-3.11,9.75,164430701,,,34.4557,1.6043,10.5319,76.1996,5262629220.72,157889498,,,,,,
2022-04-26,3117021,38.5284,39.8363,37.8395,38.5284,0.2496,0.65,7.26,121552687,,,34.6804,1.6148,10.6006,76.6965,5296944747.72,155105649,,,,,,
2022-04-27,3752132,36.3419,39.3171,36.1621,39.2272,0.6988,1.81,8.84,141830137,,,35.3094,1.6441,10.7929,78.0877,5393028223.32,154355691,,,,,,
2022-04-28,3091121,38.5383,39.2073,36.4417,36.871,-2.3562,-6.01,7.22,115900214,,,33.1885,1.5453,10.1446,73.3973,5069089648.44,154354433,,,,,,
2022-04-29,5695349,37.4501,43.3107,37.4501,41.4736,4.6026,12.48,13.45,232361637,100,4154,37.3315,1.7382,11.411,82.5595,5701867966.32,150504061,,,,,,
2022-05-05,4285685,39.7963,41.5835,39.4369,41.5535,0.0799,0.19,10.02,173929560,,,37.4034,1.7416,11.4329,82.7185,5712848934.96,153135565,,,,,,
2022-05-06,3546802,40.1358,42.2823,39.9461,41.0044,-0.5491,-1.32,8.34,146455101,,,36.9091,1.7186,11.2819,81.6254,5637354775.56,160672713,,,,,,
2022-05-09,3324531,40.3554,42.3323,40.2456,41.5935,0.5891,1.44,7.83,138565520,,,37.4393,1.7433,11.4439,82.798,5718339419.28,169815529,,,,,,
2022-05-10,3258191,40.9345,42.8115,40.7947,42.2125,0.619,1.49,7.6,137304874,,,37.9965,1.7692,11.6142,84.0302,5803441926.24,166247138,,,,,,
2022-05-11,4929449,42.2125,45.1078,42.2125,42.4621,0.2496,0.59,11.62,214843323,600,25518,38.2212,1.7797,11.6829,84.5271,5837757453.24,159224685,,,,,,
2022-05-12,3618508,42.2125,43.9297,41.903,43.5004,1.0383,2.45,8.49,156196230,,,39.1558,1.8232,11.9686,86.5941,5980510045.56,158773601,,,,,,
2022-05-13,2909149,44.1494,44.1993,42.0128,42.6418,-0.8586,-1.97,6.84,124457012,,,38.3829,1.7872,11.7324,84.8848,5862464632.68,160008465,,,,,,
2022-05-16,3297832,43.111,43.8299,42.3323,42.9313,0.2895,0.68,7.8,142672034,,,38.6436,1.7993,11.812,85.4612,5902270644,154821536,,,,,,
2022-05-17,2600522,42.9313,43.4505,41.4637,42.7117,-0.2196,-0.51,6.14,110298195,,,38.4459,1.7901,11.7516,85.024,5872072980.24,152462076,,,,,,
2022-05-18,2501833,42.7316,43.73,42.0827,42.1625,-0.5492,-1.29,5.86,107452687,,,37.9516,1.7671,11.6005,83.9309,5796578820.84,153981406,,,,,,
2022-05-19,2114720,41.4936,42.5319,41.4237,42.2125,0.05,0.12,5,88671318,,,37.9965,1.7692,11.6142,84.0302,5803441926.24,149574837,,,,,,
2022-05-20,1995775,42.8415,43.2109,41.7831,42.4022,0.1897,0.45,4.67,84760325,,,38.1673,1.7772,11.6664,84.4079,5829521726.76,151673324,,,,,,
2022-05-23,5570528,45.6969,46.4856,43.3606,43.6701,1.2679,2.99,13.17,248006637,,,39.3086,1.8303,12.0153,86.9319,6003844603.92,165239624,,,,,,
2022-05-24,5032632,43.75,44.9081,39.8562,39.8862,-3.7839,-8.66,11.86,212064433,,,35.9026,1.6717,10.9742,79.3994,5483621214.6,162253009,,,,,,
2022-05-25,4210829,39.7464,42.5819,39.7464,41.9928,2.1066,5.28,9.89,174382588,,,37.7988,1.76,11.5538,83.593,5773244262.48,161524004,,,,,,
2022-05-26,4676414,41.9229,43.8299,41.3438,43.3806,1.3878,3.3,11,200519239,2000,86900,39.048,1.8182,11.9356,86.3556,5964038592.6,158840040,,,,,,
2022-05-27,3327786,42.9313,43.5803,42.0627,42.6418,-0.7388,-1.7,7.86,142773634,,,38.3829,1.7872,11.7324,84.8848,5862464632.68,157891746,,,,,,
2022-05-30,2711208,42.7316,43.6002,42.3123,43.141,0.4992,1.17,6.41,116716119,,,38.8323,1.8081,11.8697,85.8786,5931095686.68,159788033,,,,,,
2022-05-31,2594335,43.2708,43.4904,42.0827,43.4205,0.2795,0.65,6.08,111632945,,,39.0839,1.8198,11.9466,86.4351,5969529076.92,157699592,,,,,,
2022-06-01,4045376,42.9912,45.2077,42.9912,44.5288,1.1083,2.55,9.51,180058110,,,40.0815,1.8663,12.2515,88.6412,6121890016.8,153534392,,,,,,
2022-06-02,3413522,43.9796,45.1777,43.4305,44.349,-0.1798,-0.4,8.05,151359036,200,8884,39.9197,1.8588,12.2021,88.2834,6097182837.36,149910921,,,,,,
2022-06-06,2646762,44.1294,45.0679,43.5603,44.9681,0.6191,1.4,6.19,118427640,,,40.4769,1.8847,12.3724,89.5157,6182285344.32,148081296,,,,,,
2022-06-07,2556425,44.9381,45.1178,43.4305,44.1294,-0.8387,-1.87,6.05,112852421,,,39.722,1.8496,12.1417,87.8462,6066985173.6,152124784,,,,,,
2022-06-08,2202939,44.34,44.8,42.62,43.82,-0.3094,-0.7,5.2,96481417,,,39.3805,1.839,12.0373,87.0909,6014825572.56,148938934,,,,,,
2022-06-09,1959940,43.74,43.98,42.43,42.6,-1.22,-2.78,4.63,84396509,,,38.2841,1.7878,11.7021,84.6662,5847365800.8,147999595,,,,,,
2022-06-10,3731714,42.24,45.45,42.2,45.3,2.7,6.34,8.77,165469063,,,40.7105,1.9012,12.4438,90.0324,6217973492.4,140621377,,,,,,
2022-06-13,2632557,45.32,45.86,44.31,44.77,-0.53,-1.17,6.23,118285712,,,40.2342,1.8789,12.2982,88.979,6145224575.16,137180032,,,,,,
2022-06-14,2681460,44.17,44.4,42.08,43.45,-1.32,-2.95,6.3,115352329,1300,56485,39.048,1.8235,11.9356,86.3556,5964038592.6,146089685,,,,,,
2022-06-15,3364734,43.57,45.3,43.34,44.59,1.14,2.62,7.94,149857368,,,40.0725,1.8714,12.2488,88.6213,6120517395.72,147237604,,,,,,
2022-06-16,6069192,44.5,49.07,44.5,48.27,3.68,8.25,14.29,288872471,,,43.3796,2.0258,13.2597,95.9352,6625641953.16,142672560,,,,,,
2022-06-17,4149695,47.61,47.98,45.56,46.32,-1.95,-4.04,9.82,192727117,,,41.6272,1.944,12.724,92.0596,6357980842.56,147284150,,,,,,
2022-06-20,2837798,45.97,47.16,45.73,46.25,-0.07,-0.15,6.68,131429555,,,41.5643,1.941,12.7048,91.9205,6348372495,148781278,,,,,,
2022-06-21,4519579,46.15,47.8,45.35,46.96,0.71,1.54,10.66,211455621,,,42.2024,1.9708,12.8998,93.3316,6445828591.68,149068247,,,,,,
2022-06-22,3147676,46.9,47.1,44.7,44.8,-2.16,-4.6,7.41,144018355,,,40.2612,1.8802,12.3065,89.0387,6149342438.4,148300200,,,,,,
2022-06-23,2706016,44.92,45.38,43.6,44.93,0.13,0.29,6.37,120134560,100,4493,40.378,1.8856,12.3422,89.297,6167186512.44,151160214,,,,,,
2022-06-24,2407253,44.96,45.67,44.5,45.3,0.37,0.82,5.67,108504290,100,4530,40.7105,1.9012,12.4438,90.0324,6217973492.4,151052451,,,,,,
2022-06-27,3288219,45.31,47.45,45.31,46.1,0.8,1.77,7.77,152784079,,,41.4295,1.9347,12.6636,91.6224,6327783178.8,150888081,,,,,,
2022-06-28,3221417,45.55,47.09,45.1,46.69,0.59,1.28,7.6,149260607,1200,56028,41.9597,1.9595,12.8257,92.795,6408767822.52,150543944,,,,,,
2022-06-29,4879892,46.69,48.95,46.32,46.37,-0.32,-0.69,11.52,232306054,600,27822,41.6721,1.9461,12.7378,92.159,6364843947.96,162169889,,,,,,
2022-06-30,4289127,47,48.45,46.88,47.23,0.86,1.85,10.11,204182132,,,42.445,1.9821,12.974,93.8682,6482889360.84,159099922,,,,,,
2022-07-01,3000944,47.24,47.3,45.83,45.93,-1.3,-2.75,7.09,138810341,,,41.2767,1.9276,12.6169,91.2845,6304448620.44,167058662,,,,,,
2022-07-04,1888993,45.4,45.91,44.75,45.75,-0.18,-0.39,4.46,85824716,,,41.115,1.92,12.5674,90.9268,6279741441,165246333,,,,,,
2022-07-05,2487663,45.58,45.99,43.6,44.17,-1.58,-3.45,5.88,110721093,,,39.695,1.8537,12.1334,87.7866,6062867310.36,165721680,,,,,,
2022-07-06,1678559,44.68,44.68,43.05,43.27,-0.9,-2.04,3.92,73330070,,,38.8862,1.816,11.8862,85.9978,5939331413.16,164596429,,,,,,
2022-07-07,1867897,43.28,43.5,42.55,42.79,-0.48,-1.11,4.38,80010266,,,38.4548,1.7958,11.7543,85.0438,5873445601.32,160189410,,,,,,
2022-07-08,2317716,42.92,44.38,42.92,43.25,0.46,1.08,5.47,101283742,,,38.8682,1.8151,11.8807,85.9581,5936586171,157798488,,,,,,
2022-07-11,1817798,43.18,43.5,41.64,42.01,-1.24,-2.87,4.3,76983436,,,37.7539,1.7631,11.5401,83.4936,5766381157.08,157609542,,,,,,
2022-07-12,1651816,42.07,42.07,40.69,40.82,-1.19,-2.83,3.88,67928072,300,12246,36.6844,1.7131,11.2132,81.1285,5603039248.56,157536176,,,,,,
2022-07-13,1525142,40.95,41.59,40.82,41.16,0.34,0.83,3.61,62717300,130,5350,36.99,1.7274,11.3066,81.8043,5649708365.28,159366473,,,,,,
2022-07-14,1473051,41.06,41.8,40.68,41.21,0.05,0.12,3.47,60981265,,,37.0349,1.7295,11.3203,81.9036,5656571470.68,154523500,,,,,,
2022-07-15,2010182,41.21,41.56,39.97,40.46,-0.75,-1.82,4.74,81932013,,,36.3609,1.698,11.1143,80.413,5553624889.68,153804898,,,,,,
2022-07-18,1545384,40.54,41.74,40.5,41.64,1.18,2.92,3.63,64055480,600,24984,37.4213,1.7475,11.4384,82.7583,5715594177.12,155676095,,,,,,
2022-07-19,2119222,41.64,42.8,41.4,42.73,1.09,2.62,5,89559490,,,38.4009,1.7933,11.7378,84.9246,5865209874.84,155200116,,,,,,
2022-07-20,6783422,45,48.45,44.77,44.9,2.17,5.08,15.91,312745561,1200,53880,40.3511,1.8844,12.3339,89.2374,6163068649.2,158031383,,,,,,
2022-07-21,4432136,45.55,46.38,44.51,44.65,-0.25,-0.56,10.45,200563812,200,8930,40.1264,1.8739,12.2653,88.7405,6128753122.2,152093754,,,,,,
2022-07-22,3699938,44.67,46.5,43.77,43.99,-0.66,-1.48,8.65,166817737,100,4399,39.5333,1.8462,12.084,87.4288,6038160130.92,150729762,,,,,,
2022-07-25,1942747,44.12,45.1,43.8,44.09,0.1,0.23,4.52,86011758,,,39.6231,1.8504,12.1114,87.6276,6051886341.72,151665387,,,,,,
2022-07-26,2280374,44.33,45.19,43.9,45.13,1.04,2.36,5.35,101758106,,,40.5578,1.8886,12.3971,89.6945,6194638934.04,151134236,,,,,,
2022-07-27,1611529,44.72,45.17,44.36,44.72,-0.41,-0.91,3.79,71981843,1000,44720,40.1893,1.8715,12.2845,88.8797,6138361469.76,149648693,,,,,,
2022-07-28,2003741,44.73,45.4,44.5,44.53,-0.19,-0.42,4.7,90013678,,,40.0186,1.8635,12.2323,88.502,6112281669.24,147482918,,,,,,
2022-07-29,1751963,44.54,45.15,43.79,43.84,-0.69,-1.55,4.13,77552772,,,39.3985,1.8346,12.0428,87.1307,6017570814.72,147750805,,,,,,
2022-08-01,1854509,43.58,44.69,43.21,44.15,0.31,0.71,4.38,81673931,,,39.6771,1.8476,12.1279,87.7468,6060122068.2,145496979,,,,,,
2022-08-02,3189740,43.86,43.86,40.99,41.98,-2.17,-4.92,7.54,134058670,,,37.7269,1.7568,11.5318,83.434,5762263293.84,146001249,,,,,,
2022-08-03,1875020,41.9,43.2,41.5,41.6,-0.38,-0.91,4.41,79600766,,,37.3854,1.7409,11.4274,82.6788,5710103692.8,141998658,,,,,,
2022-08-04,1374510,42.38,42.75,41.58,42.37,0.77,1.85,3.21,57825388,,,38.0774,1.7731,11.639,84.2091,5815795515.96,142335873,,,,,,
2022-08-05,1567267,42.63,43.44,42.44,43.26,0.89,2.1,3.68,67480657,,,38.8772,1.8104,11.8834,85.978,5937958792.08,139877401,,,,,,
2022-08-08,1386770,43.17,43.43,42.73,43.1,-0.16,-0.37,3.27,59663536,,,38.7334,1.8037,11.8395,85.66,5915996854.8,137078244,,,,,,
2022-08-09,1363424,43.1,43.31,42.62,43.04,-0.06,-0.14,3.2,58481404,,,38.6795,1.8012,11.823,85.5407,5907761128.32,135912777,,,,,,
2022-08-10,1400522,42.8,43.26,42.31,42.88,-0.16,-0.37,3.29,59994530,,,38.5357,1.7945,11.7791,85.2227,5885799191.04,135971488,,,,,,
2022-08-11,2754024,42.96,44.99,42.96,44.99,2.11,4.92,6.43,122178355,500,22495,40.432,1.8828,12.3587,89.4163,6175422238.92,131403977,,,,,,
2022-08-12,2602064,44.7,46.16,44.6,45.52,0.53,1.18,6.09,118770366,,,40.9083,1.905,12.5043,90.4696,6248171156.16,127097312,,,,,,
2022-08-15,1752287,45.78,45.78,44.26,45.22,-0.3,-0.66,4.13,78576541,,,40.6387,1.8924,12.4218,89.8734,6206992523.76,130180341,,,,,,
2022-08-16,1292409,45.17,45.27,44.44,44.56,-0.66,-1.46,3.04,57782779,,,40.0455,1.8648,12.2405,88.5617,6116399532.48,131104719,,,,,,
2022-08-17,2750361,44.8,46.37,44.41,45.55,0.99,2.22,6.13,125501850,,,40.9352,1.9062,12.5125,90.5293,6252289019.4,129941454,,,,,,
2022-08-18,1504867,45.6,45.95,44.44,45,-0.55,-1.21,3.52,67482738,,,40.4409,1.8832,12.3614,89.4362,6176794860,130177579,,,,,,
2022-08-19,2609259,44.84,46.87,44.79,45.2,0.2,0.44,6.17,119975877,,,40.6207,1.8916,12.4164,89.8337,6204247281.6,131757992,,,,,,
2022-08-22,2574638,44.97,46.45,44.26,46.14,0.94,2.08,6.03,118042184,,,41.4654,1.9309,12.6746,91.7019,6333273663.12,134257307,,,,,,
2022-08-23,1685944,46.04,46.58,45,45.51,-0.63,-1.37,3.98,76891678,,,40.8993,1.9045,12.5015,90.4498,6246798535.08,135431042,,,,,,
2022-08-24,2094040,45.7,45.89,43.7,43.71,-1.8,-3.96,4.91,93093913,,,39.2816,1.8292,12.0071,86.8723,5999726740.68,137116411,,,,,,
2022-08-25,1458388,43.94,44.26,42.52,43.12,-0.59,-1.35,3.44,62871772,,,38.7514,1.8045,11.845,85.6997,5918742096.96,133632355,,,,,,
2022-08-26,1475885,43.3,44.88,42.7,42.95,-0.17,-0.39,3.47,64626191,,,61.2916,1.809,14.8931,127.8353,5895407538.6,134658948,,,,,,
2022-08-29,2890255,41.58,41.68,40.4,41.06,-1.89,-4.4,6.81,118320690,,,58.5945,1.7294,14.2377,122.21,5635982154.48,139320360,,,,,,
2022-08-30,2127160,41.39,42.65,40.92,41.32,0.26,0.63,5,88701893,,,58.9655,1.7404,14.3279,122.9839,5671670302.56,137095990,,,,,,
2022-08-31,2118982,41.16,42.25,40.3,40.58,-0.74,-1.79,4.95,87051014,,,57.9095,1.7092,14.0713,120.7813,5570096342.64,137163107,,,,,,
2022-09-01,2138490,40.62,41.11,39.41,39.71,-0.87,-2.14,4.95,85879474,,,56.668,1.6726,13.7696,118.1919,5450678308.68,138953184,,,,,,
2022-09-02,1763979,39.69,41.38,39.63,40.82,1.11,2.8,4.16,71768111,,,58.252,1.7193,14.1545,121.4957,5603039248.56,137440003,,,,,,
2022-09-05,1427080,40.85,41.25,39.8,40.24,-0.58,-1.42,3.36,57511331,,,57.4243,1.6949,13.9534,119.7694,5523427225.92,139925603,,,,,,
2022-09-06,1539664,39.9,40.86,39.51,40.62,0.38,0.94,3.63,61937716,,,57.9666,1.7109,14.0851,120.9004,5575586826.96,137270461,,,,,,
2022-09-07,1008280,40.47,40.47,39.88,40.08,-0.54,-1.33,2.38,40429937,100,4008,57.196,1.6881,13.8979,119.2931,5501465288.64,137247104,,,,,,
2022-09-08,1197134,40.1,40.67,39.76,40.12,0.04,0.1,2.78,47988856,1700,68204,57.2531,1.6898,13.9118,119.4122,5506955772.96,136381155,,,,,,
2022-09-09,1147664,40.12,40.39,39.53,40.22,0.1,0.25,2.71,45897916,2100,84462,57.3958,1.694,13.9464,119.7098,5520681983.76,137242264,,,,,,
2022-09-13,1202680,40.24,40.93,40.24,40.76,0.54,1.34,2.8,48812377,,,58.1664,1.7168,14.1337,121.3171,5594803522.08,136539332,,,,,,
2022-09-14,775742,39.91,40.43,39.7,40.18,-0.58,-1.42,1.83,31143016,,,57.3387,1.6923,13.9326,119.5908,5515191499.44,136223789,,,,,,
2022-09-15,1639806,40.01,40.94,39.51,40.8,0.62,1.54,3.86,65975212,500,20400,58.2235,1.699,14.1476,121.4361,5600294006.4,136016934,,,,,,
2022-09-16,1499567,40.45,41.57,39.8,39.8,-1,-2.45,3.53,61058362,,,56.7964,1.6573,13.8008,118.4598,5463031898.4,140195649,,,,,,
2022-09-19,2073039,39.61,40.28,37.59,39.95,0.15,0.38,4.89,79964361,,,57.0105,1.6636,13.8528,118.9062,5483621214.6,146504849,,,,,,
2022-09-20,1698062,39.76,41.13,39.76,40.8,0.85,2.13,3.97,68755641,,,58.2235,1.699,14.1476,121.4361,5600294006.4,150926680,,,,,,
2022-09-21,1007614,40.79,40.82,39.8,39.89,-0.91,-2.23,2.35,40367025,,,56.9249,1.6611,13.832,118.7276,5475385488.12,150501442,,,,,,
2022-09-22,1147104,39.54,40.13,38.79,38.8,-1.09,-2.73,2.66,45051603,,,55.3694,1.6111,13.454,115.4834,5325769790.4,150157805,,,,,,
2022-09-23,921700,38.65,39.24,37.78,38.2,-0.6,-1.55,2.16,35375770,,,54.5406,1.587,13.2527,113.7549,5246055965.6,149219107,,,,,,
2022-09-26,667348,37.98,38.29,37.51,37.69,-0.51,-1.34,1.56,25257937,300,11307,53.8125,1.5658,13.0757,112.2362,5176016998.52,148737496,,,,,,
2022-09-27,1590999,37.66,39.99,37.66,39.8,2.11,5.6,3.71,62261222,,,56.8251,1.6535,13.8078,118.5195,5465786058.4,148690154,,,,,,
2022-09-28,906608,40,40.14,38.4,38.44,-1.36,-3.42,2.15,35463422,,,54.8833,1.597,13.3359,114.4696,5279015479.52,149291102,,,,,,
2022-09-29,807659,39.24,39.24,37.83,37.87,-0.57,-1.48,1.87,30978237,,,54.0695,1.5733,13.1382,112.7722,5200736633.96,147560169,,,,,,
2022-09-30,602280,37.99,38.19,37.18,37.28,-0.59,-1.56,1.39,22731740,,,53.227,1.575,12.93349756619224,111.01523365964222,5119711162,147296090,,,,,,
2022-10-10,824701,37.45,37.52,35.89,36.02,-1.26,-3.38,1.93,30156096,,,51.4281,1.4964,12.4964,107.2631,4946673714.16,147066248,,,,,,
2022-10-11,660900,36.02,36.36,35.35,36.01,-0.01,-0.03,1.53,23708583,,,51.4138,1.496,12.4929,107.2333,4945300401.08,144881991,,,,,,
2022-10-12,853981,36.02,36.61,35.19,36.61,0.6,1.67,1.98,30622770,,,52.2705,1.5209,12.7011,109.0201,5027699185.88,146557763,,,,,,
2022-10-13,817365,36.46,37.36,36.45,36.92,0.31,0.85,1.94,30260522,,,52.7131,1.5338,12.8086,109.9432,5070271891.36,146822831,,,,,,
2022-10-14,757275,37.25,37.73,37.05,37.4,0.48,1.3,1.75,28370781,,,53.3984,1.5538,12.9751,111.3726,5136190919.2,146495529,,,,,,
2022-10-17,1027359,37.3,38.36,37.3,38.2,0.8,2.14,2.43,39117496,,,54.5406,1.587,13.2527,113.7549,5246055965.6,153139486,,,,,,
2022-10-18,735700,38.35,38.54,37.81,37.95,-0.25,-0.65,1.72,28008932,,,54.1837,1.5766,13.1659,113.0104,5211723138.6,153654119,,,,,,
2022-10-19,817792,37.95,37.95,37.34,37.45,-0.5,-1.32,1.93,30706767,,,53.4698,1.5558,12.9925,111.5215,5143057484.6,155321977,,,,,,
2022-10-20,2347731,37.58,40.38,37.09,40.06,2.61,6.97,5.53,91729623,2000,80120,132.4245,1.6971,14.1266,35.8945,5501492198.48,156859812,,,,,,
2022-10-21,2637856,39.7,41.82,39.08,41.08,1.02,2.55,6.19,106947870,100,4108,135.7963,1.7403,14.4862,36.8085,5641570132.64,154966404,,,,,,
2022-10-24,2171217,42.1,42.1,38.72,38.91,-2.17,-5.28,5.13,86945496,,,128.623,1.6484,13.721,34.8641,5343561194.28,163886349,,,,,,
2022-10-25,1411554,38.76,40.42,38.34,39.71,0.8,2.06,3.33,55614528,200,7942,131.2675,1.6823,14.0031,35.5809,5453426240.68,164396582,,,,,,
2022-10-26,1794200,39.98,40.78,39.51,39.88,0.17,0.43,4.24,72227705,,,131.8295,1.6895,14.0631,35.7332,5476772563.04,149598169,,,,,,
2022-10-27,1260750,39.88,40.35,38.9,39.03,-0.85,-2.13,2.94,49940641,,,129.0197,1.6535,13.7633,34.9716,5360040951.24,148400352,,,,,,
2022-10-28,2306880,38.7,41.45,38.65,40.06,1.03,2.64,5.39,92739667,1000,40060,132.4245,1.6971,14.1266,35.8945,5501492198.48,148008632,,,,,,
2022-10-31,1251172,40.1,41.4,39.38,40.5,0.44,1.1,2.94,50729615,2000,81000,133.879,1.7158,14.2817,36.2888,5561917974,146832406,,,,,,
2022-11-01,3174701,41.3,43.29,39.95,43.05,2.55,6.3,7.49,132563140,100,4305,142.3084,1.8238,15.1809,38.5736,5912112809.4,145054817,,,,,,
2022-11-02,8399323,51,51.66,48,51.66,8.61,20,20.02,430496250,2400,123984,170.7701,2.1886,18.2171,46.2883,7094535371.28,129411849,,,,,,
2022-11-03,7172579,49,52.3,48.8,49.11,-2.55,-4.94,16.73,360088332,200,9822,162.3407,2.0805,17.3179,44.0035,6744340535.88,142061622,,,,,,
2022-11-04,7412865,48.15,56.46,48.15,53.72,4.61,9.39,17.48,386893699,1900,102068,177.5797,2.2758,18.9435,48.1341,7377437865.76,140465033,,,,,,
2022-11-07,5644121,53.57,58.82,52.12,58.81,5.09,9.48,13.2,317760553,100,5881,194.4055,2.4915,20.7385,52.6949,8076454223.48,151668993,,,,,,
2022-11-08,5467201,59,59.1,54.94,57.02,-1.79,-3.04,12.79,310426961,4000,228080,188.4884,2.4156,20.1072,51.091,7830631182.16,126147010,,,,,,
2022-11-09,2746929,57.16,57.5,55.7,55.87,-1.15,-2.02,6.32,155200941,,,184.6869,2.3669,19.7017,50.0606,7672700177.96,123025100,,,,,,
2022-11-10,3449155,54.93,56.8,54.5,54.76,-1.11,-1.99,8.03,192092966,,,181.0176,2.3199,19.3103,49.066,7520262426.08,116687000,,,,,,
2022-11-11,3814039,56.73,57.36,53.5,54,-0.76,-1.39,9,211176188,,,178.5053,2.2877,19.0423,48.385,7415890632,119061308,,,,,,
2022-11-14,3128510,53.35,55.11,51.89,52.57,-1.43,-2.65,7.39,166349147,,,173.7782,2.2271,18.538,47.1037,7219506861.56,121621354,,,,,,
2022-11-15,3202489,52.66,55.2,52.66,54.51,1.94,3.69,7.57,173205313,300,16353,180.1912,2.3093,19.2221,48.842,7485929599.08,120464155,,,,,,
2022-11-16,2620462,54.7,56.88,54.5,55.43,0.92,1.69,6.17,145715585,,,183.2324,2.3483,19.5465,49.6663,7612274402.44,121807162,,,,,,
2022-11-17,1692731,55.08,55.87,53.5,54.42,-1.01,-1.82,3.99,91731268,,,179.8937,2.3055,19.1904,48.7613,7473569781.36,119062228,,,,,,
2022-11-18,1507769,54.6,55.8,54.1,54.15,-0.27,-0.5,3.56,82473506,,,179.0011,2.2941,19.0952,48.5194,7436490328.2,118262911,,,,,,
2022-11-21,2692484,55.67,56.9,52.49,53.1,-1.05,-1.94,6.37,146174547,,,175.5302,2.2496,18.7249,47.5786,7292292454.8,117374027,,,,,,
2022-11-22,2072347,51.88,53.58,51.72,52.29,-0.81,-1.53,4.91,108699424,,,172.8526,2.2153,18.4393,46.8528,7181054095.32,110507422,,,,,,
2022-11-23,1862138,52.12,52.61,50.25,50.9,-1.39,-2.66,4.38,94946312,,,168.2578,2.1564,17.9491,45.6074,6990163577.2,109991417,,,,,,
2022-11-24,1031810,50.66,51.69,50.66,51.13,0.23,0.45,2.42,52811244,,,169.0181,2.1661,18.0302,45.8134,7021749778.04,108872985,,,,,,
2022-11-25,1057218,50.97,51.22,50.08,50.41,-0.72,-1.41,2.51,53331952,300,15123,166.638,2.1356,17.7763,45.1683,6922871236.28,108743203,,,,,,
2022-11-28,964590,50.2,51.5,49.63,50.02,-0.39,-0.77,2.28,48486244,,,165.3488,2.1191,17.6388,44.8189,6869312026.16,110549091,,,,,,
2022-11-29,1849487,50.16,52.5,50.02,51.99,1.97,3.94,4.35,95141383,400,20796,171.8609,2.2025,18.3335,46.584,7139854702.92,115080039,,,,,,
2022-11-30,1398426,51.9,52.18,49.77,49.98,-2.01,-3.87,3.28,70785330,,,165.2166,2.1174,17.6247,44.783,6863818773.84,112818865,,,,,,
2022-12-01,1809257,51,52.8,51,52.1,2.12,4.24,4.27,94060794,300,15630,172.2246,2.2072,18.3723,46.6826,7154961146.8,111447523,,,,,,
2022-12-02,1197885,51.62,52.68,51.37,51.89,-0.21,-0.4,2.83,62291381,100,5189,171.5304,2.1983,18.2982,46.4944,7126121572.12,110759619,,,,,,
2022-12-05,1233499,52.23,52.48,50.7,51.91,0.02,0.04,2.91,63718360,,,171.5965,2.1992,18.3053,46.5123,7128868198.28,111810514,,,,,,
2022-12-06,918173,51.86,52.2,51.41,51.5,-0.41,-0.79,2.18,47534484,,,170.2412,2.1818,18.1607,46.145,7072562362,113411253,,,,,,
2022-12-07,1659297,51.14,53.5,51.05,53.46,1.96,3.81,3.84,87205872,200,10692,176.7202,2.2648,18.8519,47.9012,7341731725.68,113020385,,,,,,
2022-12-08,1776193,53.05,53.13,51.02,51.85,-1.61,-3.01,4.21,92294787,,,171.3981,2.1966,18.2841,46.4586,7120628319.8,110642744,,,,,,
2022-12-09,1214449,52.52,52.52,50.4,51.32,-0.53,-1.02,2.86,62234408,,,169.6461,2.1742,18.0972,45.9837,7047842726.56,106399861,,,,,,
2022-12-12,1777085,50.65,51.88,48.99,49.01,-2.31,-4.5,4.19,88944759,,,162.0101,2.0763,17.2826,43.9139,6730607405.08,105417808,,,,,,
2022-12-13,1100564,49.26,50.58,48.64,48.7,-0.31,-0.63,2.6,54304301,,,160.9853,2.0632,17.1733,43.6361,6688034699.6,106266928,,,,,,
2022-12-14,2272733,48.84,52.18,48.5,51.53,2.83,5.81,5.37,116256440,,,170.3403,2.1831,18.1713,46.1719,7076682301.24,103340131,,,,,,
2022-12-15,1606900,51.36,53.55,50.88,52.5,0.97,1.88,3.77,84394946,,,173.5468,2.2242,18.5133,47.041,7209893670,104086487,,,,,,
2022-12-16,1007003,52.11,52.49,50.2,50.29,-2.21,-4.21,2.35,51070992,,,166.2413,2.1305,17.734,45.0608,6906391479.32,104305191,,,,,,
2022-12-19,912485,50.1,50.5,48.75,49.31,-0.98,-1.95,2.17,45039975,,,163.0018,2.089,17.3884,44.1827,6771806797.48,105411597,,,,,,
2022-12-20,795996,49.06,49.61,47.45,47.49,-1.82,-3.69,1.84,38440613,,,156.9855,2.0119,16.7466,42.5519,6521863816.92,107647823,,,,,,
2022-12-21,544476,47.92,48.08,46.9,47.45,-0.04,-0.08,1.28,25827862,,,156.8533,2.0102,16.7325,42.5161,6516370564.6,107767202,,,,,,
2022-12-22,922786,47.42,49.4,47.42,47.52,0.07,0.15,2.18,44498310,,,157.0847,2.0132,16.7572,42.5788,6525983756.16,107178978,,,,,,
2022-12-23,909910,47.43,49.52,47.43,48.98,1.46,3.07,2.15,44364478,,,161.9109,2.075,17.2721,43.887,6726487465.84,105585114,,,,,,
2022-12-26,833890,48.24,50.58,48,49.74,0.76,1.55,1.98,41523428,,,164.4232,2.1072,17.5401,44.568,6830859259.92,105202015,,,,,,
2022-12-27,790883,49.99,50.36,48.7,49.78,0.04,0.08,1.88,39176236,,,164.5554,2.1089,17.5542,44.6038,6836352512.24,104768622,,,,,,
2022-12-28,1609129,49.35,52.48,48.85,51.51,1.73,3.48,3.8,82499650,,,170.2742,2.1822,18.1642,46.1539,7073935675.08,107494388,,,,,,
2022-12-29,1366283,51.52,51.89,49.5,49.75,-1.76,-3.42,3.24,68938604,,,164.4563,2.1076,17.5436,44.5769,6832232573,107169132,,,,,,
2022-12-30,1565578,49.74,52.3,49.6,52.03,2.28,4.58,3.69,80885680,200,10406,171.9932,2.2042,18.3476,46.6199,7145347955.24,107385254,,,,,,
2023-01-03,1590476,52.69,53.96,51.25,52.16,0.13,0.25,3.77,83205516,,,172.4229,2.2097,18.3934,46.7363,7163201025.28,109674407,,,,,,
2023-01-04,1444180,52,53.83,51.7,53.12,0.96,1.84,3.43,76203767,100,5312,175.5963,2.2504,18.732,47.5965,7295039080.96,106546762,,,,,,
2023-01-05,1958771,52.89,54.63,52.32,53.14,0.02,0.04,4.65,104859345,,,175.6624,2.2513,18.739,47.6144,7297785707.12,109338841,,,,,,
2023-01-06,1563544,52.66,53.36,51.2,51.76,-1.38,-2.6,3.72,81511855,,,171.1006,2.1928,18.2524,46.3779,7108268502.08,106614000,,,,,,
2023-01-09,932900,51.48,52.25,51.48,51.78,0.02,0.04,2.2,48435098,,,171.1668,2.1937,18.2594,46.3959,7111015128.24,106643283,,,,,,
2023-01-10,1129898,51.72,53.48,51.05,52.6,0.82,1.58,2.67,58972361,,,173.8774,2.2284,18.5486,47.1306,7223626800.8,103747553,,,,,,
2023-01-11,1007800,52.65,52.81,51.7,51.98,-0.62,-1.18,2.39,52701933,,,171.8279,2.2021,18.33,46.5751,7138481389.84,102758355,,,,,,
2023-01-12,918192,51.8,52.38,51.15,51.58,-0.4,-0.77,2.18,47297285,,,170.5056,2.1852,18.1889,46.2167,7083548866.64,103893822,,,,,,
2023-01-13,688885,51.58,52.34,51.11,51.5,-0.08,-0.16,1.64,35584370,,,170.2412,2.1818,18.1607,46.145,7072562362,103709577,,,,,,
2023-01-16,1399815,51.49,53.4,51,52.37,0.87,1.69,3.32,73443406,1000,52370,173.1171,2.2186,18.4675,46.9245,7192040599.96,98873547,,,,,,
2023-01-17,1180034,52.84,53,51.12,51.58,-0.79,-1.51,2.8,61192163,,,170.5056,2.1852,18.1889,46.2167,7083548866.64,106704898,,,,,,
2023-01-18,749808,51.75,52.99,51.27,52.15,0.57,1.11,1.77,39086766,,,172.3898,2.2093,18.3899,46.7274,7161827712.2,106674397,,,,,,
2023-01-19,767422,52.3,52.3,50.89,51.67,-0.48,-0.92,1.8,39443261,,,170.8031,2.189,18.2206,46.2973,7095908684.36,106232792,,,,,,
2023-01-20,526906,51.72,52.28,51.25,51.62,-0.05,-0.1,1.21,27207205,,,170.638,2.187,18.203008966050177,46.25249560124091,7089042119,105672524,,,,,,
2023-01-30,2467375,52.1,55.82,52.1,54.93,3.31,6.41,5.84,134455867,,,181.5796,2.3271,19.3702,49.2183,7543608748.44,102412347,,,,,,
2023-01-31,1451384,55.3,55.47,53.13,54.14,-0.79,-1.44,3.42,78781225,,,178.9681,2.2936,19.0916,48.5105,7435117015.12,102991603,,,,,,
2023-02-01,1078272,54.7,55.58,54.08,54.86,0.72,1.33,2.54,59108461,,,181.3482,2.3241,19.3455,49.1556,7533995556.88,103284888,,,,,,
2023-02-02,1976428,55.1,57.9,53.76,54.19,-0.67,-1.22,4.69,109705653,,,179.1334,2.2957,19.1093,48.5553,7441983580.52,104352481,,,,,,
2023-02-03,1586872,54.16,55.43,53.66,54.21,0.02,0.04,3.76,86059933,,,179.1995,2.2966,19.1163,48.5732,7444730206.68,105575497,,,,,,
2023-02-06,881750,53.7,54.22,53.03,53.36,-0.85,-1.57,2.04,47212016,,,176.3897,2.2606,18.8166,47.8116,7327998594.88,107029500,,,,,,
2023-02-07,1177884,53.37,54.23,52.56,54.04,0.68,1.27,2.79,63141877,,,178.6375,2.2894,19.0564,48.4209,7421383884.32,108491279,,,,,,
2023-02-08,1127433,54.08,54.5,52.29,52.43,-1.61,-2.98,2.66,59947900,,,173.3154,2.2212,18.4886,46.9783,7200280478.44,111493614,,,,,,
2023-02-09,1165372,52.31,54.06,51.8,53.92,1.49,2.84,2.77,61930268,,,178.2408,2.2843,19.0141,48.3133,7404904127.36,105598126,,,,,,
2023-02-10,826734,53.74,54.88,53.15,53.42,-0.5,-0.93,1.95,44605904,,,176.588,2.2631,18.8378,47.8653,7336238473.36,103954081,,,,,,
2023-02-13,965986,53.43,53.78,52.76,53.22,-0.2,-0.37,2.29,51403087,,,175.9269,2.2547,18.7672,47.6861,7308772211.76,106564619,,,,,,
2023-02-14,2313357,53.24,56.76,53.23,54.85,1.63,3.06,5.49,128665629,,,181.3151,2.3237,19.342,49.1466,7532622243.8,105929916,,,,,,
2023-02-15,1866450,54.85,57.26,54.54,56.75,1.9,3.46,4.4,105164989,,,187.5958,2.4042,20.012,50.8491,7793551729,108426235,,,,,,
2023-02-16,1869875,56.78,57.93,55,55.31,-1.44,-2.54,4.42,106248181,,,182.8357,2.3432,19.5042,49.5588,7595794645.48,107212390,,,,,,
2023-02-17,1921407,56.06,57.18,54.5,54.97,-0.34,-0.61,4.55,106819373,,,181.7118,2.3288,19.3843,49.2542,7549102000.76,112416179,,,,,,
2023-02-20,2892042,55.02,59.42,54.45,58.85,3.88,7.06,6.82,166603666,,,194.5377,2.4932,20.7526,52.7307,8081947475.8,109260446,,,,,,
2023-02-21,1567793,59.01,59.74,57.18,58.1,-0.75,-1.27,3.66,91373934,,,192.0585,2.4614,20.4881,52.0587,7978948994.8,113773120,,,,,,
2023-02-22,960470,57.63,58.2,57,57.3,-0.8,-1.38,2.28,55148977,,,189.414,2.4275,20.206,51.3419,7869083948.4,116553372,,,,,,
2023-02-23,1085630,57.3,57.65,55.59,56.2,-1.1,-1.92,2.55,61091619,,,185.7777,2.3809,19.8181,50.3563,7718019509.6,117930887,,,,,,
2023-02-24,1014630,56.59,57.23,55.69,56.47,0.27,0.48,2.39,57366802,,,186.6703,2.3923,19.9133,50.5982,7755098962.76,120666013,,,,,,
2023-02-27,1529900,56.51,56.85,53.36,54.44,-2.03,-3.59,3.63,83340294,,,179.9598,2.3063,19.1974,48.7793,7476316407.52,117606922,,,,,,
2023-02-28,1107237,54.5,55.88,54.06,54.74,0.3,0.55,2.64,60665763,,,180.9515,2.319,19.3032,49.0481,7517515799.92,116082934,,,,,,
2023-03-01,981123,54.8,55.04,54.21,54.81,0.07,0.13,2.34,53703141,,,181.1829,2.322,19.3279,49.1108,7527128991.48,117686582,,,,,,
2023-03-02,1544718,54.82,56.18,54.8,55.44,0.63,1.15,3.68,85600709,,,183.2654,2.3487,19.5501,49.6753,7613647715.52,117740397,,,,,,
2023-03-03,1077700,55.43,55.88,54,55.27,-0.17,-0.31,2.57,59117775,,,182.7035,2.3415,19.4901,49.523,7590301393.16,117600596,,,,,,
2023-03-06,1129520,55.28,55.68,54.5,55.28,0.01,0.02,2.69,62179034,,,182.7365,2.3419,19.4937,49.5319,7591674706.24,115013481,,,,,,
2023-03-07,853695,55.35,55.5,53.78,53.81,-1.47,-2.66,2.04,46365961,,,177.8772,2.2797,18.9753,48.2148,7389797683.48,114680459,,,,,,
2023-03-08,712129,53.59,54.26,53.19,53.64,-0.17,-0.32,1.7,38176902,,,177.3153,2.2724,18.9153,48.0625,7366451361.12,115257955,,,,,,
2023-03-09,803973,53.9,55.18,53.21,54.6,0.96,1.79,1.92,43579967,,,180.4887,2.3131,19.2539,48.9226,7498289416.8,116840261,,,,,,
2023-03-10,691140,54,54.69,53.1,53.12,-1.48,-2.71,1.65,37153144,,,175.5963,2.2504,18.732,47.5965,7295039080.96,,,,,,,
